"celda","x","y","sesgo_medio","n"
30,-76.0749984513968,4.97499932907522,NA,0
67,-76.0749984513968,4.92499932833016,NA,0
68,-76.0249984506518,4.92499932833016,NA,0
103,-76.1249984521419,4.8749993275851,NA,0
104,-76.0749984513968,4.8749993275851,NA,0
105,-76.0249984506518,4.8749993275851,NA,0
138,-76.224998453632,4.82499932684005,0.216993698706994,52
139,-76.1749984528869,4.82499932684005,NA,0
140,-76.1249984521419,4.82499932684005,NA,0
141,-76.0749984513968,4.82499932684005,NA,0
142,-76.0249984506518,4.82499932684005,NA,0
143,-75.9749984499067,4.82499932684005,NA,0
144,-75.9249984491616,4.82499932684005,NA,0
175,-76.224998453632,4.77499932609499,0.21987405190101,52
176,-76.1749984528869,4.77499932609499,NA,0
177,-76.1249984521419,4.77499932609499,NA,0
178,-76.0749984513968,4.77499932609499,NA,0
179,-76.0249984506518,4.77499932609499,NA,0
180,-75.9749984499067,4.77499932609499,NA,0
211,-76.2749984543771,4.72499932534993,-0.129300447610708,52
212,-76.224998453632,4.72499932534993,0.22275396493765,52
213,-76.1749984528869,4.72499932534993,NA,0
214,-76.1249984521419,4.72499932534993,NA,0
215,-76.0749984513968,4.72499932534993,NA,0
216,-76.0249984506518,4.72499932534993,NA,0
217,-75.9749984499067,4.72499932534993,NA,0
218,-75.9249984491616,4.72499932534993,NA,0
219,-75.8749984484166,4.72499932534993,NA,0
220,-75.8249984476715,4.72499932534993,NA,0
248,-76.2749984543771,4.67499932460487,-0.129042111910306,52
249,-76.224998453632,4.67499932460487,0.22563439149123,52
250,-76.1749984528869,4.67499932460487,NA,0
251,-76.1249984521419,4.67499932460487,NA,0
252,-76.0749984513968,4.67499932460487,NA,0
253,-76.0249984506518,4.67499932460487,NA,0
254,-75.9749984499067,4.67499932460487,NA,0
255,-75.9249984491616,4.67499932460487,NA,0
256,-75.8749984484166,4.67499932460487,NA,0
257,-75.8249984476715,4.67499932460487,NA,0
258,-75.7749984469265,4.67499932460487,NA,0
259,-75.7249984461814,4.67499932460487,NA,0
285,-76.2749984543771,4.62499932385981,-0.128783886249249,52
286,-76.224998453632,4.62499932385981,0.228514524606558,52
287,-76.1749984528869,4.62499932385981,NA,0
288,-76.1249984521419,4.62499932385981,NA,0
289,-76.0749984513968,4.62499932385981,NA,0
290,-76.0249984506518,4.62499932385981,NA,0
291,-75.9749984499067,4.62499932385981,NA,0
292,-75.9249984491616,4.62499932385981,NA,0
293,-75.8749984484166,4.62499932385981,NA,0
321,-76.3249984551221,4.57499932311476,NA,0
322,-76.2749984543771,4.57499932311476,-0.128525550548847,52
323,-76.224998453632,4.57499932311476,0.231394657721886,52
324,-76.1749984528869,4.57499932311476,NA,0
325,-76.1249984521419,4.57499932311476,NA,0
326,-76.0749984513968,4.57499932311476,NA,0
327,-76.0249984506518,4.57499932311476,NA,0
328,-75.9749984499067,4.57499932311476,NA,0
329,-75.9249984491616,4.57499932311476,NA,0
330,-75.8749984484166,4.57499932311476,NA,0
358,-76.3249984551221,4.5249993223697,NA,0
359,-76.2749984543771,4.5249993223697,-0.128267434927133,52
360,-76.224998453632,4.5249993223697,0.234275010915903,52
361,-76.1749984528869,4.5249993223697,NA,0
362,-76.1249984521419,4.5249993223697,NA,0
363,-76.0749984513968,4.5249993223697,NA,0
364,-76.0249984506518,4.5249993223697,NA,0
365,-75.9749984499067,4.5249993223697,NA,0
366,-75.9249984491616,4.5249993223697,NA,0
367,-75.8749984484166,4.5249993223697,NA,0
394,-76.3749984558672,4.47499932162464,NA,0
395,-76.3249984551221,4.47499932162464,NA,0
396,-76.2749984543771,4.47499932162464,-0.132907610673171,52
397,-76.224998453632,4.47499932162464,0.226890600644625,52
398,-76.1749984528869,4.47499932162464,NA,0
399,-76.1249984521419,4.47499932162464,NA,0
400,-76.0749984513968,4.47499932162464,NA,0
401,-76.0249984506518,4.47499932162464,NA,0
402,-75.9749984499067,4.47499932162464,NA,0
403,-75.9249984491616,4.47499932162464,NA,0
404,-75.8749984484166,4.47499932162464,NA,0
430,-76.4249984566122,4.42499932087958,NA,0
431,-76.3749984558672,4.42499932087958,NA,0
432,-76.3249984551221,4.42499932087958,NA,0
433,-76.2749984543771,4.42499932087958,-0.142445931067834,52
434,-76.224998453632,4.42499932087958,0.209242637340839,52
435,-76.1749984528869,4.42499932087958,NA,0
436,-76.1249984521419,4.42499932087958,NA,0
437,-76.0749984513968,4.42499932087958,NA,0
438,-76.0249984506518,4.42499932087958,NA,0
439,-75.9749984499067,4.42499932087958,NA,0
440,-75.9249984491616,4.42499932087958,NA,0
465,-76.5249984581023,4.37499932013452,NA,0
466,-76.4749984573573,4.37499932013452,NA,0
467,-76.4249984566122,4.37499932013452,NA,0
468,-76.3749984558672,4.37499932013452,NA,0
469,-76.3249984551221,4.37499932013452,NA,0
470,-76.2749984543771,4.37499932013452,-0.15198436150184,52
471,-76.224998453632,4.37499932013452,0.191594160520113,52
472,-76.1749984528869,4.37499932013452,NA,0
473,-76.1249984521419,4.37499932013452,NA,0
474,-76.0749984513968,4.37499932013452,NA,0
475,-76.0249984506518,4.37499932013452,NA,0
476,-75.9749984499067,4.37499932013452,NA,0
477,-75.9249984491616,4.37499932013452,NA,0
478,-75.8749984484166,4.37499932013452,NA,0
479,-75.8249984476715,4.37499932013452,NA,0
502,-76.5249984581023,4.32499931938946,NA,0
503,-76.4749984573573,4.32499931938946,NA,0
504,-76.4249984566122,4.32499931938946,NA,0
505,-76.3749984558672,4.32499931938946,NA,0
506,-76.3249984551221,4.32499931938946,NA,0
507,-76.2749984543771,4.32499931938946,-0.161522938654973,52
508,-76.224998453632,4.32499931938946,0.173945757058951,52
509,-76.1749984528869,4.32499931938946,NA,0
510,-76.1249984521419,4.32499931938946,NA,0
511,-76.0749984513968,4.32499931938946,NA,0
512,-76.0249984506518,4.32499931938946,NA,0
513,-75.9749984499067,4.32499931938946,NA,0
514,-75.9249984491616,4.32499931938946,NA,0
515,-75.8749984484166,4.32499931938946,NA,0
516,-75.8249984476715,4.32499931938946,NA,0
539,-76.5249984581023,4.27499931864441,NA,0
540,-76.4749984573573,4.27499931864441,NA,0
541,-76.4249984566122,4.27499931864441,NA,0
542,-76.3749984558672,4.27499931864441,NA,0
543,-76.3249984551221,4.27499931864441,NA,0
544,-76.2749984543771,4.27499931864441,-0.171061295729417,52
545,-76.224998453632,4.27499931864441,0.156297536996695,52
546,-76.1749984528869,4.27499931864441,NA,0
547,-76.1249984521419,4.27499931864441,NA,0
548,-76.0749984513968,4.27499931864441,NA,0
549,-76.0249984506518,4.27499931864441,NA,0
550,-75.9749984499067,4.27499931864441,NA,0
551,-75.9249984491616,4.27499931864441,NA,0
552,-75.8749984484166,4.27499931864441,NA,0
553,-75.8249984476715,4.27499931864441,NA,0
561,-77.2749984692782,4.22499931789935,NA,0
578,-76.4249984566122,4.22499931789935,NA,0
579,-76.3749984558672,4.22499931789935,NA,0
580,-76.3249984551221,4.22499931789935,NA,0
581,-76.2749984543771,4.22499931789935,-0.180599506084736,52
582,-76.224998453632,4.22499931789935,0.138649647052471,52
583,-76.1749984528869,4.22499931789935,NA,0
584,-76.1249984521419,4.22499931789935,NA,0
585,-76.0749984513968,4.22499931789935,NA,0
586,-76.0249984506518,4.22499931789935,NA,0
587,-75.9749984499067,4.22499931789935,NA,0
588,-75.9249984491616,4.22499931789935,NA,0
589,-75.8749984484166,4.22499931789935,NA,0
590,-75.8249984476715,4.22499931789935,NA,0
596,-77.3749984707683,4.17499931715429,NA,0
597,-77.3249984700232,4.17499931715429,NA,0
598,-77.2749984692782,4.17499931715429,NA,0
600,-77.1749984677881,4.17499931715429,NA,0
615,-76.4249984566122,4.17499931715429,NA,0
616,-76.3749984558672,4.17499931715429,NA,0
617,-76.3249984551221,4.17499931715429,NA,0
618,-76.2749984543771,4.17499931715429,-0.190137899838961,52
619,-76.224998453632,4.17499931715429,0.121001243591309,52
620,-76.1749984528869,4.17499931715429,NA,0
621,-76.1249984521419,4.17499931715429,NA,0
622,-76.0749984513968,4.17499931715429,NA,0
623,-76.0249984506518,4.17499931715429,NA,0
624,-75.9749984499067,4.17499931715429,NA,0
625,-75.9249984491616,4.17499931715429,NA,0
626,-75.8749984484166,4.17499931715429,NA,0
632,-77.4249984715133,4.12499931640923,NA,0
633,-77.3749984707683,4.12499931640923,NA,0
634,-77.3249984700232,4.12499931640923,NA,0
635,-77.2749984692782,4.12499931640923,NA,0
636,-77.2249984685331,4.12499931640923,NA,0
637,-77.1749984677881,4.12499931640923,NA,0
638,-77.124998467043,4.12499931640923,NA,0
652,-76.4249984566122,4.12499931640923,NA,0
653,-76.3749984558672,4.12499931640923,NA,0
654,-76.3249984551221,4.12499931640923,NA,0
655,-76.2749984543771,4.12499931640923,-0.199676476992094,52
656,-76.224998453632,4.12499931640923,0.103352766770583,52
657,-76.1749984528869,4.12499931640923,NA,0
658,-76.1249984521419,4.12499931640923,NA,0
659,-76.0749984513968,4.12499931640923,NA,0
660,-76.0249984506518,4.12499931640923,NA,0
661,-75.9749984499067,4.12499931640923,NA,0
662,-75.9249984491616,4.12499931640923,NA,0
663,-75.8749984484166,4.12499931640923,NA,0
669,-77.4249984715133,4.07499931566417,NA,0
670,-77.3749984707683,4.07499931566417,NA,0
671,-77.3249984700232,4.07499931566417,NA,0
672,-77.2749984692782,4.07499931566417,NA,0
673,-77.2249984685331,4.07499931566417,NA,0
674,-77.1749984677881,4.07499931566417,NA,0
675,-77.124998467043,4.07499931566417,NA,0
676,-77.074998466298,4.07499931566417,NA,0
677,-77.0249984655529,4.07499931566417,NA,0
678,-76.9749984648078,4.07499931566417,NA,0
679,-76.9249984640628,4.07499931566417,-0.213173572833721,52
688,-76.4749984573573,4.07499931566417,NA,0
689,-76.4249984566122,4.07499931566417,NA,0
690,-76.3749984558672,4.07499931566417,NA,0
691,-76.3249984551221,4.07499931566417,NA,0
692,-76.2749984543771,4.07499931566417,-0.209214870746319,52
693,-76.224998453632,4.07499931566417,0.0857045100285457,52
694,-76.1749984528869,4.07499931566417,NA,0
695,-76.1249984521419,4.07499931566417,NA,0
696,-76.0749984513968,4.07499931566417,NA,0
697,-76.0249984506518,4.07499931566417,NA,0
698,-75.9749984499067,4.07499931566417,NA,0
699,-75.9249984491616,4.07499931566417,NA,0
700,-75.8749984484166,4.07499931566417,NA,0
701,-75.8249984476715,4.07499931566417,NA,0
706,-77.4249984715133,4.02499931491912,NA,0
707,-77.3749984707683,4.02499931491912,NA,0
708,-77.3249984700232,4.02499931491912,NA,0
711,-77.1749984677881,4.02499931491912,NA,0
712,-77.124998467043,4.02499931491912,NA,0
713,-77.074998466298,4.02499931491912,NA,0
714,-77.0249984655529,4.02499931491912,NA,0
715,-76.9749984648078,4.02499931491912,NA,0
716,-76.9249984640628,4.02499931491912,-0.217016696929932,52
717,-76.8749984633177,4.02499931491912,-0.010460560138409,52
724,-76.5249984581023,4.02499931491912,NA,0
725,-76.4749984573573,4.02499931491912,NA,0
726,-76.4249984566122,4.02499931491912,NA,0
727,-76.3749984558672,4.02499931491912,NA,0
728,-76.3249984551221,4.02499931491912,NA,0
729,-76.2749984543771,4.02499931491912,-0.218753301180326,52
730,-76.224998453632,4.02499931491912,0.0680563266460712,52
731,-76.1749984528869,4.02499931491912,NA,0
732,-76.1249984521419,4.02499931491912,NA,0
733,-76.0749984513968,4.02499931491912,NA,0
734,-76.0249984506518,4.02499931491912,NA,0
735,-75.9749984499067,4.02499931491912,NA,0
736,-75.9249984491616,4.02499931491912,NA,0
737,-75.8749984484166,4.02499931491912,NA,0
738,-75.8249984476715,4.02499931491912,NA,0
739,-75.7749984469265,4.02499931491912,NA,0
744,-77.3749984707683,3.97499931417406,NA,0
745,-77.3249984700232,3.97499931417406,NA,0
746,-77.2749984692782,3.97499931417406,NA,0
747,-77.2249984685331,3.97499931417406,NA,0
748,-77.1749984677881,3.97499931417406,NA,0
749,-77.124998467043,3.97499931417406,NA,0
750,-77.074998466298,3.97499931417406,NA,0
751,-77.0249984655529,3.97499931417406,NA,0
752,-76.9749984648078,3.97499931417406,NA,0
753,-76.9249984640628,3.97499931417406,-0.221976243532621,52
754,-76.8749984633177,3.97499931417406,-0.0105213752159706,52
755,-76.8249984625727,3.97499931417406,0.418934015127329,52
756,-76.7749984618276,3.97499931417406,NA,0
757,-76.7249984610826,3.97499931417406,NA,0
758,-76.6749984603375,3.97499931417406,NA,0
759,-76.6249984595924,3.97499931417406,NA,0
760,-76.5749984588474,3.97499931417406,NA,0
761,-76.5249984581023,3.97499931417406,NA,0
762,-76.4749984573573,3.97499931417406,NA,0
763,-76.4249984566122,3.97499931417406,NA,0
764,-76.3749984558672,3.97499931417406,NA,0
765,-76.3249984551221,3.97499931417406,NA,0
766,-76.2749984543771,3.97499931417406,-0.22508690907405,52
767,-76.224998453632,3.97499931417406,0.0504254561204177,52
768,-76.1749984528869,3.97499931417406,NA,0
769,-76.1249984521419,3.97499931417406,NA,0
770,-76.0749984513968,3.97499931417406,NA,0
771,-76.0249984506518,3.97499931417406,NA,0
772,-75.9749984499067,3.97499931417406,NA,0
773,-75.9249984491616,3.97499931417406,NA,0
774,-75.8749984484166,3.97499931417406,NA,0
775,-75.8249984476715,3.97499931417406,NA,0
783,-77.2749984692782,3.924999313429,NA,0
784,-77.2249984685331,3.924999313429,NA,0
785,-77.1749984677881,3.924999313429,NA,0
786,-77.124998467043,3.924999313429,NA,0
787,-77.074998466298,3.924999313429,NA,0
788,-77.0249984655529,3.924999313429,NA,0
789,-76.9749984648078,3.924999313429,NA,0
790,-76.9249984640628,3.924999313429,-0.228052286001352,52
791,-76.8749984633177,3.924999313429,-0.0105588619525616,52
792,-76.8249984625727,3.924999313429,0.425570231217604,52
793,-76.7749984618276,3.924999313429,NA,0
794,-76.7249984610826,3.924999313429,NA,0
795,-76.6749984603375,3.924999313429,NA,0
796,-76.6249984595924,3.924999313429,NA,0
797,-76.5749984588474,3.924999313429,NA,0
798,-76.5249984581023,3.924999313429,NA,0
799,-76.4749984573573,3.924999313429,NA,0
800,-76.4249984566122,3.924999313429,NA,0
801,-76.3749984558672,3.924999313429,NA,0
802,-76.3249984551221,3.924999313429,NA,0
803,-76.2749984543771,3.924999313429,-0.228215621067927,52
804,-76.224998453632,3.924999313429,0.0328118250920222,52
805,-76.1749984528869,3.924999313429,NA,0
806,-76.1249984521419,3.924999313429,NA,0
807,-76.0749984513968,3.924999313429,NA,0
808,-76.0249984506518,3.924999313429,NA,0
809,-75.9749984499067,3.924999313429,NA,0
810,-75.9249984491616,3.924999313429,NA,0
811,-75.8749984484166,3.924999313429,NA,0
812,-75.8249984476715,3.924999313429,NA,0
820,-77.2749984692782,3.87499931268394,NA,0
821,-77.2249984685331,3.87499931268394,NA,0
822,-77.1749984677881,3.87499931268394,NA,0
823,-77.124998467043,3.87499931268394,NA,0
825,-77.0249984655529,3.87499931268394,NA,0
826,-76.9749984648078,3.87499931268394,NA,0
827,-76.9249984640628,3.87499931268394,-0.234128365149865,52
828,-76.8749984633177,3.87499931268394,-0.01059601857112,52
829,-76.8249984625727,3.87499931268394,0.432206667386568,52
830,-76.7749984618276,3.87499931268394,NA,0
831,-76.7249984610826,3.87499931268394,NA,0
832,-76.6749984603375,3.87499931268394,NA,0
833,-76.6249984595924,3.87499931268394,NA,0
834,-76.5749984588474,3.87499931268394,NA,0
835,-76.5249984581023,3.87499931268394,NA,0
836,-76.4749984573573,3.87499931268394,NA,0
837,-76.4249984566122,3.87499931268394,NA,0
838,-76.3749984558672,3.87499931268394,NA,0
839,-76.3249984551221,3.87499931268394,NA,0
840,-76.2749984543771,3.87499931268394,-0.231344039623554,52
841,-76.224998453632,3.87499931268394,0.0151985608614408,52
842,-76.1749984528869,3.87499931268394,NA,0
843,-76.1249984521419,3.87499931268394,NA,0
844,-76.0749984513968,3.87499931268394,NA,0
845,-76.0249984506518,3.87499931268394,NA,0
846,-75.9749984499067,3.87499931268394,NA,0
847,-75.9249984491616,3.87499931268394,NA,0
848,-75.8749984484166,3.87499931268394,NA,0
861,-77.074998466298,3.82499931193888,NA,0
862,-77.0249984655529,3.82499931193888,NA,0
863,-76.9749984648078,3.82499931193888,NA,0
864,-76.9249984640628,3.82499931193888,-0.240204224219689,52
865,-76.8749984633177,3.82499931193888,-0.0106333952683669,52
866,-76.8249984625727,3.82499931193888,0.438843140235314,52
867,-76.7749984618276,3.82499931193888,NA,0
868,-76.7249984610826,3.82499931193888,NA,0
869,-76.6749984603375,3.82499931193888,NA,0
870,-76.6249984595924,3.82499931193888,NA,0
871,-76.5749984588474,3.82499931193888,NA,0
872,-76.5249984581023,3.82499931193888,NA,0
873,-76.4749984573573,3.82499931193888,NA,0
874,-76.4249984566122,3.82499931193888,NA,0
875,-76.3749984558672,3.82499931193888,NA,0
876,-76.3249984551221,3.82499931193888,NA,0
877,-76.2749984543771,3.82499931193888,-0.234472861656776,52
878,-76.224998453632,3.82499931193888,-0.00241503348717323,52
879,-76.1749984528869,3.82499931193888,NA,0
880,-76.1249984521419,3.82499931193888,NA,0
881,-76.0749984513968,3.82499931193888,NA,0
882,-76.0249984506518,3.82499931193888,NA,0
883,-75.9749984499067,3.82499931193888,NA,0
884,-75.9249984491616,3.82499931193888,NA,0
885,-75.8749984484166,3.82499931193888,NA,0
897,-77.124998467043,3.77499931119382,NA,0
898,-77.074998466298,3.77499931119382,NA,0
899,-77.0249984655529,3.77499931119382,NA,0
900,-76.9749984648078,3.77499931119382,NA,0
901,-76.9249984640628,3.77499931119382,-0.246280303368202,52
902,-76.8749984633177,3.77499931119382,-0.0106709186847393,52
903,-76.8249984625727,3.77499931119382,0.445479209606464,52
904,-76.7749984618276,3.77499931119382,NA,0
905,-76.7249984610826,3.77499931119382,NA,0
906,-76.6749984603375,3.77499931119382,NA,0
907,-76.6249984595924,3.77499931119382,NA,0
908,-76.5749984588474,3.77499931119382,NA,0
909,-76.5249984581023,3.77499931119382,NA,0
910,-76.4749984573573,3.77499931119382,NA,0
911,-76.4249984566122,3.77499931119382,NA,0
912,-76.3749984558672,3.77499931119382,NA,0
913,-76.3249984551221,3.77499931119382,NA,0
914,-76.2749984543771,3.77499931119382,-0.237601757049561,52
915,-76.224998453632,3.77499931119382,-0.0200288112346943,52
916,-76.1749984528869,3.77499931119382,NA,0
917,-76.1249984521419,3.77499931119382,NA,0
918,-76.0749984513968,3.77499931119382,NA,0
919,-76.0249984506518,3.77499931119382,NA,0
920,-75.9749984499067,3.77499931119382,NA,0
921,-75.9249984491616,3.77499931119382,NA,0
933,-77.1749984677881,3.72499931044877,NA,0
934,-77.124998467043,3.72499931044877,NA,0
935,-77.074998466298,3.72499931044877,NA,0
936,-77.0249984655529,3.72499931044877,NA,0
937,-76.9749984648078,3.72499931044877,NA,0
938,-76.9249984640628,3.72499931044877,-0.25235652923584,52
939,-76.8749984633177,3.72499931044877,-0.0107082220224234,52
940,-76.8249984625727,3.72499931044877,0.452115499056303,52
941,-76.7749984618276,3.72499931044877,NA,0
942,-76.7249984610826,3.72499931044877,NA,0
943,-76.6749984603375,3.72499931044877,NA,0
944,-76.6249984595924,3.72499931044877,NA,0
945,-76.5749984588474,3.72499931044877,NA,0
946,-76.5249984581023,3.72499931044877,NA,0
947,-76.4749984573573,3.72499931044877,NA,0
948,-76.4249984566122,3.72499931044877,NA,0
949,-76.3749984558672,3.72499931044877,NA,0
950,-76.3249984551221,3.72499931044877,NA,0
951,-76.2749984543771,3.72499931044877,-0.240730359004094,52
952,-76.224998453632,3.72499931044877,-0.0376422588641827,52
953,-76.1749984528869,3.72499931044877,NA,0
954,-76.1249984521419,3.72499931044877,NA,0
955,-76.0749984513968,3.72499931044877,NA,0
956,-76.0249984506518,3.72499931044877,NA,0
957,-75.9749984499067,3.72499931044877,NA,0
971,-77.124998467043,3.67499930970371,NA,0
972,-77.074998466298,3.67499930970371,NA,0
973,-77.0249984655529,3.67499930970371,NA,0
974,-76.9749984648078,3.67499930970371,NA,0
975,-76.9249984640628,3.67499930970371,-0.258432424985445,52
976,-76.8749984633177,3.67499930970371,-0.0107454520005446,52
977,-76.8249984625727,3.67499930970371,0.458751971905048,52
978,-76.7749984618276,3.67499930970371,NA,0
979,-76.7249984610826,3.67499930970371,NA,0
980,-76.6749984603375,3.67499930970371,NA,0
981,-76.6249984595924,3.67499930970371,NA,0
982,-76.5749984588474,3.67499930970371,NA,0
983,-76.5249984581023,3.67499930970371,NA,0
984,-76.4749984573573,3.67499930970371,NA,0
985,-76.4249984566122,3.67499930970371,NA,0
986,-76.3749984558672,3.67499930970371,NA,0
987,-76.3249984551221,3.67499930970371,NA,0
988,-76.2749984543771,3.67499930970371,-0.243859181037316,52
989,-76.224998453632,3.67499930970371,-0.0552559265723595,52
990,-76.1749984528869,3.67499930970371,NA,0
991,-76.1249984521419,3.67499930970371,NA,0
992,-76.0749984513968,3.67499930970371,NA,0
993,-76.0249984506518,3.67499930970371,NA,0
994,-75.9749984499067,3.67499930970371,NA,0
1008,-77.124998467043,3.62499930895865,NA,0
1009,-77.074998466298,3.62499930895865,NA,0
1010,-77.0249984655529,3.62499930895865,NA,0
1011,-76.9749984648078,3.62499930895865,NA,0
1012,-76.9249984640628,3.62499930895865,-0.264508540813739,52
1013,-76.8749984633177,3.62499930895865,-0.0107828653775729,52
1014,-76.8249984625727,3.62499930895865,0.465388114635761,52
1015,-76.7749984618276,3.62499930895865,NA,0
1016,-76.7249984610826,3.62499930895865,NA,0
1017,-76.6749984603375,3.62499930895865,NA,0
1018,-76.6249984595924,3.62499930895865,NA,0
1019,-76.5749984588474,3.62499930895865,NA,0
1020,-76.5249984581023,3.62499930895865,NA,0
1021,-76.4749984573573,3.62499930895865,NA,0
1022,-76.4249984566122,3.62499930895865,NA,0
1023,-76.3749984558672,3.62499930895865,NA,0
1024,-76.3249984551221,3.62499930895865,NA,0
1025,-76.2749984543771,3.62499930895865,-0.246987966390756,52
1026,-76.224998453632,3.62499930895865,-0.0728694842411922,52
1027,-76.1749984528869,3.62499930895865,NA,0
1028,-76.1249984521419,3.62499930895865,NA,0
1029,-76.0749984513968,3.62499930895865,NA,0
1030,-76.0249984506518,3.62499930895865,NA,0
1043,-77.2249984685331,3.57499930821359,NA,0
1044,-77.1749984677881,3.57499930821359,NA,0
1045,-77.124998467043,3.57499930821359,NA,0
1046,-77.074998466298,3.57499930821359,NA,0
1047,-77.0249984655529,3.57499930821359,NA,0
1048,-76.9749984648078,3.57499930821359,NA,0
1049,-76.9249984640628,3.57499930821359,-0.270584509922908,52
1050,-76.8749984633177,3.57499930821359,-0.0108202053950383,52
1051,-76.8249984625727,3.57499930821359,0.472024367405818,52
1052,-76.7749984618276,3.57499930821359,NA,0
1053,-76.7249984610826,3.57499930821359,NA,0
1054,-76.6749984603375,3.57499930821359,NA,0
1055,-76.6249984595924,3.57499930821359,NA,0
1056,-76.5749984588474,3.57499930821359,NA,0
1057,-76.5249984581023,3.57499930821359,NA,0
1058,-76.4749984573573,3.57499930821359,NA,0
1059,-76.4249984566122,3.57499930821359,NA,0
1060,-76.3749984558672,3.57499930821359,NA,0
1061,-76.3249984551221,3.57499930821359,NA,0
1062,-76.2749984543771,3.57499930821359,-0.250116751744197,52
1063,-76.224998453632,3.57499930821359,-0.0904830785898062,52
1064,-76.1749984528869,3.57499930821359,NA,0
1065,-76.1249984521419,3.57499930821359,NA,0
1066,-76.0749984513968,3.57499930821359,NA,0
1067,-76.0249984506518,3.57499930821359,NA,0
1078,-77.3249984700232,3.52499930746853,NA,0
1079,-77.2749984692782,3.52499930746853,NA,0
1080,-77.2249984685331,3.52499930746853,NA,0
1081,-77.1749984677881,3.52499930746853,NA,0
1082,-77.124998467043,3.52499930746853,NA,0
1083,-77.074998466298,3.52499930746853,NA,0
1084,-77.0249984655529,3.52499930746853,NA,0
1085,-76.9749984648078,3.52499930746853,NA,0
1086,-76.9249984640628,3.52499930746853,-0.276660479032076,52
1087,-76.8749984633177,3.52499930746853,-0.010857472052941,52
1088,-76.8249984625727,3.52499930746853,0.478660730215219,52
1089,-76.7749984618276,3.52499930746853,NA,0
1090,-76.7249984610826,3.52499930746853,NA,0
1091,-76.6749984603375,3.52499930746853,NA,0
1092,-76.6249984595924,3.52499930746853,NA,0
1093,-76.5749984588474,3.52499930746853,NA,0
1094,-76.5249984581023,3.52499930746853,NA,0
1095,-76.4749984573573,3.52499930746853,NA,0
1096,-76.4249984566122,3.52499930746853,NA,0
1097,-76.3749984558672,3.52499930746853,NA,0
1098,-76.3249984551221,3.52499930746853,NA,0
1099,-76.2749984543771,3.52499930746853,-0.253245317018949,52
1100,-76.224998453632,3.52499930746853,-0.10809641617995,52
1101,-76.1749984528869,3.52499930746853,NA,0
1102,-76.1249984521419,3.52499930746853,NA,0
1103,-76.0749984513968,3.52499930746853,NA,0
1104,-76.0249984506518,3.52499930746853,NA,0
1115,-77.3249984700232,3.47499930672347,NA,0
1116,-77.2749984692782,3.47499930672347,NA,0
1117,-77.2249984685331,3.47499930672347,NA,0
1118,-77.1749984677881,3.47499930672347,NA,0
1119,-77.124998467043,3.47499930672347,NA,0
1120,-77.074998466298,3.47499930672347,NA,0
1121,-77.0249984655529,3.47499930672347,NA,0
1122,-76.9749984648078,3.47499930672347,NA,0
1123,-76.9249984640628,3.47499930672347,-0.281772356766921,52
1124,-76.8749984633177,3.47499930672347,-0.0108966827392578,52
1125,-76.8249984625727,3.47499930672347,0.480682042928842,52
1126,-76.7749984618276,3.47499930672347,NA,0
1127,-76.7249984610826,3.47499930672347,NA,0
1128,-76.6749984603375,3.47499930672347,NA,0
1129,-76.6249984595924,3.47499930672347,NA,0
1130,-76.5749984588474,3.47499930672347,NA,0
1131,-76.5249984581023,3.47499930672347,NA,0
1132,-76.4749984573573,3.47499930672347,NA,0
1133,-76.4249984566122,3.47499930672347,NA,0
1134,-76.3749984558672,3.47499930672347,NA,0
1135,-76.3249984551221,3.47499930672347,NA,0
1136,-76.2749984543771,3.47499930672347,-0.254130932000967,52
1137,-76.224998453632,3.47499930672347,-0.121060261359582,52
1138,-76.1749984528869,3.47499930672347,NA,0
1139,-76.1249984521419,3.47499930672347,NA,0
1140,-76.0749984513968,3.47499930672347,NA,0
1141,-76.0249984506518,3.47499930672347,NA,0
1151,-77.3749984707683,3.42499930597842,NA,0
1152,-77.3249984700232,3.42499930597842,NA,0
1153,-77.2749984692782,3.42499930597842,NA,0
1154,-77.2249984685331,3.42499930597842,NA,0
1155,-77.1749984677881,3.42499930597842,NA,0
1156,-77.124998467043,3.42499930597842,NA,0
1157,-77.074998466298,3.42499930597842,NA,0
1158,-77.0249984655529,3.42499930597842,NA,0
1159,-76.9749984648078,3.42499930597842,NA,0
1160,-76.9249984640628,3.42499930597842,-0.285919813009409,52
1161,-76.8749984633177,3.42499930597842,-0.0109377640944261,52
1162,-76.8249984625727,3.42499930597842,0.478088782383845,52
1163,-76.7749984618276,3.42499930597842,NA,0
1164,-76.7249984610826,3.42499930597842,NA,0
1165,-76.6749984603375,3.42499930597842,NA,0
1166,-76.6249984595924,3.42499930597842,NA,0
1167,-76.5749984588474,3.42499930597842,NA,0
1168,-76.5249984581023,3.42499930597842,NA,0
1169,-76.4749984573573,3.42499930597842,NA,0
1170,-76.4249984566122,3.42499930597842,NA,0
1171,-76.3749984558672,3.42499930597842,NA,0
1172,-76.3249984551221,3.42499930597842,NA,0
1173,-76.2749984543771,3.42499930597842,-0.252773138192984,52
1174,-76.224998453632,3.42499930597842,-0.12937435737023,52
1175,-76.1749984528869,3.42499930597842,NA,0
1176,-76.1249984521419,3.42499930597842,NA,0
1177,-76.0749984513968,3.42499930597842,NA,0
1188,-77.3749984707683,3.37499930523336,NA,0
1189,-77.3249984700232,3.37499930523336,NA,0
1190,-77.2749984692782,3.37499930523336,NA,0
1191,-77.2249984685331,3.37499930523336,NA,0
1192,-77.1749984677881,3.37499930523336,NA,0
1193,-77.124998467043,3.37499930523336,NA,0
1194,-77.074998466298,3.37499930523336,NA,0
1195,-77.0249984655529,3.37499930523336,NA,0
1196,-76.9749984648078,3.37499930523336,NA,0
1197,-76.9249984640628,3.37499930523336,-0.290067599369929,52
1198,-76.8749984633177,3.37499930523336,-0.0109786620506874,52
1199,-76.8249984625727,3.37499930523336,0.475495411799504,52
1200,-76.7749984618276,3.37499930523336,NA,0
1201,-76.7249984610826,3.37499930523336,NA,0
1202,-76.6749984603375,3.37499930523336,NA,0
1203,-76.6249984595924,3.37499930523336,NA,0
1204,-76.5749984588474,3.37499930523336,NA,0
1205,-76.5249984581023,3.37499930523336,NA,0
1206,-76.4749984573573,3.37499930523336,NA,0
1207,-76.4249984566122,3.37499930523336,NA,0
1208,-76.3749984558672,3.37499930523336,NA,0
1209,-76.3249984551221,3.37499930523336,NA,0
1210,-76.2749984543771,3.37499930523336,-0.251415711182814,52
1211,-76.224998453632,3.37499930523336,-0.137688655119676,52
1212,-76.1749984528869,3.37499930523336,NA,0
1213,-76.1249984521419,3.37499930523336,NA,0
1214,-76.0749984513968,3.37499930523336,NA,0
1224,-77.4249984715133,3.3249993044883,NA,0
1225,-77.3749984707683,3.3249993044883,NA,0
1226,-77.3249984700232,3.3249993044883,NA,0
1227,-77.2749984692782,3.3249993044883,NA,0
1228,-77.2249984685331,3.3249993044883,NA,0
1229,-77.1749984677881,3.3249993044883,NA,0
1230,-77.124998467043,3.3249993044883,NA,0
1231,-77.074998466298,3.3249993044883,NA,0
1232,-77.0249984655529,3.3249993044883,NA,0
1233,-76.9749984648078,3.3249993044883,NA,0
1234,-76.9249984640628,3.3249993044883,-0.294215018932636,52
1235,-76.8749984633177,3.3249993044883,-0.0110195600069486,52
1236,-76.8249984625727,3.3249993044883,0.472902114574726,52
1237,-76.7749984618276,3.3249993044883,NA,0
1238,-76.7249984610826,3.3249993044883,NA,0
1239,-76.6749984603375,3.3249993044883,NA,0
1240,-76.6249984595924,3.3249993044883,NA,0
1241,-76.5749984588474,3.3249993044883,NA,0
1242,-76.5249984581023,3.3249993044883,NA,0
1243,-76.4749984573573,3.3249993044883,NA,0
1244,-76.4249984566122,3.3249993044883,NA,0
1245,-76.3749984558672,3.3249993044883,NA,0
1246,-76.3249984551221,3.3249993044883,NA,0
1247,-76.2749984543771,3.3249993044883,-0.250058174133301,52
1248,-76.224998453632,3.3249993044883,-0.14600289784945,52
1249,-76.1749984528869,3.3249993044883,NA,0
1250,-76.1249984521419,3.3249993044883,NA,0
1251,-76.0749984513968,3.3249993044883,NA,0
1260,-77.4749984722584,3.27499930374324,0.13528218636146,52
1261,-77.4249984715133,3.27499930374324,NA,0
1262,-77.3749984707683,3.27499930374324,NA,0
1263,-77.3249984700232,3.27499930374324,NA,0
1264,-77.2749984692782,3.27499930374324,NA,0
1265,-77.2249984685331,3.27499930374324,NA,0
1266,-77.1749984677881,3.27499930374324,NA,0
1267,-77.124998467043,3.27499930374324,NA,0
1268,-77.074998466298,3.27499930374324,NA,0
1269,-77.0249984655529,3.27499930374324,NA,0
1270,-76.9749984648078,3.27499930374324,NA,0
1271,-76.9249984640628,3.27499930374324,-0.29836262189425,52
1272,-76.8749984633177,3.27499930374324,-0.0110605313227727,52
1273,-76.8249984625727,3.27499930374324,0.470308817349947,52
1274,-76.7749984618276,3.27499930374324,NA,0
1275,-76.7249984610826,3.27499930374324,NA,0
1276,-76.6749984603375,3.27499930374324,NA,0
1277,-76.6249984595924,3.27499930374324,NA,0
1278,-76.5749984588474,3.27499930374324,NA,0
1279,-76.5249984581023,3.27499930374324,NA,0
1280,-76.4749984573573,3.27499930374324,NA,0
1285,-76.224998453632,3.27499930374324,-0.154317122239333,52
1286,-76.1749984528869,3.27499930374324,NA,0
1287,-76.1249984521419,3.27499930374324,NA,0
1288,-76.0749984513968,3.27499930374324,NA,0
1296,-77.5249984730035,3.22499930299818,-0.00844474939199594,52
1297,-77.4749984722584,3.22499930299818,0.137265828939585,52
1299,-77.3749984707683,3.22499930299818,NA,0
1300,-77.3249984700232,3.22499930299818,NA,0
1301,-77.2749984692782,3.22499930299818,NA,0
1302,-77.2249984685331,3.22499930299818,NA,0
1303,-77.1749984677881,3.22499930299818,NA,0
1304,-77.124998467043,3.22499930299818,NA,0
1305,-77.074998466298,3.22499930299818,NA,0
1306,-77.0249984655529,3.22499930299818,NA,0
1307,-76.9749984648078,3.22499930299818,NA,0
1308,-76.9249984640628,3.22499930299818,-0.302510188176082,52
1309,-76.8749984633177,3.22499930299818,-0.0111017227172852,52
1310,-76.8249984625727,3.22499930299818,0.46771555680495,52
1311,-76.7749984618276,3.22499930299818,NA,0
1312,-76.7249984610826,3.22499930299818,NA,0
1313,-76.6749984603375,3.22499930299818,NA,0
1314,-76.6249984595924,3.22499930299818,NA,0
1315,-76.5749984588474,3.22499930299818,NA,0
1316,-76.5249984581023,3.22499930299818,NA,0
1317,-76.4749984573573,3.22499930299818,NA,0
1324,-76.1249984521419,3.22499930299818,NA,0
1325,-76.0749984513968,3.22499930299818,NA,0
1336,-77.3749984707683,3.17499930225313,NA,0
1337,-77.3249984700232,3.17499930225313,NA,0
1338,-77.2749984692782,3.17499930225313,NA,0
1339,-77.2249984685331,3.17499930225313,NA,0
1340,-77.1749984677881,3.17499930225313,NA,0
1341,-77.124998467043,3.17499930225313,NA,0
1343,-77.0249984655529,3.17499930225313,NA,0
1344,-76.9749984648078,3.17499930225313,NA,0
1345,-76.9249984640628,3.17499930225313,-0.306657717778132,52
1346,-76.8749984633177,3.17499930225313,-0.011142583993765,52
1347,-76.8249984625727,3.17499930225313,0.465122442979079,52
1348,-76.7749984618276,3.17499930225313,NA,0
1349,-76.7249984610826,3.17499930225313,NA,0
1350,-76.6749984603375,3.17499930225313,NA,0
1351,-76.6249984595924,3.17499930225313,NA,0
1352,-76.5749984588474,3.17499930225313,NA,0
1353,-76.5249984581023,3.17499930225313,NA,0
1376,-77.2249984685331,3.12499930150807,NA,0
1381,-76.9749984648078,3.12499930150807,NA,0
1382,-76.9249984640628,3.12499930150807,-0.310805540818434,52
1383,-76.8749984633177,3.12499930150807,-0.0111837753882775,52
1384,-76.8249984625727,3.12499930150807,0.462529035714956,52
1385,-76.7749984618276,3.12499930150807,NA,0
1386,-76.7249984610826,3.12499930150807,NA,0
1387,-76.6749984603375,3.12499930150807,NA,0
1388,-76.6249984595924,3.12499930150807,NA,0
1390,-76.5249984581023,3.12499930150807,NA,0
1420,-76.8749984633177,3.07499930076301,-0.0112244899456318,52
