"anio","variable","metodo","periodo","n","ME","MAE","RMSE","correlacion","max_abs","pct_exacta"
2010,"temperatura","near","S01_S52",6344,-0.0209078092743439,0.485022878135739,0.605775362100458,0.976315547257197,1.98778915405273,0
2010,"temperatura","near","S02_S52",6222,-0.0244396956777006,0.486294752989732,0.606803054787244,0.976242445907195,1.98778915405273,0
2010,"radiacion","near","S01_S52",1404,-0.00198886808846411,0.795485707769367,1.01083158702131,0.669825472331183,3.56571388244629,0
2010,"radiacion","near","S02_S52",1377,0.0387751205987314,0.770280480644542,0.977440764752702,0.663748897219605,3.56571388244629,0
2010,"temperatura","bilinear","S01_S52",6344,0.00133044888062255,0.343721457267319,0.423830125928142,0.987952839845285,1.33776092529297,0.0157629255989912
2010,"temperatura","bilinear","S02_S52",6222,-0.00268691515700298,0.345238360206018,0.42550762055344,0.987863816437496,1.33776092529297,0.0160720025715204
2010,"radiacion","bilinear","S01_S52",1404,-0.0109292156675942,0.791380487615906,1.01224780017444,0.659302089395879,3.59821510314941,0
2010,"radiacion","bilinear","S02_S52",1377,0.0331761381638249,0.76257809990112,0.970460551333035,0.655953834638138,3.59821510314941,0
2011,"temperatura","near","S01_S52",6344,-0.0149413333714835,0.459144709540195,0.57132863278501,0.978714216577469,1.90300369262695,0
2011,"temperatura","near","S02_S52",6222,-0.0144076525149565,0.460194107498321,0.572722196834438,0.978620304119082,1.90300369262695,0
2011,"radiacion","near","S01_S52",1404,0.00218495140727769,0.562294911794853,0.725554884402242,0.845323330481884,2.93142890930176,0
2011,"radiacion","near","S02_S52",1377,0.0163246887528386,0.559223407061098,0.72521971593681,0.846674607384654,2.93142890930176,0
2011,"temperatura","bilinear","S01_S52",6344,-0.000185566170970248,0.279147329576981,0.34833307356833,0.992018897083762,1.03072357177734,0
2011,"temperatura","bilinear","S02_S52",6222,0.000598594330775704,0.28027034825123,0.349817304906284,0.991945213274884,1.03072357177734,0
2011,"radiacion","bilinear","S01_S52",1404,0.0122527342576247,0.565747405049468,0.729678176231923,0.84199139793762,3.29042530059814,0.142450142450142
2011,"radiacion","bilinear","S02_S52",1377,0.0268901978702587,0.562180379204068,0.728947953741821,0.843539529359859,3.29042530059814,0.145243282498184
2012,"temperatura","near","S01_S52",6344,-0.0124364145767193,0.424904843146383,0.535003439283301,0.981413573463006,1.67729187011719,0
2012,"temperatura","near","S02_S52",6222,-0.0109201909184494,0.425025994660424,0.535284094609954,0.981419481193328,1.67729187011719,0
2012,"radiacion","near","S01_S52",1404,0.0109212065693999,0.302918589013255,0.386991542180925,0.938172115165312,1.83142852783203,0
2012,"radiacion","near","S02_S52",1377,0.0112720245715926,0.306811021736937,0.390419530647317,0.934874509027933,1.83142852783203,0
2012,"temperatura","bilinear","S01_S52",6344,0.0058939786155768,0.226963426997653,0.280945588978099,0.994917727403468,0.849292755126953,0.0157629255989912
2012,"temperatura","bilinear","S02_S52",6222,0.00763658556053777,0.227225024077104,0.281516816268744,0.994905213137422,0.849292755126953,0.0160720025715204
2012,"radiacion","bilinear","S01_S52",1404,0.0301883845587402,0.315801766523269,0.401636020108807,0.928340572599883,1.68738269805908,0
2012,"radiacion","bilinear","S02_S52",1377,0.0322908873824685,0.319144433879645,0.404522084562594,0.924746277055166,1.68738269805908,0
2013,"temperatura","near","S01_S52",6344,-0.0139889655467992,0.404861766332937,0.512496275576853,0.98146235024054,1.66900444030762,0
2013,"temperatura","near","S02_S52",6222,-0.0133399776383942,0.404418910059351,0.511641716798174,0.981482914241178,1.66900444030762,0
2013,"radiacion","near","S01_S52",1404,-0.00282898112240001,0.384522067175971,0.482049711381483,0.918150492413991,2.16714286804199,0
2013,"radiacion","near","S02_S52",1377,0.0037722286315785,0.385405035579906,0.484262492563115,0.916598749214259,2.16714286804199,0
2013,"temperatura","bilinear","S01_S52",6344,0.00492408777696338,0.226262512002587,0.279802041918328,0.994516555025593,0.846254348754883,0.0472887767969735
2013,"temperatura","bilinear","S02_S52",6222,0.00527406512867098,0.226707052011959,0.280578033240084,0.994499150859323,0.846254348754883,0.0482160077145612
2013,"radiacion","bilinear","S01_S52",1404,0.0143500637804341,0.384572894484909,0.490517367862565,0.911982238341228,1.98421955108643,0
2013,"radiacion","bilinear","S02_S52",1377,0.0207208697139654,0.385910439335443,0.492235203276881,0.910738337099853,1.98421955108643,0
2014,"temperatura","near","S01_S52",6344,-0.0136545367379207,0.435236635454666,0.547172128853637,0.979753117020685,1.8641471862793,0.0157629255989912
2014,"temperatura","near","S02_S52",6222,-0.0238346305547976,0.432673651855577,0.543896025129087,0.980073527129951,1.8641471862793,0.0160720025715204
2014,"radiacion","near","S01_S52",1404,0.00249147279310091,0.613283189952883,0.775920425547525,0.782743836916213,2.85857105255127,0
2014,"radiacion","near","S02_S52",1377,-0.0309181393448131,0.591849885994573,0.745192538106917,0.800084491159707,2.85857105255127,0
2014,"temperatura","bilinear","S01_S52",6344,0.00458402982425569,0.262180874958014,0.327746973040319,0.992685366477091,1.0638370513916,0.0157629255989912
2014,"temperatura","bilinear","S02_S52",6222,-0.00566957771720629,0.256978185948587,0.320428554403238,0.993036235770795,1.02702903747559,0.0160720025715204
2014,"radiacion","bilinear","S01_S52",1404,0.0270887813676796,0.614103600510165,0.78534382150102,0.768158898255028,3.04222679138184,0
2014,"radiacion","bilinear","S02_S52",1377,-0.00559907593238847,0.592925837703087,0.755991409636928,0.785702034472303,3.04222679138184,0
2015,"temperatura","near","S01_S52",6344,-0.0240071544430746,0.523369156848287,0.658662987064734,0.971023289998277,2.29599571228027,0.0157629255989912
2015,"temperatura","near","S02_S52",6222,-0.0289786419122022,0.523901502712867,0.658896326567261,0.970852299330243,2.29599571228027,0.0160720025715204
2015,"radiacion","near","S01_S52",1404,0.00106876528161204,0.79944573304592,1.00409214503742,0.71734077800693,3.68714237213135,0
2015,"radiacion","near","S02_S52",1377,0.00540994230005822,0.810378154984573,1.0132645094042,0.690505064841014,3.68714237213135,0
2015,"temperatura","bilinear","S01_S52",6344,0.000502149514562695,0.396526588317275,0.489190446215388,0.983427753195448,1.45502662658691,0
2015,"temperatura","bilinear","S02_S52",6222,-0.00494298426064982,0.398471818327406,0.491003990410918,0.983230243055701,1.45502662658691,0
2015,"radiacion","bilinear","S01_S52",1404,0.0244967577464221,0.812026690893363,1.00383965349467,0.707513457023986,3.14142322540283,0
2015,"radiacion","bilinear","S02_S52",1377,0.0313982343708335,0.820736324778483,1.01193706763576,0.67820586967327,3.14142322540283,0
2016,"temperatura","near","S01_S52",6344,-0.0210036125038792,0.488583481477158,0.621855518626831,0.97163736259334,2.59457588195801,0.0315258511979823
2016,"temperatura","near","S02_S52",6222,-0.00754166109237744,0.483493196125086,0.615915616494002,0.972022831339797,2.59457588195801,0.0321440051430408
2016,"radiacion","near","S01_S52",1404,0.0020719749635441,0.695935858620538,0.912307088134102,0.725601389714386,3.59857082366943,0
2016,"radiacion","near","S02_S52",1377,0.0200221346354433,0.69167212705813,0.912179424285139,0.725447679620011,3.59857082366943,0
2016,"temperatura","bilinear","S01_S52",6344,-0.00162036797738767,0.346090012660995,0.442436309456984,0.984992790459619,1.62561225891113,0.0472887767969735
2016,"temperatura","bilinear","S02_S52",6222,0.0117285640168443,0.339495387425265,0.434755952396981,0.98551894947998,1.62561225891113,0.0482160077145612
2016,"radiacion","bilinear","S01_S52",1404,0.0128894232616805,0.704134021389518,0.91485391823237,0.708945052084605,4.2893123626709,0
2016,"radiacion","bilinear","S02_S52",1377,0.0319202488197654,0.699162479059888,0.913841878390357,0.708905776233277,4.2893123626709,0
2017,"temperatura","near","S01_S52",6344,-0.0147472456153975,0.425267298314791,0.531962038814537,0.980618236548747,1.63350486755371,0
2017,"temperatura","near","S02_S52",6222,-0.0131829299178778,0.425494223919301,0.532088097884681,0.980643008405711,1.63350486755371,0
2017,"radiacion","near","S01_S52",1404,0.00130106920530314,0.442617584157873,0.554908233559252,0.917449686311598,2.12857151031494,0
2017,"radiacion","near","S02_S52",1377,0.0131805117959637,0.439442428888059,0.553805178089199,0.91807179046236,2.12857151031494,0
2017,"temperatura","bilinear","S01_S52",6344,-0.00299364516293116,0.230158124715654,0.28316396573766,0.994486231992655,0.827329635620117,0.0157629255989912
2017,"temperatura","bilinear","S02_S52",6222,-0.001587782056337,0.230162947479071,0.283461938956496,0.994475613202949,0.827329635620117,0.0160720025715204
2017,"radiacion","bilinear","S01_S52",1404,0.0084962185971078,0.44981795158821,0.570161517570272,0.909273898836321,1.89647388458252,0
2017,"radiacion","bilinear","S02_S52",1377,0.0212553518789786,0.446045370662914,0.568483482750892,0.909867361084144,1.89647388458252,0
2018,"temperatura","near","S01_S52",6344,-0.00930017195313154,0.40924867690737,0.518804360544129,0.981941430509755,1.57757568359375,0
2018,"temperatura","near","S02_S52",6222,-0.0137150916820245,0.408440780271789,0.518173864005848,0.981981822705849,1.57757568359375,0
2018,"radiacion","near","S01_S52",1404,0.00996082257001828,0.00996082257001828,0.072711865787108,0.998449084055956,0.56678581237793,98.0769230769231
2018,"radiacion","near","S02_S52",1377,0,0,0,1,0,100
2018,"temperatura","bilinear","S01_S52",6344,0.00789321461060609,0.204099350739247,0.258034209559884,0.9956184188792,0.771270751953125,16.8820933165195
2018,"temperatura","bilinear","S02_S52",6222,0.00371580421254015,0.202899673214222,0.255548317860042,0.995704160118323,0.608505249023438,17.2131147540984
2018,"radiacion","bilinear","S01_S52",1404,0.026155005832683,0.125549588108334,0.187354798786015,0.990128276195614,1.09611320495605,0.0712250712250712
2018,"radiacion","bilinear","S02_S52",1377,0.0169785214924864,0.118322017146092,0.17541244732835,0.991477183271832,1.09611320495605,0.0726216412490922
2019,"temperatura","near","S01_S52",6344,-0.0166405825717152,0.408761663064079,0.52013726334019,0.981270227276223,1.88607597351074,0.0157629255989912
2019,"temperatura","near","S02_S52",6222,-0.015819830359542,0.408151568342581,0.519278816522721,0.981234559390346,1.88607597351074,0.0160720025715204
2019,"radiacion","near","S01_S52",1404,-0.00516152789450099,0.330994883833448,0.426903240243008,0.951333824397946,1.96857070922852,0
2019,"radiacion","near","S02_S52",1377,-0.010445064275959,0.331146414070434,0.428170377466787,0.950226478414359,1.96857070922852,0
2019,"temperatura","bilinear","S01_S52",6344,0.00186529751834172,0.220976458070858,0.273155546187689,0.994894068560462,0.781675338745117,0
2019,"temperatura","bilinear","S02_S52",6222,0.00260309849625345,0.220985259169821,0.273277306604306,0.994870674347077,0.781675338745117,0
2019,"radiacion","bilinear","S01_S52",1404,0.0149330114706969,0.340358086121388,0.441912480395175,0.946483762147478,2.18191432952881,0
2019,"radiacion","bilinear","S02_S52",1377,0.0121878123231443,0.339941224241568,0.442162830526738,0.945097609616326,2.18191432952881,0
2020,"temperatura","near","S01_S52",6344,-0.0100209224419516,0.448636609548879,0.566486591195306,0.977172162950374,2.13179016113281,0
2020,"temperatura","near","S02_S52",6222,-0.0105454557695331,0.449811884997474,0.568088950555964,0.977126171338051,2.13179016113281,0
2020,"radiacion","near","S01_S52",1404,0.0132024892714628,0.640771898448977,0.847042308328416,0.845596877886103,4.09714221954346,1.42450142450142
2020,"radiacion","near","S02_S52",1377,0.0255285767255352,0.641268838205109,0.850451653836112,0.840924427321988,4.09714221954346,1.45243282498184
2020,"temperatura","bilinear","S01_S52",6344,0.00424728252247333,0.27606660886791,0.347393563203217,0.991258352979078,1.21539878845215,0.0157629255989912
2020,"temperatura","bilinear","S02_S52",6222,0.00412308859388302,0.277602728675393,0.349162775968408,0.991192904568318,1.21539878845215,0.0160720025715204
2020,"radiacion","bilinear","S01_S52",1404,0.0196357357535946,0.64451011021932,0.845261112238484,0.842942790587071,3.72552108764648,0
2020,"radiacion","bilinear","S02_S52",1377,0.0332705920904377,0.643897721450573,0.84742588607758,0.838550878125045,3.72552108764648,0
2021,"temperatura","near","S01_S52",6344,-0.0148193140198273,0.481448359176761,0.603434263983815,0.975188585918295,2.21836090087891,0
2021,"temperatura","near","S02_S52",6222,-0.0143965402625834,0.482039657600131,0.604662680986403,0.975073281730263,2.21836090087891,0
2021,"radiacion","near","S01_S52",1404,-0.00152890295044989,0.778376215203875,1.0196460407808,0.71800310544197,3.4042854309082,0
2021,"radiacion","near","S02_S52",1377,-0.0144844969373383,0.780712878435699,1.02423247871594,0.717191577445421,3.4042854309082,0
2021,"temperatura","bilinear","S01_S52",6344,0.00427054276532514,0.292638077862176,0.366581014626574,0.990547459191237,1.27285003662109,0
2021,"temperatura","bilinear","S02_S52",6222,0.00501222313120985,0.293587192620008,0.367861353041332,0.990460574132598,1.27285003662109,0
2021,"radiacion","bilinear","S01_S52",1404,0.0049523234027743,0.766939479740936,1.01253428579152,0.714375754368944,3.5605297088623,0
2021,"radiacion","bilinear","S02_S52",1377,-0.00808264400617922,0.768845436966064,1.01657278244877,0.713844630439478,3.5605297088623,0
2022,"temperatura","near","S01_S52",6344,-0.0177682248821475,0.437239025459915,0.546921332033691,0.978830136318449,1.82663917541504,0
2022,"temperatura","near","S02_S52",6222,-0.018090008846321,0.438192109286076,0.548125293575498,0.978798583004908,1.82663917541504,0
2022,"radiacion","near","S01_S52",1404,-0.0137856244361638,0.571890969561715,0.719274444144454,0.805120552738799,3.06571388244629,0
2022,"radiacion","near","S02_S52",1377,-0.0433795072933687,0.553780941488783,0.693516579189571,0.813954458793314,3.06571388244629,0
2022,"temperatura","bilinear","S01_S52",6344,-0.00370610647213564,0.250880542949951,0.310890378014095,0.993080306177402,1.01384925842285,0.0157629255989912
2022,"temperatura","bilinear","S02_S52",6222,-0.00399867593954706,0.251756593752658,0.311945955081297,0.993042162568277,1.01384925842285,0.0160720025715204
2022,"radiacion","bilinear","S01_S52",1404,-0.018834525703365,0.560772461089653,0.7114521404893,0.800959768647518,3.15655326843262,0
2022,"radiacion","bilinear","S02_S52",1377,-0.0458360864532626,0.54513574321805,0.690610251565746,0.809012924670761,3.15655326843262,0
2023,"temperatura","near","S01_S52",6344,-0.0142894440611254,0.433842837585026,0.547918634396635,0.981208668097502,1.84378051757812,0
2023,"temperatura","near","S02_S52",6222,-0.0148342174565589,0.433883765241181,0.548237779478286,0.981091130084021,1.84378051757812,0
2023,"radiacion","near","S01_S52",1404,0.00512056472973946,0.433491441259357,0.550926275953467,0.914679995670617,2.07857036590576,0
2023,"radiacion","near","S02_S52",1377,0.00652504452086915,0.440687196879778,0.555769008808593,0.912952657697649,2.07857036590576,0
2023,"temperatura","bilinear","S01_S52",6344,0.00608727129230283,0.235708879793126,0.292689431599459,0.994635748454557,0.870759963989258,0
2023,"temperatura","bilinear","S02_S52",6222,0.00581664573107836,0.236321917686843,0.293298703327896,0.994589992560064,0.870759963989258,0
2023,"radiacion","bilinear","S01_S52",1404,0.0139486110448158,0.440676938434612,0.565361551337094,0.907126770326987,2.38056755065918,0
2023,"radiacion","bilinear","S02_S52",1377,0.0154133881878489,0.448055569296223,0.570705800495877,0.905058827207556,2.38056755065918,0
2024,"temperatura","near","S01_S52",6344,-0.0258644207428864,0.401104252996842,0.511751922348383,0.981483708818354,1.97183609008789,0
2024,"temperatura","near","S02_S52",6222,-0.0153071054957067,0.396301891825966,0.505216316440847,0.98194887459073,1.57307624816895,0
2024,"radiacion","near","S01_S52",1404,-0.0195874733123345,0.0195874733123345,0.141312440834048,0.995431474232635,1.03635025024414,98.0769230769231
2024,"radiacion","near","S02_S52",1377,0,0,0,1,0,100
2024,"temperatura","bilinear","S01_S52",6344,-0.00582418074974647,0.20126703287584,0.255881178257004,0.995427697266027,0.886777877807617,16.8820933165195
2024,"temperatura","bilinear","S02_S52",6222,0.00478931624419587,0.194485748668684,0.244582697252057,0.995866973794712,0.595447540283203,17.2131147540984
2024,"radiacion","bilinear","S01_S52",1404,-0.0326483562121704,0.131096988661676,0.2252188011871,0.988074328753451,1.41570091247559,0.0712250712250712
2024,"radiacion","bilinear","S02_S52",1377,-0.0115326865479491,0.111911684339602,0.164288412817571,0.993706692895306,0.973312377929688,0.0726216412490922
2025,"temperatura","near","S01_S52",6344,-0.0132653767344029,0.455594963263744,0.568478933077577,0.977325008762204,2.02171897888184,0.0315258511979823
2025,"temperatura","near","S02_S52",6222,-0.0198898580594677,0.455412452529765,0.568311612602953,0.977384960288651,2.02171897888184,0.0321440051430408
2025,"radiacion","near","S01_S52",1404,0.00770526462131076,0.61013712027134,0.765167019019225,0.803192461297711,3.91285800933838,0
2025,"radiacion","near","S02_S52",1377,-0.00768961106510204,0.606554633911399,0.764368510872666,0.80316611235377,3.91285800933838,0
2025,"temperatura","bilinear","S01_S52",6344,0.00399194539420091,0.262364029132704,0.327646069891072,0.992295329416323,0.983697891235352,0.0315258511979823
2025,"temperatura","bilinear","S02_S52",6222,-0.00242076829023125,0.260916554019674,0.325451151719215,0.992423578109149,0.983697891235352,0.0321440051430408
2025,"radiacion","bilinear","S01_S52",1404,0.0130854128432749,0.610866302098983,0.763842343035253,0.79876101936195,3.4387092590332,0
2025,"radiacion","bilinear","S02_S52",1377,-0.00208542393703087,0.607416659225652,0.763198610140986,0.798925454514271,3.4387092590332,0
