"id_celda","x","y","precipitacion_mm","ajuste_tendencia","residual_tendencia"
1,-76.0749984513968,4.97499932907522,36.6411552429199,55.9377200163669,-19.296564773447
2,-76.0749984513968,4.92499932833016,35.1811752319336,54.7574223592714,-19.5762471273378
3,-76.0249984506518,4.92499932833016,39.3821258544922,52.6811236806086,-13.2989978261164
4,-76.1249984521419,4.8749993275851,40.123348236084,55.6534233808395,-15.5300751447555
5,-76.0749984513968,4.8749993275851,37.5581474304199,53.577124702176,-16.0189772717561
6,-76.0249984506518,4.8749993275851,35.3913536071777,51.5008260235125,-16.1094724163348
7,-76.224998453632,4.82499932684005,49.4644088745117,58.6257230810703,-9.16131420655858
8,-76.1749984528869,4.82499932684005,38.4299125671387,56.5494244024068,-18.1195118352682
9,-76.1249984521419,4.82499932684005,38.515552520752,54.4731257237434,-15.9575732029914
10,-76.0749984513968,4.82499932684005,36.1139640808105,52.3968270450799,-16.2828629642694
11,-76.0249984506518,4.82499932684005,34.8911514282227,50.3205283664165,-15.4293769381938
12,-75.9749984499067,4.82499932684005,39.1186370849609,48.244229687753,-9.12559260279209
13,-75.9249984491616,4.82499932684005,43.216625213623,46.1679310090896,-2.95130579546653
14,-76.224998453632,4.77499932609499,48.059196472168,57.4454254239743,-9.38622895180628
15,-76.1749984528869,4.77499932609499,49.6201362609863,55.3691267453108,-5.74899048432447
16,-76.1249984521419,4.77499932609499,34.6992492675781,53.2928280666473,-18.5935787990692
17,-76.0749984513968,4.77499932609499,35.4868011474609,51.2165293879839,-15.7297282405229
18,-76.0249984506518,4.77499932609499,39.7876129150391,49.1402307093204,-9.35261779428137
19,-75.9749984499067,4.77499932609499,38.9098358154297,47.063932030657,-8.15409621522729
20,-76.2749984543771,4.72499932534993,51.0581893920898,58.3414264455417,-7.28323705345182
21,-76.224998453632,4.72499932534993,51.1941947937012,56.2651277668782,-5.07093297317703
22,-76.1749984528869,4.72499932534993,33.7123260498047,54.1888290882147,-20.4765030384101
23,-76.1249984521419,4.72499932534993,25.6690845489502,52.1125304095513,-26.4434458606011
24,-76.0749984513968,4.72499932534993,41.1002426147461,50.0362317308878,-8.93598911614174
25,-76.0249984506518,4.72499932534993,40.4412689208984,47.9599330522244,-7.51866413132594
26,-75.9749984499067,4.72499932534993,53.5390205383301,45.8836343735609,7.65538616476915
27,-75.9249984491616,4.72499932534993,47.6831245422363,43.8073356948975,3.87578884733885
28,-75.8749984484166,4.72499932534993,53.646614074707,41.7310370162346,11.9155770584724
29,-75.8249984476715,4.72499932534993,59.5572662353516,39.6547383375711,19.9025278977804
30,-76.2749984543771,4.67499932460487,38.2534103393555,57.1611287884456,-18.9077184490901
31,-76.224998453632,4.67499932460487,32.6792984008789,55.0848301097822,-22.4055317089032
32,-76.1749984528869,4.67499932460487,33.6406478881836,53.0085314311187,-19.3678835429351
33,-76.1249984521419,4.67499932460487,30.5341510772705,50.9322327524552,-20.3980816751847
34,-76.0749984513968,4.67499932460487,31.6925830841064,48.8559340737918,-17.1633509896853
35,-76.0249984506518,4.67499932460487,39.6946487426758,46.7796353951283,-7.08498665245255
36,-75.9749984499067,4.67499932460487,61.1983070373535,44.7033367164649,16.4949703208886
37,-75.9249984491616,4.67499932460487,44.1488189697266,42.6270380378014,1.52178093192514
38,-75.8749984484166,4.67499932460487,45.731876373291,40.5507393591386,5.18113701415246
39,-75.8249984476715,4.67499932460487,53.245044708252,38.4744406804751,14.7706040277769
40,-75.7749984469265,4.67499932460487,42.7127494812012,36.3981420018116,6.31460747938953
41,-75.7249984461814,4.67499932460487,61.2600402832031,34.3218433231482,26.9381969600549
42,-76.2749984543771,4.62499932385981,42.9301147460938,55.9808311313496,-13.0507163852558
43,-76.224998453632,4.62499932385981,42.0722503662109,53.9045324526861,-11.8322820864752
44,-76.1749984528869,4.62499932385981,36.5986061096191,51.8282337740226,-15.2296276644035
45,-76.1249984521419,4.62499932385981,32.9421081542969,49.7519350953592,-16.8098269410623
46,-76.0749984513968,4.62499932385981,34.7756729125977,47.6756364166957,-12.8999635040981
47,-76.0249984506518,4.62499932385981,34.9085235595703,45.5993377380323,-10.690814178462
48,-75.9749984499067,4.62499932385981,48.0012283325195,43.5230390593688,4.4781892731507
49,-75.9249984491616,4.62499932385981,51.8606948852539,41.4467403807054,10.4139545045485
50,-75.8749984484166,4.62499932385981,52.6089172363281,39.3704417020425,13.2384755342856
51,-76.3249984551221,4.57499932311476,41.1486167907715,56.876832152917,-15.7282153621455
52,-76.2749984543771,4.57499932311476,36.5909118652344,54.8005334742535,-18.2096216090191
53,-76.224998453632,4.57499932311476,40.1131324768066,52.7242347955901,-12.6111023187834
54,-76.1749984528869,4.57499932311476,29.6827983856201,50.6479361169266,-20.9651377313065
55,-76.1249984521419,4.57499932311476,34.6451606750488,48.5716374382632,-13.9264767632143
56,-76.0749984513968,4.57499932311476,36.0216484069824,46.4953387595997,-10.4736903526173
57,-76.0249984506518,4.57499932311476,32.3201637268066,44.4190400809362,-12.0988763541296
58,-75.9749984499067,4.57499932311476,47.3914108276367,42.3427414022728,5.04866942536394
59,-75.9249984491616,4.57499932311476,60.5735702514648,40.2664427236093,20.3071275278555
60,-75.8749984484166,4.57499932311476,54.9611206054688,38.1901440449465,16.7709765605223
61,-76.3249984551221,4.5249993223697,47.8347244262695,55.6965344958209,-7.86181006955137
62,-76.2749984543771,4.5249993223697,43.6841773986816,53.6202358171575,-9.93605841847581
63,-76.224998453632,4.5249993223697,38.0939674377441,51.543937138494,-13.4499697007499
64,-76.1749984528869,4.5249993223697,35.8625526428223,49.4676384598305,-13.6050858170083
65,-76.1249984521419,4.5249993223697,39.6851196289062,47.3913397811671,-7.70622015226083
66,-76.0749984513968,4.5249993223697,39.4853401184082,45.3150411025036,-5.82970098409542
67,-76.0249984506518,4.5249993223697,34.884651184082,43.2387424238402,-8.35409123975814
68,-75.9749984499067,4.5249993223697,49.8101501464844,41.1624437451767,8.64770640130766
69,-75.9249984491616,4.5249993223697,56.0639877319336,39.0861450665133,16.9778426654203
70,-75.8749984484166,4.5249993223697,49.8213081359863,37.0098463878504,12.8114617481359
71,-76.3749984558672,4.47499932162464,54.9071273803711,56.5925355173883,-1.68540813701722
72,-76.3249984551221,4.47499932162464,55.367504119873,54.5162368387249,0.851267281148193
73,-76.2749984543771,4.47499932162464,46.4273910522461,52.4399381600614,-6.0125471078153
74,-76.224998453632,4.47499932162464,48.8215408325195,50.3636394813979,-1.54209864887841
75,-76.1749984528869,4.47499932162464,47.8320426940918,48.2873408027345,-0.455298108642689
76,-76.1249984521419,4.47499932162464,47.3580093383789,46.211042124071,1.14696721430787
77,-76.0749984513968,4.47499932162464,38.5742416381836,44.1347434454076,-5.56050180722398
78,-76.0249984506518,4.47499932162464,50.3164672851562,42.0584447667441,8.25802251841213
79,-75.9749984499067,4.47499932162464,59.8482627868652,39.9821460880807,19.8661166987846
80,-75.9249984491616,4.47499932162464,58.8312301635742,37.9058474094172,20.925382754157
81,-75.8749984484166,4.47499932162464,60.4811134338379,35.8295487307543,24.6515647030835
82,-76.4249984566122,4.42499932087958,55.437183380127,57.4885365389551,-2.05135315882818
83,-76.3749984558672,4.42499932087958,56.1239128112793,55.4122378602923,0.711674950987035
84,-76.3249984551221,4.42499932087958,60.386474609375,53.3359391816288,7.05053542774619
85,-76.2749984543771,4.42499932087958,47.5570068359375,51.2596405029654,-3.70263366702785
86,-76.224998453632,4.42499932087958,43.0300064086914,49.1833418243019,-6.15333541561049
87,-76.1749984528869,4.42499932087958,48.6592903137207,47.1070431456384,1.55224716808226
88,-76.1249984521419,4.42499932087958,44.4797134399414,45.030744466975,-0.551031027033579
89,-76.0749984513968,4.42499932087958,40.8434066772461,42.9544457883115,-2.11103911106543
90,-76.0249984506518,4.42499932087958,39.5651664733887,40.8781471096481,-1.3129806362594
91,-75.9749984499067,4.42499932087958,61.9356727600098,38.8018484309846,23.1338243290251
92,-75.9249984491616,4.42499932087958,64.6640319824219,36.7255497523212,27.9384822301007
93,-76.5249984581023,4.37499932013452,69.7870178222656,60.460836239186,9.32618158307963
94,-76.4749984573573,4.37499932013452,58.1464080810547,58.3845375605225,-0.238129479467849
95,-76.4249984566122,4.37499932013452,60.593994140625,56.3082388818591,4.28575525876592
96,-76.3749984558672,4.37499932013452,58.260612487793,54.2319402031962,4.02867228459675
97,-76.3249984551221,4.37499932013452,59.0272483825684,52.1556415245328,6.8716068580356
98,-76.2749984543771,4.37499932013452,40.6070213317871,50.0793428458693,-9.4723215140822
99,-76.224998453632,4.37499932013452,39.1309852600098,48.0030441672059,-8.87205890719609
100,-76.1749984528869,4.37499932013452,46.025562286377,45.9267454885424,0.0988167978345618
101,-76.1249984521419,4.37499932013452,40.4879035949707,43.8504468098789,-3.36254321490824
102,-76.0749984513968,4.37499932013452,39.1286849975586,41.7741481312155,-2.64546313365689
103,-76.0249984506518,4.37499932013452,37.1436424255371,39.697849452552,-2.55420702701492
104,-75.9749984499067,4.37499932013452,50.2130584716797,37.6215507738886,12.5915076977911
105,-75.9249984491616,4.37499932013452,49.4452209472656,35.5452520952251,13.8999688520405
106,-75.8749984484166,4.37499932013452,44.6594924926758,33.4689534165623,11.1905390761135
107,-75.8249984476715,4.37499932013452,44.2312126159668,31.3926547378988,12.838557878068
108,-76.5249984581023,4.32499931938946,60.4852676391602,59.2805385820899,1.20472905707021
109,-76.4749984573573,4.32499931938946,60.1876106262207,57.2042399034265,2.98337072279422
110,-76.4249984566122,4.32499931938946,54.4532318115234,55.127941224763,-0.674709413239598
111,-76.3749984558672,4.32499931938946,53.0776977539062,53.0516425461002,0.0260552078060817
112,-76.3249984551221,4.32499931938946,47.4797515869141,50.9753438674367,-3.49559228052265
113,-76.2749984543771,4.32499931938946,38.7489471435547,48.8990451887733,-10.1500980452186
114,-76.224998453632,4.32499931938946,42.0851898193359,46.8227465101098,-4.73755669077386
115,-76.1749984528869,4.32499931938946,46.4719276428223,44.7464478314463,1.72547981137592
116,-76.1249984521419,4.32499931938946,42.1065979003906,42.6701491527829,-0.563551252392265
117,-76.0749984513968,4.32499931938946,40.7850646972656,40.5938504741194,0.191214223146193
118,-76.0249984506518,4.32499931938946,42.4209442138672,38.517551795456,3.90339241841121
119,-75.9749984499067,4.32499931938946,55.4660682678223,36.4412531167925,19.0248151510297
120,-75.9249984491616,4.32499931938946,57.6341400146484,34.3649544381291,23.2691855765194
121,-75.8749984484166,4.32499931938946,56.2064743041992,32.2886557594662,23.917818544733
122,-75.8249984476715,4.32499931938946,51.9910087585449,30.2123570808027,21.7786516777422
123,-76.5249984581023,4.27499931864441,69.6018447875977,58.1002409249939,11.5016038626038
124,-76.4749984573573,4.27499931864441,66.0197906494141,56.0239422463304,9.99584840308362
125,-76.4249984566122,4.27499931864441,52.9207153320312,53.947643567667,-1.02692823563573
126,-76.3749984558672,4.27499931864441,42.888370513916,51.8713448890041,-8.9829743750881
127,-76.3249984551221,4.27499931864441,41.7596855163574,49.7950462103407,-8.03536069398324
128,-76.2749984543771,4.27499931864441,45.8185386657715,47.7187475316772,-1.90020886590572
129,-76.224998453632,4.27499931864441,50.7087326049805,45.6424488530138,5.06628375196671
130,-76.1749984528869,4.27499931864441,50.1457366943359,43.5661501743503,6.57958651998564
131,-76.1249984521419,4.27499931864441,44.0330657958984,41.4898514956868,2.5432143002116
132,-76.0749984513968,4.27499931864441,43.3712463378906,39.4135528170234,3.95769352086724
133,-76.0249984506518,4.27499931864441,42.4718933105469,37.3372541383599,5.13463917218695
134,-75.9749984499067,4.27499931864441,66.9720001220703,35.2609554596965,31.7110446623738
135,-75.9249984491616,4.27499931864441,77.3305206298828,33.184656781033,44.1458638488498
136,-75.8749984484166,4.27499931864441,85.9416198730469,31.1083581023702,54.8332617706767
137,-75.8249984476715,4.27499931864441,72.042236328125,29.0320594237067,43.0101769044183
138,-77.2749984692782,4.22499931789935,113.029853820801,88.0644234478491,24.9654303729517
139,-76.4249984566122,4.22499931789935,51.0218353271484,52.7673459105709,-1.7455105834225
140,-76.3749984558672,4.22499931789935,42.3325424194336,50.6910472319081,-8.35850481247448
141,-76.3249984551221,4.22499931789935,42.9837265014648,48.6147485532446,-5.63102205177977
142,-76.2749984543771,4.22499931789935,43.7619857788086,46.5384498745812,-2.77646409577257
143,-76.224998453632,4.22499931789935,46.6607208251953,44.4621511959177,2.19856962927761
144,-76.1749984528869,4.22499931789935,46.0168495178223,42.3858525172542,3.63099700056802
145,-76.1249984521419,4.22499931789935,43.5811309814453,40.3095538385908,3.27157714285452
146,-76.0749984513968,4.22499931789935,44.0354461669922,38.2332551599273,5.80219100706485
147,-76.0249984506518,4.22499931789935,43.1894111633301,36.1569564812639,7.0324546820662
148,-75.9749984499067,4.22499931789935,61.3247451782227,34.0806578026004,27.2440873756222
149,-75.9249984491616,4.22499931789935,69.1127777099609,32.004359123937,37.108418586024
150,-75.8749984484166,4.22499931789935,84.8973541259766,29.9280604452741,54.9692936807025
151,-75.8249984476715,4.22499931789935,76.3125915527344,27.8517617666107,48.4608297861237
152,-77.3749984707683,4.17499931715429,104.82723236084,91.0367231480793,13.7905092127605
153,-77.3249984700232,4.17499931715429,99.1582489013672,88.9604244694159,10.1978244319513
154,-77.2749984692782,4.17499931715429,98.2651824951172,86.884125790753,11.3810567043642
155,-77.1749984677881,4.17499931715429,91.5575485229492,82.7315284334261,8.82602008952311
156,-76.4249984566122,4.17499931715429,44.6402435302734,51.5870482534749,-6.94680472320143
157,-76.3749984558672,4.17499931715429,38.3415489196777,49.510749574812,-11.1692006551343
158,-76.3249984551221,4.17499931715429,41.944206237793,47.4344508961485,-5.49024465835558
159,-76.2749984543771,4.17499931715429,40.6438217163086,45.3581522174851,-4.7143305011765
160,-76.224998453632,4.17499931715429,39.2050857543945,43.2818535388216,-4.0767677844271
161,-76.1749984528869,4.17499931715429,44.0850486755371,41.2055548601582,2.87949381537893
162,-76.1249984521419,4.17499931715429,41.959285736084,39.1292561814947,2.83002955458926
163,-76.0749984513968,4.17499931715429,49.8818511962891,37.0529575028313,12.8288936934578
164,-76.0249984506518,4.17499931715429,48.6723098754883,34.9766588241678,13.6956510513205
165,-75.9749984499067,4.17499931715429,52.9280891418457,32.9003601455044,20.0277289963413
166,-75.9249984491616,4.17499931715429,56.7346687316895,30.8240614668409,25.9106072648485
167,-75.8749984484166,4.17499931715429,72.0953216552734,28.747762788178,43.3475588670954
168,-77.4249984715133,4.12499931640923,102.556350708008,91.9327241696467,10.6236265383611
169,-77.3749984707683,4.12499931640923,99.6734924316406,89.8564254909833,9.81706694065733
170,-77.3249984700232,4.12499931640923,95.6056976318359,87.7801268123198,7.8255708195161
171,-77.2749984692782,4.12499931640923,98.3886871337891,85.703828133657,12.6848590001321
172,-77.2249984685331,4.12499931640923,95.1134872436523,83.6275294549935,11.4859577886588
173,-77.1749984677881,4.12499931640923,88.3917541503906,81.5512307763301,6.84052337406057
174,-77.124998467043,4.12499931640923,80.6308364868164,79.4749320976666,1.15590438914981
175,-76.4249984566122,4.12499931640923,41.9044418334961,50.4067505963788,-8.50230876288273
176,-76.3749984558672,4.12499931640923,36.4845123291016,48.330451917716,-11.8459395886144
177,-76.3249984551221,4.12499931640923,40.031909942627,46.2541532390525,-6.22224329642554
178,-76.2749984543771,4.12499931640923,37.1128349304199,44.177854560389,-7.06501962996912
179,-76.224998453632,4.12499931640923,37.8414001464844,42.1015558817256,-4.26015573524121
180,-76.1749984528869,4.12499931640923,36.6712684631348,40.0252572030621,-3.35398873992736
181,-76.1249984521419,4.12499931640923,39.938793182373,37.9489585243987,1.98983465797437
182,-76.0749984513968,4.12499931640923,47.6546249389648,35.8726598457352,11.7819650932296
183,-76.0249984506518,4.12499931640923,46.7494354248047,33.7963611670718,12.9530742577329
184,-75.9749984499067,4.12499931640923,50.7035369873047,31.7200624884083,18.9834744988964
185,-75.9249984491616,4.12499931640923,55.5307769775391,29.6437638097449,25.8870131677942
186,-75.8749984484166,4.12499931640923,55.088794708252,27.567465131082,27.52132957717
187,-77.4249984715133,4.07499931566417,115.616149902344,90.7524265125507,24.8637233897931
188,-77.3749984707683,4.07499931566417,96.96630859375,88.6761278338873,8.29018075986276
189,-77.3249984700232,4.07499931566417,100.395080566406,86.5998291552238,13.7952514111825
190,-77.2749984692782,4.07499931566417,93.7717208862305,84.5235304765609,9.24819040966955
191,-77.2249984685331,4.07499931566417,95.0784149169922,82.4472317978975,12.6311831190947
192,-77.1749984677881,4.07499931566417,89.3099899291992,80.370933119234,8.93905680996521
193,-77.124998467043,4.07499931566417,83.3158493041992,78.2946344405705,5.02121486362867
194,-77.074998466298,4.07499931566417,80.529182434082,76.2183357619071,4.31084667217493
195,-77.0249984655529,4.07499931566417,76.6013336181641,74.1420370832437,2.45929653492041
196,-76.9749984648078,4.07499931566417,83.0799942016602,72.0657384045802,11.01425579708
197,-76.9249984640628,4.07499931566417,77.6012954711914,69.9894397259167,7.61185574527467
198,-76.4749984573573,4.07499931566417,38.2246246337891,51.3027516179462,-13.0781269841572
199,-76.4249984566122,4.07499931566417,31.0576972961426,49.2264529392828,-18.1687556431402
200,-76.3749984558672,4.07499931566417,30.5091705322266,47.1501542606199,-16.6409837283933
201,-76.3249984551221,4.07499931566417,30.7024269104004,45.0738555819565,-14.3714286715561
202,-76.2749984543771,4.07499931566417,32.7637252807617,42.997556903293,-10.2338316225313
203,-76.224998453632,4.07499931566417,31.6808795928955,40.9212582246295,-9.24037863173403
204,-76.1749984528869,4.07499931566417,38.3927764892578,38.8449595459661,-0.45218305670827
205,-76.1249984521419,4.07499931566417,37.2254867553711,36.7686608673026,0.456825888068465
206,-76.0749984513968,4.07499931566417,35.491039276123,34.6923621886392,0.798677087483876
207,-76.0249984506518,4.07499931566417,38.5591201782227,32.6160635099757,5.94305666824694
208,-75.9749984499067,4.07499931566417,51.3995246887207,30.5397648313123,20.8597598574084
209,-75.9249984491616,4.07499931566417,48.6788711547852,28.4634661526488,20.2154050021363
210,-75.8749984484166,4.07499931566417,44.5334243774414,26.3871674739859,18.1462569034555
211,-75.8249984476715,4.07499931566417,42.4022216796875,24.3108687953225,18.091352884365
212,-77.4249984715133,4.02499931491912,142.598831176758,89.5721288554547,53.0267023213032
213,-77.3749984707683,4.02499931491912,107.468971252441,87.4958301767912,19.9731410756502
214,-77.3249984700232,4.02499931491912,105.371421813965,85.4195314981277,19.9518903158371
215,-77.1749984677881,4.02499931491912,96.7078094482422,79.190635462138,17.5171739861042
216,-77.124998467043,4.02499931491912,87.4021682739258,77.1143367834745,10.2878314904513
217,-77.074998466298,4.02499931491912,75.0943450927734,75.0380381048111,0.0563069879623874
218,-77.0249984655529,4.02499931491912,66.9546890258789,72.9617394261476,-6.00705040026869
219,-76.9749984648078,4.02499931491912,71.6783981323242,70.8854407474841,0.792957384840075
220,-76.9249984640628,4.02499931491912,67.3991088867188,68.8091420688207,-1.41003318210193
221,-76.8749984633177,4.02499931491912,58.3169631958008,66.7328433901572,-8.41588019435645
222,-76.5249984581023,4.02499931491912,32.465087890625,52.1987526395136,-19.7336647488886
223,-76.4749984573573,4.02499931491912,26.9738922119141,50.1224539608502,-23.1485617489361
224,-76.4249984566122,4.02499931491912,24.3184337615967,48.0461552821867,-23.72772152059
225,-76.3749984558672,4.02499931491912,23.4228057861328,45.9698566035239,-22.547050817391
226,-76.3249984551221,4.02499931491912,25.4236927032471,43.8935579248604,-18.4698652216133
227,-76.2749984543771,4.02499931491912,28.757984161377,41.8172592461969,-13.05927508482
228,-76.224998453632,4.02499931491912,28.8079719543457,39.7409605675335,-10.9329886131878
229,-76.1749984528869,4.02499931491912,33.5221633911133,37.66466188887,-4.14249849775675
230,-76.1249984521419,4.02499931491912,32.5840148925781,35.5883632102066,-3.00434831762846
231,-76.0749984513968,4.02499931491912,35.629524230957,33.5120645315431,2.11745969941391
232,-76.0249984506518,4.02499931491912,35.6068382263184,31.4357658528797,4.17107237343869
233,-75.9749984499067,4.02499931491912,52.6404151916504,29.3594671742162,23.2809480174342
234,-75.9249984491616,4.02499931491912,56.5200309753418,27.2831684955528,29.236862479789
235,-75.8749984484166,4.02499931491912,42.019775390625,25.2068698168899,16.8129055737351
236,-75.8249984476715,4.02499931491912,37.8551025390625,23.1305711382264,14.7245314008361
237,-75.7749984469265,4.02499931491912,43.7023391723633,21.054272459563,22.6480667128003
238,-77.3749984707683,3.97499931417406,147.467071533203,86.3155325196952,61.151539013508
239,-77.3249984700232,3.97499931417406,116.604156494141,84.2392338410317,32.3649226531089
240,-77.2749984692782,3.97499931417406,118.174186706543,82.1629351623688,36.0112515441741
241,-77.2249984685331,3.97499931417406,119.876319885254,80.0866364837054,39.7896834015485
242,-77.1749984677881,3.97499931417406,107.385681152344,78.0103378050419,29.3753433473018
243,-77.124998467043,3.97499931417406,100.010635375977,75.9340391263785,24.0765962495981
244,-77.074998466298,3.97499931417406,82.4771118164062,73.857740447715,8.61937136869125
245,-77.0249984655529,3.97499931417406,78.7945098876953,71.7814417690516,7.01306811864376
246,-76.9749984648078,3.97499931417406,75.5053482055664,69.7051430903881,5.80020511517831
247,-76.9249984640628,3.97499931417406,57.5940017700195,67.6288444117246,-10.0348426417051
248,-76.8749984633177,3.97499931417406,56.1879463195801,65.5525457330612,-9.36459941348111
249,-76.8249984625727,3.97499931417406,52.7648048400879,63.4762470543983,-10.7114422143104
250,-76.7749984618276,3.97499931417406,45.6420249938965,61.3999483757349,-15.7579233818384
251,-76.7249984610826,3.97499931417406,42.2973823547363,59.3236496970714,-17.0262673423351
252,-76.6749984603375,3.97499931417406,34.822193145752,57.2473510184079,-22.425157872656
253,-76.6249984595924,3.97499931417406,25.2525424957275,55.1710523397445,-29.918509844017
254,-76.5749984588474,3.97499931417406,24.6813697814941,53.094753661081,-28.4133838795869
255,-76.5249984581023,3.97499931417406,19.8323497772217,51.0184549824176,-31.1861052051959
256,-76.4749984573573,3.97499931417406,20.036792755127,48.9421563037541,-28.9053635486272
257,-76.4249984566122,3.97499931417406,17.6201572418213,46.8658576250907,-29.2457003832694
258,-76.3749984558672,3.97499931417406,19.0607395172119,44.7895589464278,-25.7288194292159
259,-76.3249984551221,3.97499931417406,22.5010948181152,42.7132602677644,-20.2121654496491
260,-76.2749984543771,3.97499931417406,26.1997089385986,40.6369615891009,-14.4372526505023
261,-76.224998453632,3.97499931417406,25.4270477294922,38.5606629104374,-13.1336151809453
262,-76.1749984528869,3.97499931417406,34.2307815551758,36.484364231774,-2.25358267659821
263,-76.1249984521419,3.97499931417406,32.7230796813965,34.4080655531105,-1.68498587171405
264,-76.0749984513968,3.97499931417406,36.5390281677246,32.3317668744471,4.20726129327753
265,-76.0249984506518,3.97499931417406,45.3063583374023,30.2554681957836,15.0508901416187
266,-75.9749984499067,3.97499931417406,46.8704490661621,28.1791695171202,18.6912795490419
267,-75.9249984491616,3.97499931417406,46.7266502380371,26.1028708384567,20.6237793995804
268,-75.8749984484166,3.97499931417406,41.9097328186035,24.0265721597938,17.8831606588097
269,-75.8249984476715,3.97499931417406,39.3945999145508,21.9502734811304,17.4443264334204
270,-77.2749984692782,3.924999313429,139.430526733398,80.9826375052728,58.4478892281257
271,-77.2249984685331,3.924999313429,121.274780273438,78.9063388266093,42.3684414468282
272,-77.1749984677881,3.924999313429,101.373382568359,76.8300401479459,24.5433424204135
273,-77.124998467043,3.924999313429,97.6648559570312,74.7537414692824,22.9111144877488
274,-77.074998466298,3.924999313429,80.1593933105469,72.677442790619,7.48195051992792
275,-77.0249984655529,3.924999313429,66.715202331543,70.6011441119555,-3.88594178041253
276,-76.9749984648078,3.924999313429,69.7178497314453,68.524845433292,1.19300429815326
277,-76.9249984640628,3.924999313429,48.912540435791,66.4485467546286,-17.5360063188376
278,-76.8749984633177,3.924999313429,48.5779571533203,64.3722480759651,-15.7942909226448
279,-76.8249984625727,3.924999313429,49.5818557739258,62.2959493973023,-12.7140936233765
280,-76.7749984618276,3.924999313429,38.5573768615723,60.2196507186388,-21.6622738570665
281,-76.7249984610826,3.924999313429,35.8242683410645,58.1433520399754,-22.3190836989109
282,-76.6749984603375,3.924999313429,27.1303882598877,56.0670533613119,-28.9366651014242
283,-76.6249984595924,3.924999313429,5.2897253036499,53.9907546826484,-48.7010293789985
284,-76.5749984588474,3.924999313429,19.4690914154053,51.914456003985,-32.4453645885797
285,-76.5249984581023,3.924999313429,15.3641920089722,49.8381573253215,-34.4739653163494
286,-76.4749984573573,3.924999313429,14.7843790054321,47.7618586466581,-32.977479641226
287,-76.4249984566122,3.924999313429,16.2681427001953,45.6855599679946,-29.4174172677993
288,-76.3749984558672,3.924999313429,17.1104888916016,43.6092612893318,-26.4987723977302
289,-76.3249984551221,3.924999313429,20.1304893493652,41.5329626106683,-21.4024732613031
290,-76.2749984543771,3.924999313429,38.4657363891602,39.4566639320049,-0.990927542844696
291,-76.224998453632,3.924999313429,35.4147262573242,37.3803652533414,-1.96563899601718
292,-76.1749984528869,3.924999313429,52.7878456115723,35.3040665746779,17.4837790368943
293,-76.1249984521419,3.924999313429,46.384449005127,33.2277678960145,13.1566811091125
294,-76.0749984513968,3.924999313429,39.2731742858887,31.151469217351,8.12170506853765
295,-76.0249984506518,3.924999313429,36.6946601867676,29.0751705386876,7.61948964808
296,-75.9749984499067,3.924999313429,43.8154029846191,26.9988718600241,16.816531124595
297,-75.9249984491616,3.924999313429,44.1427230834961,24.9225731813607,19.2201499021354
298,-75.8749984484166,3.924999313429,43.3597450256348,22.8462745026978,20.513470522937
299,-75.8249984476715,3.924999313429,39.7582778930664,20.7699758240343,18.9883020690321
300,-77.2749984692782,3.87499931268394,137.291000366211,79.8023398481767,57.4886605180342
301,-77.2249984685331,3.87499931268394,124.320251464844,77.7260411695133,46.5942102953305
302,-77.1749984677881,3.87499931268394,112.044044494629,75.6497424908498,36.3943020037791
303,-77.124998467043,3.87499931268394,101.281120300293,73.5734438121864,27.7076764881066
304,-77.0249984655529,3.87499931268394,66.0774230957031,69.4208464548594,-3.34342335915632
305,-76.9749984648078,3.87499931268394,65.6389236450195,67.344547776196,-1.70562413117646
306,-76.9249984640628,3.87499931268394,53.4119186401367,65.2682490975325,-11.8563304573958
307,-76.8749984633177,3.87499931268394,49.602653503418,63.1919504188691,-13.5892969154511
308,-76.8249984625727,3.87499931268394,48.9705810546875,61.1156517402062,-12.1450706855187
309,-76.7749984618276,3.87499931268394,38.6488876342773,59.0393530615428,-20.3904654272654
310,-76.7249984610826,3.87499931268394,31.2499408721924,56.9630543828793,-25.7131135106869
311,-76.6749984603375,3.87499931268394,23.7404613494873,54.8867557042158,-31.1462943547285
312,-76.6249984595924,3.87499931268394,5.55035543441772,52.8104570255524,-47.2601015911347
313,-76.5749984588474,3.87499931268394,16.2427845001221,50.7341583468889,-34.4913738467669
314,-76.5249984581023,3.87499931268394,16.3427066802979,48.6578596682255,-32.3151529879276
315,-76.4749984573573,3.87499931268394,11.8923292160034,46.581560989562,-34.6892317735586
316,-76.4249984566122,3.87499931268394,13.854154586792,44.5052623108986,-30.6511077241066
317,-76.3749984558672,3.87499931268394,16.7936038970947,42.4289636322357,-25.635359735141
318,-76.3249984551221,3.87499931268394,20.2327213287354,40.3526649535722,-20.1199436248369
319,-76.2749984543771,3.87499931268394,31.0517539978027,38.2763662749088,-7.22461227710606
320,-76.224998453632,3.87499931268394,32.8496131896973,36.2000675962453,-3.35045440654807
321,-76.1749984528869,3.87499931268394,37.5868377685547,34.1237689175819,3.46306885097281
322,-76.1249984521419,3.87499931268394,60.5447120666504,32.0474702389184,28.497241827732
323,-76.0749984513968,3.87499931268394,46.6586494445801,29.971171560255,16.6874778843251
324,-76.0249984506518,3.87499931268394,49.453239440918,27.8948728815915,21.5583665593265
325,-75.9749984499067,3.87499931268394,54.864372253418,25.8185742029281,29.0457980504899
326,-75.9249984491616,3.87499931268394,58.0098075866699,23.7422755242646,34.2675320624053
327,-75.8749984484166,3.87499931268394,50.525764465332,21.6659768456017,28.8597876197303
328,-77.074998466298,3.82499931193888,83.455451965332,70.3168474764268,13.1386044889052
329,-77.0249984655529,3.82499931193888,71.251350402832,68.2405487977634,3.01080160506865
330,-76.9749984648078,3.82499931193888,71.8927154541016,66.1642501190999,5.72846533500163
331,-76.9249984640628,3.82499931193888,55.7495574951172,64.0879514404365,-8.33839394531928
332,-76.8749984633177,3.82499931193888,52.6954612731934,62.011652761773,-9.31619148857966
333,-76.8249984625727,3.82499931193888,44.0332221984863,59.9353540831102,-15.9021318846238
334,-76.7749984618276,3.82499931193888,39.5233268737793,57.8590554044467,-18.3357285306674
335,-76.7249984610826,3.82499931193888,30.3503532409668,55.7827567257832,-25.4324034848164
336,-76.6749984603375,3.82499931193888,24.6713180541992,53.7064580471198,-29.0351399929206
337,-76.6249984595924,3.82499931193888,5.47906732559204,51.6301593684563,-46.1510920428643
338,-76.5749984588474,3.82499931193888,15.568021774292,49.5538606897929,-33.9858389155009
339,-76.5249984581023,3.82499931193888,15.213770866394,47.4775620111294,-32.2637911447354
340,-76.4749984573573,3.82499931193888,10.4526443481445,45.401263332466,-34.9486189843214
341,-76.4249984566122,3.82499931193888,19.3844718933105,43.3249646538025,-23.940492760492
342,-76.3749984558672,3.82499931193888,26.1010665893555,41.2486659751396,-15.1475993857842
343,-76.3249984551221,3.82499931193888,22.9538249969482,39.1723672964762,-16.2185422995279
344,-76.2749984543771,3.82499931193888,23.9792537689209,37.0960686178127,-13.1168148488918
345,-76.224998453632,3.82499931193888,25.3645896911621,35.0197699391493,-9.65518024798717
346,-76.1749984528869,3.82499931193888,45.9644317626953,32.9434712604858,13.0209605022095
347,-76.1249984521419,3.82499931193888,59.5826644897461,30.8671725818224,28.7154919079237
348,-76.0749984513968,3.82499931193888,54.6681518554688,28.7908739031589,25.8772779523098
349,-76.0249984506518,3.82499931193888,48.8652381896973,26.7145752244955,22.1506629652018
350,-75.9749984499067,3.82499931193888,51.9298286437988,24.638276545832,27.2915520979668
351,-75.9249984491616,3.82499931193888,54.0883407592773,22.5619778671686,31.5263628921088
352,-75.8749984484166,3.82499931193888,45.9959907531738,20.4856791885057,25.5103115646681
353,-77.124998467043,3.77499931119382,109.433410644531,71.2128484979942,38.220562146537
354,-77.074998466298,3.77499931119382,86.9602279663086,69.1365498193308,17.8236781469778
355,-77.0249984655529,3.77499931119382,72.8102722167969,67.0602511406673,5.75002107612954
356,-76.9749984648078,3.77499931119382,70.2448425292969,64.9839524620039,5.26089006729299
357,-76.9249984640628,3.77499931119382,51.6150169372559,62.9076537833404,-11.2926368460846
358,-76.8749984633177,3.77499931119382,48.0180053710938,60.831355104677,-12.8133497335832
359,-76.8249984625727,3.77499931119382,44.0827484130859,58.7550564260141,-14.6723080129282
360,-76.7749984618276,3.77499931119382,36.7632141113281,56.6787577473507,-19.9155436360225
361,-76.7249984610826,3.77499931119382,28.135913848877,54.6024590686872,-26.4665452198102
362,-76.6749984603375,3.77499931119382,21.4693145751953,52.5261603900237,-31.0568458148284
363,-76.6249984595924,3.77499931119382,16.0627613067627,50.4498617113603,-34.3871004045976
364,-76.5749984588474,3.77499931119382,14.8105344772339,48.3735630326968,-33.5630285554629
365,-76.5249984581023,3.77499931119382,16.4128131866455,46.2972643540334,-29.8844511673879
366,-76.4749984573573,3.77499931119382,19.2938613891602,44.2209656753699,-24.9271042862098
367,-76.4249984566122,3.77499931119382,21.9748821258545,42.1446669967065,-20.169784870852
368,-76.3749984558672,3.77499931119382,24.1535015106201,40.0683683180436,-15.9148668074235
369,-76.3249984551221,3.77499931119382,29.4709358215332,37.9920696393801,-8.52113381784694
370,-76.2749984543771,3.77499931119382,34.5023727416992,35.9157709607167,-1.41339821901747
371,-76.224998453632,3.77499931119382,45.7717666625977,33.8394722820532,11.9322943805444
372,-76.1749984528869,3.77499931119382,43.0041275024414,31.7631736033898,11.2409538990516
373,-76.1249984521419,3.77499931119382,55.1507148742676,29.6868749247263,25.4638399495413
374,-76.0749984513968,3.77499931119382,49.3994522094727,27.6105762460629,21.7888759634098
375,-76.0249984506518,3.77499931119382,54.2912483215332,25.5342775673994,28.7569707541338
376,-75.9749984499067,3.77499931119382,50.8941650390625,23.457978888736,27.4361861503265
377,-75.9249984491616,3.77499931119382,46.8637008666992,21.3816802100725,25.4820206566267
378,-77.1749984677881,3.72499931044877,108.221168518066,72.1088495195617,36.1123189985047
379,-77.124998467043,3.72499931044877,102.451461791992,70.0325508408982,32.418910951094
380,-77.074998466298,3.72499931044877,88.9898986816406,67.9562521622347,21.0336465194059
381,-77.0249984655529,3.72499931044877,72.9534072875977,65.8799534835713,7.07345380402637
382,-76.9749984648078,3.72499931044877,69.4604568481445,63.8036548049078,5.6568020432367
383,-76.9249984640628,3.72499931044877,53.8898048400879,61.7273561262444,-7.83755128615649
384,-76.8749984633177,3.72499931044877,46.6550216674805,59.6510574475809,-12.9960357801005
385,-76.8249984625727,3.72499931044877,44.7751235961914,57.5747587689181,-12.7996351727267
386,-76.7749984618276,3.72499931044877,35.8518486022949,55.4984600902546,-19.6466114879597
387,-76.7249984610826,3.72499931044877,28.6642227172852,53.4221614115911,-24.757938694306
388,-76.6749984603375,3.72499931044877,7.62136840820312,51.3458627329277,-43.7244943247246
389,-76.6249984595924,3.72499931044877,17.2437610626221,49.2695640542642,-32.0258029916422
390,-76.5749984588474,3.72499931044877,17.9416370391846,47.1932653756008,-29.2516283364162
391,-76.5249984581023,3.72499931044877,16.4360084533691,45.1169666969373,-28.6809582435682
392,-76.4749984573573,3.72499931044877,19.0714168548584,43.0406680182739,-23.9692511634155
393,-76.4249984566122,3.72499931044877,24.7727928161621,40.9643693396104,-16.1915765234483
394,-76.3749984558672,3.72499931044877,28.8729248046875,38.8880706609475,-10.01514585626
395,-76.3249984551221,3.72499931044877,32.1746406555176,36.8117719822841,-4.63713132676652
396,-76.2749984543771,3.72499931044877,44.7571411132812,34.7354733036206,10.0216678096606
397,-76.224998453632,3.72499931044877,35.7261238098145,32.6591746249572,3.06694918485727
398,-76.1749984528869,3.72499931044877,47.114631652832,30.5828759462937,16.5317557065383
399,-76.1249984521419,3.72499931044877,50.5876274108887,28.5065772676303,22.0810501432584
400,-76.0749984513968,3.72499931044877,44.5459671020508,26.4302785889668,18.115688513084
401,-76.0249984506518,3.72499931044877,50.089771270752,24.3539799103034,25.7357913604486
402,-75.9749984499067,3.72499931044877,50.6924743652344,22.2776812316399,28.4147931335945
403,-77.124998467043,3.67499930970371,116.691162109375,68.8522531838022,47.8389089255728
404,-77.074998466298,3.67499930970371,89.0287933349609,66.7759545051387,22.2528388298222
405,-77.0249984655529,3.67499930970371,72.7703628540039,64.6996558264752,8.07070702752866
406,-76.9749984648078,3.67499930970371,71.6829986572266,62.6233571478118,9.05964150941477
407,-76.9249984640628,3.67499930970371,52.955509185791,60.5470584691483,-7.59154928335731
408,-76.8749984633177,3.67499930970371,50.1228408813477,58.4707597904849,-8.34791890913722
409,-76.8249984625727,3.67499930970371,49.6389694213867,56.394461111822,-6.75549169043529
410,-76.7749984618276,3.67499930970371,36.7529983520508,54.3181624331586,-17.5651640811078
411,-76.7249984610826,3.67499930970371,25.5578346252441,52.2418637544951,-26.684029129251
412,-76.6749984603375,3.67499930970371,10.2715463638306,50.1655650758316,-39.8940187120011
413,-76.6249984595924,3.67499930970371,18.8939456939697,48.0892663971682,-29.1953207031985
414,-76.5749984588474,3.67499930970371,20.51611328125,46.0129677185047,-25.4968544372547
415,-76.5249984581023,3.67499930970371,17.9392623901367,43.9366690398413,-25.9974066497046
416,-76.4749984573573,3.67499930970371,21.181453704834,41.8603703611778,-20.6789166563438
417,-76.4249984566122,3.67499930970371,21.9338550567627,39.7840716825144,-17.8502166257517
418,-76.3749984558672,3.67499930970371,24.0716381072998,37.7077730038515,-13.6361348965517
419,-76.3249984551221,3.67499930970371,27.617618560791,35.631474325188,-8.01385576439703
420,-76.2749984543771,3.67499930970371,32.4900054931641,33.5551756465246,-1.06517015336053
421,-76.224998453632,3.67499930970371,34.9656219482422,31.4788769678611,3.48674498038105
422,-76.1749984528869,3.67499930970371,47.1539764404297,29.4025782891977,17.751398151232
423,-76.1249984521419,3.67499930970371,45.1452178955078,27.3262796105342,17.8189382849736
424,-76.0749984513968,3.67499930970371,46.3673706054688,25.2499809318708,21.117389673598
425,-76.0249984506518,3.67499930970371,47.9106521606445,23.1736822532073,24.7369699074372
426,-75.9749984499067,3.67499930970371,40.7899436950684,21.0973835745439,19.6925601205245
427,-77.124998467043,3.62499930895865,105.390975952148,67.6719555267061,37.7190204254423
428,-77.074998466298,3.62499930895865,78.0323333740234,65.5956568480427,12.4366765259808
429,-77.0249984655529,3.62499930895865,63.0008201599121,63.5193581693792,-0.518538009467085
430,-76.9749984648078,3.62499930895865,66.3847122192383,61.4430594907157,4.94165272852254
431,-76.9249984640628,3.62499930895865,53.7761192321777,59.3667608120523,-5.59064157987455
432,-76.8749984633177,3.62499930895865,39.8157348632812,57.2904621333888,-17.4747272701076
433,-76.8249984625727,3.62499930895865,49.1134796142578,55.214163454726,-6.10068384046815
434,-76.7749984618276,3.62499930895865,36.0041389465332,53.1378647760625,-17.1337258295293
435,-76.7249984610826,3.62499930895865,8.42455863952637,51.0615660973991,-42.6370074578727
436,-76.6749984603375,3.62499930895865,7.62402200698853,48.9852674187356,-41.3612454117471
437,-76.6249984595924,3.62499930895865,6.13914728164673,46.9089687400721,-40.7698214584254
438,-76.5749984588474,3.62499930895865,22.396110534668,44.8326700614087,-22.4365595267407
439,-76.5249984581023,3.62499930895865,19.7643585205078,42.7563713827452,-22.9920128622374
440,-76.4749984573573,3.62499930895865,20.2499217987061,40.6800727040818,-20.4301509053757
441,-76.4249984566122,3.62499930895865,17.912956237793,38.6037740254183,-20.6908177876254
442,-76.3749984558672,3.62499930895865,15.6854848861694,36.5274753467555,-20.841990460586
443,-76.3249984551221,3.62499930895865,19.1030406951904,34.451176668092,-15.3481359729016
444,-76.2749984543771,3.62499930895865,23.9127559661865,32.3748779894285,-8.46212202324202
445,-76.224998453632,3.62499930895865,30.4362030029297,30.2985793107651,0.1376236921646
446,-76.1749984528869,3.62499930895865,43.8306045532227,28.2222806321016,15.608323921121
447,-76.1249984521419,3.62499930895865,39.6564102172852,26.1459819534382,13.510428263847
448,-76.0749984513968,3.62499930895865,42.1005935668945,24.0696832747747,18.0309102921198
449,-76.0249984506518,3.62499930895865,34.734447479248,21.9933845961113,12.7410628831368
450,-77.2249984685331,3.57499930821359,104.481994628906,70.644255226937,33.8377394019693
451,-77.1749984677881,3.57499930821359,101.918022155762,68.5679565482735,33.3500656074882
452,-77.124998467043,3.57499930821359,94.389404296875,66.49165786961,27.897746427265
453,-77.074998466298,3.57499930821359,76.498291015625,64.4153591909466,12.0829318246784
454,-77.0249984655529,3.57499930821359,68.2811584472656,62.3390605122831,5.94209793498249
455,-76.9749984648078,3.57499930821359,69.7973175048828,60.2627618336197,9.53455567126313
456,-76.9249984640628,3.57499930821359,51.5187225341797,58.1864631549562,-6.66774062077654
457,-76.8749984633177,3.57499930821359,43.3147392272949,56.1101644762928,-12.7954252489978
458,-76.8249984625727,3.57499930821359,39.599063873291,54.0338657976299,-14.4348019243389
459,-76.7749984618276,3.57499930821359,0,51.9575671189665,-51.9575671189665
460,-76.7249984610826,3.57499930821359,0,49.881268440303,-49.881268440303
461,-76.6749984603375,3.57499930821359,0,47.8049697616395,-47.8049697616395
462,-76.6249984595924,3.57499930821359,0,45.7286710829761,-45.7286710829761
463,-76.5749984588474,3.57499930821359,20.2238731384277,43.6523724043126,-23.4284992658849
464,-76.5249984581023,3.57499930821359,22.8708419799805,41.5760737256492,-18.7052317456687
465,-76.4749984573573,3.57499930821359,22.1200942993164,39.4997750469857,-17.3796807476693
466,-76.4249984566122,3.57499930821359,16.6659278869629,37.4234763683223,-20.7575484813594
467,-76.3749984558672,3.57499930821359,17.0402908325195,35.3471776896594,-18.3068868571399
468,-76.3249984551221,3.57499930821359,17.0966968536377,33.2708790109959,-16.1741821573582
469,-76.2749984543771,3.57499930821359,22.57590675354,31.1945803323325,-8.61867357879245
470,-76.224998453632,3.57499930821359,28.2271270751953,29.118281653669,-0.891154578473718
471,-76.1749984528869,3.57499930821359,38.9379692077637,27.0419829750056,11.8959862327581
472,-76.1249984521419,3.57499930821359,40.376823425293,24.9656842963421,15.4111391289508
473,-76.0749984513968,3.57499930821359,40.2226715087891,22.8893856176787,17.3332858911104
474,-76.0249984506518,3.57499930821359,27.3559188842773,20.8130869390152,6.54283194526213
475,-77.3249984700232,3.52499930746853,89.8433837890625,73.6165549271672,16.2268288618953
476,-77.2749984692782,3.52499930746853,85.352912902832,71.5402562485044,13.8126566543277
477,-77.2249984685331,3.52499930746853,101.448608398438,69.4639575698409,31.9846508285966
478,-77.1749984677881,3.52499930746853,96.6854705810547,67.3876588911775,29.2978116898772
479,-77.124998467043,3.52499930746853,86.6201400756836,65.311360212514,21.3087798631696
480,-77.074998466298,3.52499930746853,65.4950180053711,63.2350615338505,2.25995647152055
481,-77.0249984655529,3.52499930746853,56.4869842529297,61.1587628551871,-4.6717786022574
482,-76.9749984648078,3.52499930746853,60.9668350219727,59.0824641765236,1.88437084544902
483,-76.9249984640628,3.52499930746853,52.1507301330566,57.0061654978602,-4.85543536480353
484,-76.8749984633177,3.52499930746853,46.3706817626953,54.9298668191967,-8.55918505650141
485,-76.8249984625727,3.52499930746853,39.4413719177246,52.8535681405339,-13.4121962228093
486,-76.7749984618276,3.52499930746853,0,50.7772694618704,-50.7772694618704
487,-76.7249984610826,3.52499930746853,0,48.7009707832069,-48.7009707832069
488,-76.6749984603375,3.52499930746853,0,46.6246721045435,-46.6246721045435
489,-76.6249984595924,3.52499930746853,0,44.54837342588,-44.54837342588
490,-76.5749984588474,3.52499930746853,19.2619609832764,42.4720747472166,-23.2101137639402
491,-76.5249984581023,3.52499930746853,22.7748432159424,40.3957760685531,-17.6209328526107
492,-76.4749984573573,3.52499930746853,16.8557167053223,38.3194773898897,-21.4637606845674
493,-76.4249984566122,3.52499930746853,16.943452835083,36.2431787112262,-19.2997258761432
494,-76.3749984558672,3.52499930746853,19.4053764343262,34.1668800325633,-14.7615035982372
495,-76.3249984551221,3.52499930746853,15.7522506713867,32.0905813538999,-16.3383306825132
496,-76.2749984543771,3.52499930746853,18.2281036376953,30.0142826752364,-11.7861790375411
497,-76.224998453632,3.52499930746853,30.7496929168701,27.937983996573,2.81170892029714
498,-76.1749984528869,3.52499930746853,35.9046287536621,25.8616853179095,10.0429434357526
499,-76.1249984521419,3.52499930746853,25.3380661010742,23.7853866392461,1.55267946182815
500,-76.0749984513968,3.52499930746853,34.5941162109375,21.7090879605826,12.8850282503549
501,-76.0249984506518,3.52499930746853,35.7812538146973,19.6327892819192,16.1484645327781
502,-77.3249984700232,3.47499930672347,97.4094696044922,72.4362572700712,24.973212334421
503,-77.2749984692782,3.47499930672347,89.436653137207,70.3599585914083,19.0766945457987
504,-77.2249984685331,3.47499930672347,91.2453002929688,68.2836599127449,22.9616403802239
505,-77.1749984677881,3.47499930672347,80.9964370727539,66.2073612340814,14.7890758386725
506,-77.124998467043,3.47499930672347,72.7054977416992,64.1310625554179,8.57443518628128
507,-77.074998466298,3.47499930672347,70.9037094116211,62.0547638767545,8.84894553486661
508,-77.0249984655529,3.47499930672347,56.0884780883789,59.978465198091,-3.88998710971212
509,-76.9749984648078,3.47499930672347,63.0850219726562,57.9021665194276,5.18285545322868
510,-76.9249984640628,3.47499930672347,53.5232086181641,55.8258678407641,-2.30265922260005
511,-76.8749984633177,3.47499930672347,42.7268524169922,53.7495691621007,-11.0227167451085
512,-76.8249984625727,3.47499930672347,38.0962753295898,51.6732704834378,-13.576995153848
513,-76.7749984618276,3.47499930672347,36.5349464416504,49.5969718047743,-13.062025363124
514,-76.7249984610826,3.47499930672347,35.9402160644531,47.5206731261109,-11.5804570616578
515,-76.6749984603375,3.47499930672347,0,45.4443744474474,-45.4443744474474
516,-76.6249984595924,3.47499930672347,23.7277660369873,43.368075768784,-19.6403097317967
517,-76.5749984588474,3.47499930672347,23.5036087036133,41.2917770901205,-17.7881683865072
518,-76.5249984581023,3.47499930672347,18.1182479858398,39.2154784114571,-21.0972304256172
519,-76.4749984573573,3.47499930672347,19.4583892822266,37.1391797327936,-17.680790450567
520,-76.4249984566122,3.47499930672347,23.708963394165,35.0628810541302,-11.3539176599651
521,-76.3749984558672,3.47499930672347,24.8592834472656,32.9865823754673,-8.12729892820167
522,-76.3249984551221,3.47499930672347,22.7978458404541,30.9102836968038,-8.11243785634973
523,-76.2749984543771,3.47499930672347,19.2123851776123,28.8339850181404,-9.62159984052808
524,-76.224998453632,3.47499930672347,32.5945701599121,26.7576863394769,5.83688382043518
525,-76.1749984528869,3.47499930672347,36.4790725708008,24.6813876608135,11.7976849099873
526,-76.1249984521419,3.47499930672347,34.0552711486816,22.60508898215,11.4501821665316
527,-76.0749984513968,3.47499930672347,30.2135696411133,20.5287903034866,9.68477933762673
528,-76.0249984506518,3.47499930672347,34.1301689147949,18.4524916248231,15.6776772899718
529,-77.3749984707683,3.42499930597842,95.932373046875,73.3322582916386,22.6001147552364
530,-77.3249984700232,3.42499930597842,96.8525924682617,71.2559596129751,25.5966328552866
531,-77.2749984692782,3.42499930597842,88.8366241455078,69.1796609343123,19.6569632111956
532,-77.2249984685331,3.42499930597842,78.4573364257812,67.1033622556488,11.3539741701324
533,-77.1749984677881,3.42499930597842,77.7719039916992,65.0270635769853,12.7448404147139
534,-77.124998467043,3.42499930597842,76.4716567993164,62.9507648983219,13.5208919009945
535,-77.074998466298,3.42499930597842,74.8044281005859,60.8744662196584,13.9299618809275
536,-77.0249984655529,3.42499930597842,63.5795593261719,58.798167540995,4.78139178517689
537,-76.9749984648078,3.42499930597842,63.2893218994141,56.7218688623315,6.56745303708254
538,-76.9249984640628,3.42499930597842,46.9136047363281,54.6455701836681,-7.73196544733994
539,-76.8749984633177,3.42499930597842,38.0106658935547,52.5692715050046,-14.5586056114499
540,-76.8249984625727,3.42499930597842,41.375675201416,50.4929728263418,-9.11729762492574
541,-76.7749984618276,3.42499930597842,37.9584579467773,48.4166741476783,-10.458216200901
542,-76.7249984610826,3.42499930597842,36.9788703918457,46.3403754690148,-9.36150507716914
543,-76.6749984603375,3.42499930597842,39.4863319396973,44.2640767903514,-4.77774485065412
544,-76.6249984595924,3.42499930597842,41.7290534973145,42.1877781116879,-0.458724614373477
545,-76.5749984588474,3.42499930597842,25.6516056060791,40.1114794330245,-14.4598738269454
546,-76.5249984581023,3.42499930597842,21.3834533691406,38.035180754361,-16.6517273852204
547,-76.4749984573573,3.42499930597842,29.6099681854248,35.9588820756976,-6.34891389027276
548,-76.4249984566122,3.42499930597842,30.768180847168,33.8825833970341,-3.11440254986614
549,-76.3749984558672,3.42499930597842,25.6893119812012,31.8062847183712,-6.11697273717007
550,-76.3249984551221,3.42499930597842,21.3233547210693,29.7299860397078,-8.40663131863845
551,-76.2749984543771,3.42499930597842,20.5349979400635,27.6536873610443,-7.11868942098085
552,-76.224998453632,3.42499930597842,30.1856594085693,25.5773886823809,4.60827072618846
553,-76.1749984528869,3.42499930597842,28.9459114074707,23.5010900037174,5.44482140375328
554,-76.1249984521419,3.42499930597842,32.8391342163086,21.424791325054,11.4143428912546
555,-76.0749984513968,3.42499930597842,37.6504249572754,19.3484926463905,18.3019323108849
556,-77.3749984707683,3.37499930523336,90.025749206543,72.1519606345425,17.8737885720004
557,-77.3249984700232,3.37499930523336,93.3141555786133,70.0756619558791,23.2384936227342
558,-77.2749984692782,3.37499930523336,83.2269973754883,67.9993632772162,15.2276340982721
559,-77.2249984685331,3.37499930523336,75.3651733398438,65.9230645985528,9.44210874129099
560,-77.1749984677881,3.37499930523336,76.2275009155273,63.8467659198893,12.380734995638
561,-77.124998467043,3.37499930523336,80.3951187133789,61.7704672412258,18.6246514721531
562,-77.074998466298,3.37499930523336,67.9010543823242,59.6941685625624,8.20688581976183
563,-77.0249984655529,3.37499930523336,58.2589683532715,57.6178698838989,0.64109846937255
564,-76.9749984648078,3.37499930523336,55.7393074035645,55.5415712052355,0.197736198328974
565,-76.9249984640628,3.37499930523336,54.5424156188965,53.465272526572,1.07714309232446
566,-76.8749984633177,3.37499930523336,40.6076240539551,51.3889738479086,-10.7813497939535
567,-76.8249984625727,3.37499930523336,40.1989974975586,49.3126751692457,-9.11367767168711
568,-76.7749984618276,3.37499930523336,35.9013175964355,47.2363764905822,-11.3350588941467
569,-76.7249984610826,3.37499930523336,35.5749740600586,45.1600778119188,-9.5851037518602
570,-76.6749984603375,3.37499930523336,43.7507972717285,43.0837791332553,0.66701813847318
571,-76.6249984595924,3.37499930523336,35.5916213989258,41.0074804545919,-5.4158590556661
572,-76.5749984588474,3.37499930523336,41.1748313903809,38.9311817759284,2.24364961445243
573,-76.5249984581023,3.37499930523336,33.4431228637695,36.854883097265,-3.41176023349544
574,-76.4749984573573,3.37499930523336,34.0990562438965,34.7785844186015,-0.679528174705031
575,-76.4249984566122,3.37499930523336,29.4269256591797,32.7022857399381,-3.27536008075837
576,-76.3749984558672,3.37499930523336,25.1908206939697,30.6259870612752,-5.43516636730547
577,-76.3249984551221,3.37499930523336,30.4999465942383,28.5496883826117,1.95025821162654
578,-76.2749984543771,3.37499930523336,30.8346977233887,26.4733897039483,4.36130801944039
579,-76.224998453632,3.37499930523336,20.5699214935303,24.3970910252848,-3.82716953175455
580,-76.1749984528869,3.37499930523336,29.7406921386719,22.3207923466214,7.4198997920505
581,-76.1249984521419,3.37499930523336,34.7475242614746,20.2444936679579,14.5030305935167
582,-76.0749984513968,3.37499930523336,38.01513671875,18.1681949892945,19.8469417294555
583,-77.4249984715133,3.3249993044883,86.1931076049805,73.0479616561099,13.1451459488705
584,-77.3749984707683,3.3249993044883,87.4037322998047,70.9716629774465,16.4320693223582
585,-77.3249984700232,3.3249993044883,90.5533218383789,68.895364298783,21.6579575395959
586,-77.2749984692782,3.3249993044883,84.516960144043,66.8190656201202,17.6978945239228
587,-77.2249984685331,3.3249993044883,84.5660934448242,64.7427669414567,19.8233265033675
588,-77.1749984677881,3.3249993044883,76.442253112793,62.6664682627933,13.7757848499997
589,-77.124998467043,3.3249993044883,79.3999404907227,60.5901695841298,18.8097709065929
590,-77.074998466298,3.3249993044883,66.9934463500977,58.5138709054663,8.47957544463132
591,-77.0249984655529,3.3249993044883,55.5581130981445,56.4375722268029,-0.879459128658356
592,-76.9749984648078,3.3249993044883,55.0771408081055,54.3612735481394,0.715867259966038
593,-76.9249984640628,3.3249993044883,42.1159019470215,52.284974869476,-10.1690729224545
594,-76.8749984633177,3.3249993044883,35.8449745178223,50.2086761908125,-14.3637016729903
595,-76.8249984625727,3.3249993044883,33.5907173156738,48.1323775121497,-14.5416601964758
596,-76.7749984618276,3.3249993044883,30.3155841827393,46.0560788334862,-15.7404946507469
597,-76.7249984610826,3.3249993044883,33.3652420043945,43.9797801548227,-10.6145381504282
598,-76.6749984603375,3.3249993044883,43.0384140014648,41.9034814761593,1.13493252530556
599,-76.6249984595924,3.3249993044883,39.0565490722656,39.8271827974958,-0.770633725230206
600,-76.5749984588474,3.3249993044883,34.3998489379883,37.7508841188324,-3.3510351808441
601,-76.5249984581023,3.3249993044883,40.2225875854492,35.6745854401689,4.5480021452803
602,-76.4749984573573,3.3249993044883,35.7351722717285,33.5982867615055,2.13688551022305
603,-76.4249984566122,3.3249993044883,34.3203392028809,31.521988082842,2.79835112003885
604,-76.3749984558672,3.3249993044883,38.2754402160645,29.4456894041791,8.82975081188531
605,-76.3249984551221,3.3249993044883,34.6532020568848,27.3693907255157,7.28381133136908
606,-76.2749984543771,3.3249993044883,34.3759231567383,25.2930920468522,9.08283110988604
607,-76.224998453632,3.3249993044883,41.4999694824219,23.2167933681888,18.2831761142331
608,-76.1749984528869,3.3249993044883,31.3194446563721,21.1404946895253,10.1789499668467
609,-76.1249984521419,3.3249993044883,32.5309104919434,19.0641960108619,13.4667144810815
610,-76.0749984513968,3.3249993044883,38.8117752075195,16.9878973321984,21.8238778753211
611,-77.4749984722584,3.27499930374324,84.9586944580078,73.9439626776773,11.0147317803305
612,-77.4249984715133,3.27499930374324,80.5054244995117,71.8676639990139,8.63776050049784
613,-77.3749984707683,3.27499930374324,82.0858688354492,69.7913653203504,12.2945035150988
614,-77.3249984700232,3.27499930374324,84.364631652832,67.715066641687,16.6495650111451
615,-77.2749984692782,3.27499930374324,83.7819671630859,65.6387679630241,18.1431992000618
616,-77.2249984685331,3.27499930374324,73.2004089355469,63.5624692843606,9.63793965118623
617,-77.1749984677881,3.27499930374324,69.2924041748047,61.4861706056972,7.8062335691075
618,-77.124998467043,3.27499930374324,69.5193634033203,59.4098719270337,10.1094914762866
619,-77.074998466298,3.27499930374324,58.1672592163086,57.3335732483703,0.833685967938315
620,-77.0249984655529,3.27499930374324,43.5560760498047,55.2572745697068,-11.7011985199021
621,-76.9749984648078,3.27499930374324,50.2156372070312,53.1809758910434,-2.96533868401212
622,-76.9249984640628,3.27499930374324,31.7405624389648,51.1046772123799,-19.3641147734151
623,-76.8749984633177,3.27499930374324,32.4746208190918,49.0283785337165,-16.5537577146247
624,-76.8249984625727,3.27499930374324,30.2711925506592,46.9520798550536,-16.6808873043944
625,-76.7749984618276,3.27499930374324,26.7608261108398,44.8757811763901,-18.1149550655503
626,-76.7249984610826,3.27499930374324,31.3364505767822,42.7994824977267,-11.4630319209445
627,-76.6749984603375,3.27499930374324,36.7515563964844,40.7231838190632,-3.97162742257885
628,-76.6249984595924,3.27499930374324,40.8857460021973,38.6468851403998,2.23886086179749
629,-76.5749984588474,3.27499930374324,37.6101608276367,36.5705864617363,1.0395743659004
630,-76.5249984581023,3.27499930374324,40.8632202148438,34.4942877830729,6.36893243177088
631,-76.4749984573573,3.27499930374324,37.5920333862305,32.4179891044094,5.17404428182106
632,-76.224998453632,3.27499930374324,32.7235946655273,22.0364957110927,10.6870989544346
633,-76.1749984528869,3.27499930374324,38.1824569702148,19.9601970324293,18.2222599377856
634,-76.1249984521419,3.27499930374324,40.0599479675293,17.8838983537658,22.1760496137635
635,-76.0749984513968,3.27499930374324,41.0943450927734,15.8075996751024,25.2867454176711
636,-77.5249984730035,3.22499930299818,80.8970489501953,74.8399636992447,6.05708525095057
637,-77.4749984722584,3.22499930299818,89.7057800292969,72.7636650205813,16.9421150087156
638,-77.3749984707683,3.22499930299818,87.2820587158203,68.6110676632544,18.6709910525659
639,-77.3249984700232,3.22499930299818,88.7913665771484,66.5347689845909,22.2565975925575
640,-77.2749984692782,3.22499930299818,75.2704162597656,64.458470305928,10.8119459538376
641,-77.2249984685331,3.22499930299818,71.4514617919922,62.3821716272646,9.06929016472759
642,-77.1749984677881,3.22499930299818,66.2100067138672,60.3058729486011,5.90413376526605
643,-77.124998467043,3.22499930299818,59.8446846008301,58.2295742699377,1.61511033089239
644,-77.074998466298,3.22499930299818,52.0284881591797,56.1532755912742,-4.12478743209454
645,-77.0249984655529,3.22499930299818,42.0777473449707,54.0769769126108,-11.9992295676401
646,-76.9749984648078,3.22499930299818,46.756477355957,52.0006782339473,-5.24420087799029
647,-76.9249984640628,3.22499930299818,33.6944808959961,49.9243795552839,-16.2298986592878
648,-76.8749984633177,3.22499930299818,28.622142791748,47.8480808766204,-19.2259380848724
649,-76.8249984625727,3.22499930299818,29.1035423278809,45.7717821979575,-16.6682398700767
650,-76.7749984618276,3.22499930299818,31.2630443572998,43.6954835192941,-12.4324391619943
651,-76.7249984610826,3.22499930299818,38.1044425964355,41.6191848406306,-3.51474224419509
652,-76.6749984603375,3.22499930299818,38.1537818908691,39.5428861619672,-1.38910427109804
653,-76.6249984595924,3.22499930299818,37.5181884765625,37.4665874833037,0.0516009932587761
654,-76.5749984588474,3.22499930299818,34.6871490478516,35.3902888046403,-0.703139756788705
655,-76.5249984581023,3.22499930299818,40.1716079711914,33.3139901259768,6.85761784521459
656,-76.4749984573573,3.22499930299818,42.5601234436035,31.2376914473134,11.3224319962902
657,-76.1249984521419,3.22499930299818,43.9197387695312,16.7036006966698,27.2161380728615
658,-76.0749984513968,3.22499930299818,43.2468032836914,14.6273020180063,28.6195012656851
659,-77.3749984707683,3.17499930225313,89.9794845581055,67.4307700061583,22.5487145519471
660,-77.3249984700232,3.17499930225313,90.0232238769531,65.3544713274949,24.6687525494583
661,-77.2749984692782,3.17499930225313,73.1831207275391,63.278172648832,9.90494807870707
662,-77.2249984685331,3.17499930225313,67.800666809082,61.2018739701685,6.59879283891349
663,-77.1749984677881,3.17499930225313,62.7416877746582,59.1255752915051,3.61611248315312
664,-77.124998467043,3.17499930225313,52.9622230529785,57.0492766128416,-4.08705355986311
665,-77.0249984655529,3.17499930225313,41.3160171508789,52.8966792555147,-11.5806621046358
666,-76.9749984648078,3.17499930225313,42.3804550170898,50.8203805768513,-8.43992555976142
667,-76.9249984640628,3.17499930225313,32.1148071289062,48.7440818981878,-16.6292747692816
668,-76.8749984633177,3.17499930225313,31.1795272827148,46.6677832195244,-15.4882559368095
669,-76.8249984625727,3.17499930225313,29.3937168121338,44.5914845408615,-15.1977677287277
670,-76.7749984618276,3.17499930225313,26.6307601928711,42.515185862198,-15.8844256693269
671,-76.7249984610826,3.17499930225313,34.4330177307129,40.4388871835346,-6.00586945282169
672,-76.6749984603375,3.17499930225313,37.9107933044434,38.3625885048711,-0.451795200427762
673,-76.6249984595924,3.17499930225313,37.8245544433594,36.2862898262077,1.53826461715171
674,-76.5749984588474,3.17499930225313,37.0023727416992,34.2099911475442,2.79238159415501
675,-76.5249984581023,3.17499930225313,43.6347198486328,32.1336924688808,11.5010273797521
676,-77.2249984685331,3.12499930150807,74.5314788818359,60.0215763130725,14.5099025687634
677,-76.9749984648078,3.12499930150807,38.2581481933594,49.6400829197552,-11.3819347263958
678,-76.9249984640628,3.12499930150807,33.859733581543,47.5637842410918,-13.7040506595488
679,-76.8749984633177,3.12499930150807,24.0009899139404,45.4874855624283,-21.4864956484879
680,-76.8249984625727,3.12499930150807,23.9775505065918,43.4111868837654,-19.4336363771736
681,-76.7749984618276,3.12499930150807,26.4162425994873,41.334888205102,-14.9186456056147
682,-76.7249984610826,3.12499930150807,35.7253799438477,39.2585895264385,-3.53320958259088
683,-76.6749984603375,3.12499930150807,33.098258972168,37.1822908477751,-4.0840318756071
684,-76.6249984595924,3.12499930150807,36.5456352233887,35.1059921691116,1.43964305427705
685,-76.5249984581023,3.12499930150807,43.1290168762207,30.9533948117847,12.175622064436
686,-76.8749984633177,3.07499930076301,22.4656867980957,44.3071879053323,-21.8415011072365
