"anio","semana","media","mediana","sd","minimo","maximo","n_validos","corte"
2020,2,0.0391324490916972,0,0.514855822994431,0,7.72464656829834,686,"2020_banda_02"
2017,51,0.428524362102542,0,2.88013651310715,0,23.6821022033691,686,"2017_banda_51"
2018,9,0.901586108235507,0,3.05607475675668,0,18.1606845855713,686,"2018_banda_09"
2019,4,1.19808513742842,0,4.25708156081317,0,45.8396606445312,686,"2019_banda_04"
2019,7,1.60187177338336,0,5.12063406667973,0,43.5501098632812,686,"2019_banda_07"
2015,1,1.72801265494121,0,4.80951697806228,0,25.5911598205566,686,"2015_banda_01"
2012,8,2.04547705177663,0,8.24802218623048,0,104.098022460938,686,"2012_banda_08"
2020,12,2.20805220214688,0,5.48062244787563,0,31.5545139312744,686,"2020_banda_12"
2016,5,2.60416987616536,0,9.71329775385412,0,57.3865394592285,686,"2016_banda_05"
2018,10,2.8273885416915,0,5.37346721086353,0,28.9764595031738,686,"2018_banda_10"
2016,3,2.99447957350283,0,7.00765781000574,0,34.485523223877,686,"2016_banda_03"
2025,3,3.24475348760366,0,7.58847339829493,0,42.1492004394531,686,"2025_banda_03"
2017,5,3.39280352708897,0,6.25417291234072,0,42.5685882568359,686,"2017_banda_05"
2017,8,3.51898093612827,0,9.2489383760476,0,52.1660766601562,686,"2017_banda_08"
2024,10,3.56573491958418,0,5.69614538204669,0,41.8698463439941,686,"2024_banda_10"
2022,3,3.83969030870293,0,7.62668702809863,0,53.036491394043,686,"2022_banda_03"
2022,11,3.96329463327591,0,6.42148376638848,0,36.7353706359863,686,"2022_banda_11"
2014,52,4.03935167254234,0,7.36213223877616,0,31.7719955444336,686,"2014_banda_52"
2010,2,4.30597518623397,0,13.4352837753029,0,80.8343658447266,686,"2010_banda_02"
2020,6,4.43859126512233,0,10.7475926140291,0,71.2052001953125,686,"2020_banda_06"
2020,14,5.50874712828645,0,9.63913417693361,0,48.8432464599609,686,"2020_banda_14"
2021,51,6.18243719676493,0,14.1707298567239,0,74.724739074707,686,"2021_banda_51"
2020,31,6.67105836597198,0,10.9526132754519,0,68.3384857177734,686,"2020_banda_31"
2018,6,6.68109609816582,0,9.60978031224598,0,56.3628120422363,686,"2018_banda_06"
2015,8,6.76314250755588,0,11.3279403825596,0,52.8792190551758,686,"2015_banda_08"
2024,49,8.18059521861396,0,16.8346344413211,0,104.532524108887,686,"2024_banda_49"
2011,4,8.34790285474705,0,22.0259402152153,0,137.679244995117,686,"2011_banda_04"
2023,5,8.49462094147073,0,14.5496126643757,0,112.561050415039,686,"2023_banda_05"
2017,31,8.66002315665125,3.48175120353699,13.7818890954993,0,81.6232223510742,686,"2017_banda_31"
2013,3,9.17470011314915,0,16.6608848621325,0,70.7537002563477,686,"2013_banda_03"
2014,1,9.25208453325767,0,17.4726390410053,0,99.6130752563477,686,"2014_banda_01"
2016,4,9.45596401684486,0,22.8177289641509,0,126.583404541016,686,"2016_banda_04"
2020,7,9.49650298167596,5.97154760360718,10.1883998573697,0,44.6040687561035,686,"2020_banda_07"
2022,28,9.72365473136957,5.68198871612549,13.8305127400869,0,88.4554901123047,686,"2022_banda_28"
2023,6,9.93751684395982,0,16.328057935916,0,91.2549591064453,686,"2023_banda_06"
2021,3,10.2057505404636,0,17.1367330841274,0,120.557662963867,686,"2021_banda_03"
2013,5,10.2195612133071,0,17.4428943527078,0,107.258880615234,686,"2013_banda_05"
2018,11,10.3663741475292,8.01784086227417,10.2376125373101,0,39.9751205444336,686,"2018_banda_11"
2025,50,10.4954296044636,7.637038230896,13.0196850920734,0,83.1574630737305,686,"2025_banda_50"
2020,5,10.7945657902487,7.33069539070129,13.2253258168561,0,66.5925598144531,686,"2020_banda_05"
2024,1,10.8893719497992,0,23.4458769011921,0,176.83674621582,686,"2024_banda_01"
2022,6,11.0393351921187,0,14.9095502079668,0,70.7280197143555,686,"2022_banda_06"
2020,13,11.2582411779954,7.00520825386047,12.6342683390874,0,45.293384552002,686,"2020_banda_13"
2021,4,11.349934848335,6.05533027648926,13.8643510086032,0,80.931884765625,686,"2021_banda_04"
2015,5,11.4193712368651,8.99474859237671,10.3303480533695,0,48.0480690002441,686,"2015_banda_05"
2015,2,11.4577882105686,7.68091440200806,13.7729552168186,0,68.6947021484375,686,"2015_banda_02"
2010,30,11.8842165716883,0,24.968308397631,0,138.632965087891,686,"2010_banda_30"
2024,4,11.9275349658363,5.70523881912231,17.0158279166548,0,95.2120666503906,686,"2024_banda_04"
2018,49,12.1828028286859,0,17.4675189950152,0,84.8333587646484,686,"2018_banda_49"
2024,7,12.5936036311503,0,18.1155149567739,0,82.6761932373047,686,"2024_banda_07"
2010,52,12.6362229603025,0,21.4262371282873,0,163.927062988281,686,"2010_banda_52"
2020,39,12.8007743587994,9.24374198913574,14.3878084954052,0,93.2407684326172,686,"2020_banda_39"
2017,32,12.8125150488695,7.23656845092773,12.4020025313413,0,73.8783721923828,686,"2017_banda_32"
2025,37,13.203585484285,4.49759578704834,19.6526101098882,0,115.472175598145,686,"2025_banda_37"
2021,27,13.318281909641,6.73293352127075,18.1205973440918,0,84.8102722167969,686,"2021_banda_27"
2024,2,13.3381879517358,10.7673935890198,15.2121409608913,0,67.8848114013672,686,"2024_banda_02"
2019,28,13.3685306948406,2.47670328617096,21.8892720971412,0,91.9534225463867,686,"2019_banda_28"
2022,51,13.443542439458,0,22.7670044414074,0,126.220352172852,686,"2022_banda_51"
2025,29,13.5361804861369,5.60627961158752,17.3182100031265,0,77.5637130737305,686,"2025_banda_29"
2024,46,13.6630529898596,0,20.8637365671899,0,92.4454574584961,686,"2024_banda_46"
2020,32,13.8475457468116,7.26887631416321,18.190818037067,0,100.875144958496,686,"2020_banda_32"
2024,30,14.0641842425391,5.67700982093811,19.0524542830704,0,93.7074661254883,686,"2024_banda_30"
2015,7,14.1156715147697,6.77281355857849,16.4981295662225,0,70.8340148925781,686,"2015_banda_07"
2020,45,14.130040178146,12.740234375,10.283383930052,0,104.768341064453,686,"2020_banda_45"
2017,36,14.2465729716915,11.2111206054688,12.0315988627241,0,75.5223999023438,686,"2017_banda_36"
2010,3,14.328843153948,3.71501326560974,25.329220266254,0,138.210235595703,686,"2010_banda_03"
2022,37,14.4200111269603,8.40703582763672,16.6825609352553,0,89.4483871459961,686,"2022_banda_37"
2022,29,14.5240044897047,14.5167179107666,8.95135283056486,0,39.443775177002,686,"2022_banda_29"
2015,11,14.7237763526488,11.1322798728943,16.7504661201463,0,98.7173767089844,686,"2015_banda_11"
2015,24,14.9442370254166,10.1549081802368,17.5161076161318,0,108.547546386719,686,"2015_banda_24"
2016,8,15.4225420260221,10.8680958747864,17.3011603390816,0,75.7845153808594,686,"2016_banda_08"
2016,29,15.4982352162937,9.6536922454834,17.1864033902252,0,118.404502868652,686,"2016_banda_29"
2011,52,15.6847996642221,0,24.8816883708374,0,181.925567626953,686,"2011_banda_52"
2020,1,16.1439569611591,9.24317693710327,17.583729233129,0,79.8918685913086,686,"2020_banda_01"
2013,1,16.2419394782959,0,28.6827267022627,0,147.784088134766,686,"2013_banda_01"
2024,11,16.3885992153741,10.606240272522,17.6244062141647,0,73.3279266357422,686,"2024_banda_11"
2020,3,16.4167285707532,8.42447328567505,19.1543471609495,0,91.7197723388672,686,"2020_banda_03"
2014,51,16.5185920232934,12.9889106750488,15.6952405729135,0,66.6161880493164,686,"2014_banda_51"
2021,28,16.5593003232695,6.35039758682251,24.5286734680239,0,134.948501586914,686,"2021_banda_28"
2018,32,16.8648216971156,8.75310182571411,19.4474429327113,0,79.8208465576172,686,"2018_banda_32"
2019,33,16.8887836352729,4.89671015739441,28.1977417831987,0,129.38117980957,686,"2019_banda_33"
2015,36,17.2069366551697,11.0365500450134,17.4552605381367,2.2251091003418,110.004013061523,686,"2015_banda_36"
2011,30,17.2459199195701,4.45394778251648,26.7244817236651,0,135.093612670898,686,"2011_banda_30"
2020,29,17.2766721352891,8.76188278198242,20.623163973584,1.17921161651611,103.468002319336,686,"2020_banda_29"
2012,52,17.2876946182362,3.14404821395874,31.4811393195652,0,181.484130859375,686,"2012_banda_52"
2021,45,17.2970699019752,0,25.0262000944017,0,147.612945556641,686,"2021_banda_45"
2014,5,17.4537719971237,11.1345748901367,19.5621494929709,0,87.1177062988281,686,"2014_banda_05"
2023,24,17.7729442540133,11.5999393463135,20.1839574017097,0,107.270751953125,686,"2023_banda_24"
2012,6,17.862728775764,6.86558485031128,27.3362053044269,0,141.068115234375,686,"2012_banda_06"
2019,3,17.9069393595176,12.7082800865173,14.4149336249903,0,61.9329681396484,686,"2019_banda_03"
2024,3,17.9662369089989,10.3705377578735,20.8451366194833,0,103.899703979492,686,"2024_banda_03"
2016,28,17.9916427121566,10.433810710907,22.6161415166101,0,138.76350402832,686,"2016_banda_28"
2023,38,18.2277355699776,10.7661118507385,21.8830670321804,0,113.239402770996,686,"2023_banda_38"
2016,6,18.2712263657817,15.890625,15.6684609179018,0,77.3591537475586,686,"2016_banda_06"
2013,7,18.4537541522229,15.6956906318665,18.2568213525018,0,103.069343566895,686,"2013_banda_07"
2010,8,18.5302195521207,7.58617115020752,33.9418628535099,0,167.101287841797,686,"2010_banda_08"
2025,39,18.5807451169623,14.0334243774414,16.6994366194496,0,100.099403381348,686,"2025_banda_39"
2024,34,18.6830236265333,6.98086357116699,27.2675896382081,2.09806537628174,136.910308837891,686,"2024_banda_34"
2022,33,18.7047769946885,15.8480486869812,17.774130086313,0,86.1079483032227,686,"2022_banda_33"
2014,29,18.7432182271349,6.3535327911377,31.6924072286977,0,172.432952880859,686,"2014_banda_29"
2022,4,18.7644765526491,13.6541333198547,15.9800820125937,0,88.7279052734375,686,"2022_banda_04"
2017,29,18.922986274558,7.01228404045105,29.9018151479304,0,157.384658813477,686,"2017_banda_29"
2025,2,19.0230283552982,16.9451885223389,14.4599879922572,0,93.8014373779297,686,"2025_banda_02"
2017,52,19.0600199344902,17.1089973449707,19.302117609993,0,124.295303344727,686,"2017_banda_52"
2023,19,19.2174595955857,12.6387176513672,18.0791728144892,0,76.6477584838867,686,"2023_banda_19"
2018,38,19.2323510047298,14.816713809967,17.3780872838148,0,93.9510345458984,686,"2018_banda_38"
2021,52,19.4000471809515,14.1616544723511,18.5436414102049,0,97.0915222167969,686,"2021_banda_52"
2022,30,19.5374046810862,17.8213033676147,12.5294067845042,0,90.6219787597656,686,"2022_banda_30"
2023,30,19.936585234136,12.65571641922,18.2599139644591,2.71838188171387,93.0192413330078,686,"2023_banda_30"
2010,32,20.0877578119495,8.22187805175781,29.7649339993613,0,127.12361907959,686,"2010_banda_32"
2015,29,20.2262700452054,6.21936893463135,29.6269333953483,0,154.255752563477,686,"2015_banda_29"
2013,28,20.228964338671,2.90955996513367,41.4191887467059,0,264.883239746094,686,"2013_banda_28"
2016,35,20.42398645996,7.83210349082947,33.8722731351929,0,165.080108642578,686,"2016_banda_35"
2016,17,20.5610857246221,20.9396190643311,8.79137098038562,0,50.3784408569336,686,"2016_banda_17"
2023,9,20.5992694450189,17.8993806838989,16.3777280186737,0,71.8246536254883,686,"2023_banda_09"
2019,32,20.6249148119295,4.89381885528564,38.9393695230344,0,178.242095947266,686,"2019_banda_32"
2018,52,20.7402100597804,19.615761756897,10.2131378019491,2.47650003433228,64.9599075317383,686,"2018_banda_52"
2019,9,20.84402172489,18.351523399353,15.4041472211691,0,88.6832885742188,686,"2019_banda_09"
2020,37,21.0047788863279,17.6212272644043,11.1652520007015,0,77.0640716552734,686,"2020_banda_37"
2024,37,21.0596046454705,11.8910846710205,25.9976155270562,2.71498370170593,172.139724731445,686,"2024_banda_37"
2023,25,21.1441107966636,8.94725131988525,30.5716519093169,0,167.28857421875,686,"2023_banda_25"
2023,10,21.1702664272083,19.5577011108398,19.2079904676286,0,69.1673355102539,686,"2023_banda_10"
2019,48,21.2329517189337,17.2723178863525,17.0021841230886,0,82.9228668212891,686,"2019_banda_48"
2015,31,21.4965111331759,7.34544110298157,28.9587035314315,0,128.474548339844,686,"2015_banda_31"
2010,13,21.5102545276675,13.4874572753906,23.1870683531224,0,110.23641204834,686,"2010_banda_13"
2019,2,21.5277693083961,15.6696181297302,19.1664902671905,0,82.13134765625,686,"2019_banda_02"
2018,34,21.560422384134,10.1808500289917,26.5650811824045,0,110.75080871582,686,"2018_banda_34"
2014,32,21.5612357981699,8.16229438781738,29.7947972118263,0,152.742218017578,686,"2014_banda_32"
2014,24,21.6283882456688,14.6796536445618,18.1785756340951,0,77.1406555175781,686,"2014_banda_24"
2017,28,21.6956072865005,9.17450618743896,36.0113232079154,0,221.268920898438,686,"2017_banda_28"
2024,33,21.7727991766554,10.2513189315796,30.033758794191,0,171.586868286133,686,"2024_banda_33"
2017,35,21.7971444859797,16.0265941619873,21.1804207692087,0,94.2781829833984,686,"2017_banda_35"
2019,34,21.90294989483,0,35.1631416351383,0,137.90119934082,686,"2019_banda_34"
2018,28,22.1066721545712,10.5826225280762,27.2234280690866,0,141.635040283203,686,"2018_banda_28"
2016,32,22.1411642128108,10.746292591095,28.7749189326045,0,156.919387817383,686,"2016_banda_32"
2016,51,22.1938066009877,17.2648916244507,22.3049866635136,0,107.984230041504,686,"2016_banda_51"
2011,22,22.3543308663994,17.1990661621094,26.2487048638159,0,135.316284179688,686,"2011_banda_22"
2017,22,22.448824461278,16.5018329620361,16.3058102528985,0,79.3499221801758,686,"2017_banda_22"
2022,27,22.5672374730903,19.0939569473267,16.7446657070834,0,92.8884887695312,686,"2022_banda_27"
2015,30,22.686771517071,14.1139583587646,20.4445690603488,0,92.8380279541016,686,"2015_banda_30"
2022,50,22.7448192337859,18.9390668869019,24.8289513999466,0,131.099456787109,686,"2022_banda_50"
2015,23,22.8967300166889,12.2428817749023,25.1159992234353,0,115.297500610352,686,"2015_banda_23"
2021,47,22.9502596347742,10.6904168128967,30.5492343017302,0,144.458053588867,686,"2021_banda_47"
2024,9,23.1481633346213,20.6312799453735,15.3074598109563,0,108.07105255127,686,"2024_banda_09"
2025,4,23.163103105723,11.8013048171997,30.7204667243023,0,209.42041015625,686,"2025_banda_04"
2016,30,23.4063153640522,9.18624019622803,34.5550635542956,0,188.614883422852,686,"2016_banda_30"
2018,3,23.4892829034488,21.954514503479,19.0271120269602,0,96.5680847167969,686,"2018_banda_03"
2017,48,23.5441816464805,19.8492937088013,24.108371672251,0,120.620918273926,686,"2017_banda_48"
2018,51,23.5872986890137,20.2289180755615,16.2705097131412,3.16673278808594,81.363151550293,686,"2018_banda_51"
2018,35,23.795935574843,6.75858044624329,38.9921535313111,0,165.039489746094,686,"2018_banda_35"
2015,26,23.9601407238763,14.2727060317993,27.5366814668828,0,155.846557617188,686,"2015_banda_26"
2012,37,24.0134302223042,7.07541680335999,33.0152373722023,0,150.432952880859,686,"2012_banda_37"
2022,36,24.1321286307132,14.3217525482178,25.3149903835264,0,116.696632385254,686,"2022_banda_36"
2019,5,24.2463813731691,18.4563550949097,17.5547430294634,0,75.5657196044922,686,"2019_banda_05"
2013,51,24.2846163132448,18.842248916626,27.8367163757968,0,160.5771484375,686,"2013_banda_51"
2024,48,24.713132727598,11.2554273605347,38.4270623003638,0,183.554077148438,686,"2024_banda_48"
2023,29,24.7314034099134,12.0152940750122,26.8657961383288,0,124.164169311523,686,"2023_banda_29"
2023,39,24.8432874050502,16.8063974380493,25.1741562707848,0,154.172256469727,686,"2023_banda_39"
2010,33,24.8854003675477,0,49.0694471567752,0,228.820785522461,686,"2010_banda_33"
2015,35,24.9073110236718,18.3279657363892,25.7861353912674,0,106.306121826172,686,"2015_banda_35"
2014,25,24.9621420622567,14.1514043807983,24.7222952983101,0,128.291961669922,686,"2014_banda_25"
2020,26,24.9690664448822,17.2971048355103,29.4499880908859,0,180.732864379883,686,"2020_banda_26"
2015,37,25.0221622308211,13.3865609169006,25.4710734723545,0,133.660614013672,686,"2015_banda_37"
2014,33,25.0533228532218,13.5468535423279,28.9393197281096,0,135.441299438477,686,"2014_banda_33"
2024,15,25.2304735746745,13.0846652984619,27.9990352525431,2.87402009963989,147.129699707031,686,"2024_banda_15"
2022,34,25.2648345727267,20.0340099334717,17.317410454721,0,92.8658447265625,686,"2022_banda_34"
2019,35,25.3144666835796,15.9147667884827,23.4188066080737,0,112.206802368164,686,"2019_banda_35"
2014,34,25.491400213179,12.4454884529114,30.9377973306162,0,135.104583740234,686,"2014_banda_34"
2015,14,25.7686491672916,25.8193578720093,10.6957628185357,7.47269058227539,60.7532081604004,686,"2015_banda_14"
2015,33,26.0866940487231,16.8565063476562,25.4264715390915,0,123.43212890625,686,"2015_banda_33"
2015,38,26.2435726486907,22.7888317108154,18.4651660953243,3.18048667907715,86.2943344116211,686,"2015_banda_38"
2012,9,26.2446740160183,14.9739398956299,33.0013342691849,0,141.876083374023,686,"2012_banda_09"
2014,30,26.3418665424033,5.26018214225769,44.4615099607393,0,234.786102294922,686,"2014_banda_30"
2024,8,26.3476611653848,9.58920860290527,38.9944221732661,0,221.625747680664,686,"2024_banda_08"
2014,3,26.3698236511331,13.151270866394,30.1012669821414,0,152.893936157227,686,"2014_banda_03"
2012,32,26.4607605730827,16.1488847732544,33.463919425598,0,172.017974853516,686,"2012_banda_32"
2021,38,26.7676926048435,16.6231966018677,27.5348921993289,0,140.939056396484,686,"2021_banda_38"
2016,24,26.7934109198456,17.1575584411621,30.4137876131438,0,149.092071533203,686,"2016_banda_24"
2014,12,26.7957886078615,9.58496046066284,36.7539238714465,0,144.299621582031,686,"2014_banda_12"
2022,19,26.9287769863974,18.6790809631348,23.7361188227405,0,117.18531036377,686,"2022_banda_19"
2014,35,27.1383998088169,19.3797264099121,25.85671048341,0,127.925415039062,686,"2014_banda_35"
2015,27,27.1445727654171,19.3840818405151,22.0315124781235,5.54141569137573,126.752731323242,686,"2015_banda_27"
2014,28,27.2720894507695,18.0932273864746,22.0941805613391,5.11438989639282,117.879165649414,686,"2014_banda_28"
2017,12,27.273301431806,24.9350566864014,16.616438318406,0,83.4760131835938,686,"2017_banda_12"
2011,24,27.2775730181366,9.42796516418457,37.997038035012,0,178.243606567383,686,"2011_banda_24"
2018,25,27.3275205383495,13.7728004455566,34.8971004755071,0,188.113403320312,686,"2018_banda_25"
2016,13,27.3602274016806,21.8619680404663,24.4457161385341,0,132.521255493164,686,"2016_banda_13"
2010,4,27.3762788855995,18.8572158813477,21.2155582278703,0,113.348823547363,686,"2010_banda_04"
2019,36,27.3842540254746,16.545072555542,26.6463938081955,0,132.422134399414,686,"2019_banda_36"
2025,30,27.5255549475333,14.985532283783,28.4532335714865,0,108.523742675781,686,"2025_banda_30"
2013,35,27.5984321068049,8.72012948989868,41.3377231421874,0,242.715393066406,686,"2013_banda_35"
2014,31,27.6058595468977,13.8996515274048,32.5601635122795,0,156.290130615234,686,"2014_banda_31"
2020,19,27.6354007635798,18.2650890350342,24.0796608258947,0,124.939628601074,686,"2020_banda_19"
2022,52,27.6504763820081,24.0798454284668,13.4426785045734,0,86.8502960205078,686,"2022_banda_52"
2018,27,27.6576106788118,10.9724597930908,37.583089538801,0,188.075561523438,686,"2018_banda_27"
2020,25,27.73420457959,21.8645582199097,23.6921982284364,0.496814221143723,127.661155700684,686,"2020_banda_25"
2024,28,27.9699482285247,8.43329000473022,45.420794405713,0,229.156097412109,686,"2024_banda_28"
2021,5,27.9715044282963,22.1154232025146,21.8485425197312,0,132.020263671875,686,"2021_banda_05"
2025,27,28.1230210434244,9.80933523178101,42.5290900526576,0,208.194381713867,686,"2025_banda_27"
2025,31,28.1733629140492,22.1699829101562,21.3349499740739,3.83559989929199,129.215362548828,686,"2025_banda_31"
2016,26,28.3298874898833,19.4828128814697,28.9376583951602,0,149.179748535156,686,"2016_banda_26"
2019,27,28.4461256978116,25.6364755630493,18.7484910468928,0,85.2717971801758,686,"2019_banda_27"
2017,25,28.4579472785093,26.5460510253906,15.7710326512839,0,82.7639312744141,686,"2017_banda_25"
2024,38,28.5564203842736,20.1306743621826,25.4775937906492,0,134.119812011719,686,"2024_banda_38"
2018,8,28.5651788398754,25.3200063705444,16.8682765625194,0,106.068733215332,686,"2018_banda_08"
2025,28,28.5980087098158,16.0489091873169,28.3777640323939,0,141.333145141602,686,"2025_banda_28"
2025,1,28.6656571206129,30.1653881072998,19.7956492230662,0,110.278434753418,686,"2025_banda_01"
2022,35,28.6771316439695,20.8921022415161,28.0683862502636,0,144.610900878906,686,"2022_banda_35"
2025,45,28.823596150465,24.5548400878906,20.7819501812699,0,146.326095581055,686,"2025_banda_45"
2025,33,28.9639895228186,20.8391609191895,27.857127130485,0,149.401977539062,686,"2025_banda_33"
2022,2,29.3438065781885,29.5615892410278,24.0987865071209,0,106.675094604492,686,"2022_banda_02"
2020,51,29.6076877304833,20.0634107589722,29.070158414776,0,131.542526245117,686,"2020_banda_51"
2017,10,29.7325422138236,22.6301174163818,22.1524607664994,0,126.800880432129,686,"2017_banda_10"
2024,12,29.9520564451162,24.2219762802124,21.3430841099741,0,108.108711242676,686,"2024_banda_12"
2024,35,30.0371389199624,8.5473427772522,41.5272557070028,0,169.029235839844,686,"2024_banda_35"
2016,48,30.0972702225165,23.759521484375,23.0323909688686,0,131.742446899414,686,"2016_banda_48"
2018,39,30.2144634675006,26.8612279891968,18.2331385429036,0,107.427711486816,686,"2018_banda_39"
2014,6,30.249809032974,26.5273694992065,17.0093293686078,0,99.4660186767578,686,"2014_banda_06"
2019,29,30.3712023845914,22.6733226776123,24.5856877965625,0,126.822998046875,686,"2019_banda_29"
2017,4,30.3785631265654,23.9404792785645,27.410330028928,0,131.674331665039,686,"2017_banda_04"
2012,27,30.3949267711306,14.1223611831665,38.3166685760904,0,202.797882080078,686,"2012_banda_27"
2015,9,30.7624050229353,20.3458089828491,26.5096524613905,0,124.380760192871,686,"2015_banda_09"
2013,8,30.8849279387004,18.4627437591553,40.5986942128785,0,222.211456298828,686,"2013_banda_08"
2016,50,30.9051703315435,20.638373374939,32.0096914405423,0,155.939407348633,686,"2016_banda_50"
2018,23,31.2236566029207,24.0353202819824,27.6023875884157,0,176.070175170898,686,"2018_banda_23"
2013,31,31.2366116288452,5.00944185256958,68.0348800132247,0,405.955017089844,686,"2013_banda_31"
2013,50,31.4193032170176,25.5191669464111,21.9658197178455,0,111.347122192383,686,"2013_banda_50"
2025,21,31.446123393562,30.2840023040771,18.2442412088498,3.78350734710693,89.5656509399414,686,"2025_banda_21"
2025,25,31.6193039455497,14.0419592857361,37.7094477004599,0,242.523040771484,686,"2025_banda_25"
2023,27,31.7113361820883,20.2983875274658,30.5181686786255,3.14614367485046,151.072280883789,686,"2023_banda_27"
2021,6,31.7989678643535,20.4673357009888,29.1646312790542,0,136.662414550781,686,"2021_banda_06"
2016,9,31.9391400483885,30.2733116149902,17.2297673841884,0,95.5495071411133,686,"2016_banda_09"
2015,25,32.0208104713318,17.6911430358887,27.371152474745,4.57225561141968,109.286331176758,686,"2015_banda_25"
2020,16,32.0296171733311,31.7029600143433,11.9838117343749,0,71.1958160400391,686,"2020_banda_16"
2025,26,32.1095509181565,27.4556035995483,19.6315400219594,0,118.617477416992,686,"2025_banda_26"
2018,33,32.1419415367936,20.2301807403564,29.7718140270369,0,119.166572570801,686,"2018_banda_33"
2016,34,32.1559252881448,17.4763135910034,36.4646466647241,0,142.444198608398,686,"2016_banda_34"
2019,37,32.1630621787063,19.58851146698,32.3267102428522,0,192.630310058594,686,"2019_banda_37"
2023,31,32.1819012658589,13.1168451309204,41.6389567910702,0,214.740524291992,686,"2023_banda_31"
2015,34,32.3392330175239,21.5815324783325,28.7231674479206,0,112.192497253418,686,"2015_banda_34"
2020,36,32.7694877160186,29.8982334136963,25.9993174309285,0,133.082794189453,686,"2020_banda_36"
2021,25,32.8162451561964,24.6893005371094,26.1745079169259,0,152.980758666992,686,"2021_banda_25"
2021,7,32.8187636654857,29.9442157745361,16.2713808970316,0,91.2298583984375,686,"2021_banda_07"
2016,10,32.8587884777836,37.9092025756836,18.1876782707674,0,64.201416015625,686,"2016_banda_10"
2023,37,32.8765824850725,16.3182249069214,39.4158536827827,0,219.125289916992,686,"2023_banda_37"
2018,29,32.9206604026149,18.7078304290771,42.2011607112558,0,251.325500488281,686,"2018_banda_29"
2024,47,32.9506566566211,27.5522470474243,35.3483872514841,0,294.753173828125,686,"2024_banda_47"
2023,28,33.0027631542078,24.8270597457886,26.2383409400405,0,136.811614990234,686,"2023_banda_28"
2019,18,33.13857233003,19.9969005584717,27.277121313691,4.91698741912842,158.368026733398,686,"2019_banda_18"
2017,7,33.180440661511,27.3611164093018,29.0051439566043,0,128.168472290039,686,"2017_banda_07"
2015,32,33.2152945640831,25.6921148300171,24.9867021117079,6.04210424423218,127.124252319336,686,"2015_banda_32"
2020,38,33.2227262971005,25.0746240615845,25.4961780443064,4.22800397872925,171.957656860352,686,"2020_banda_38"
2016,7,33.2585537068698,33.6500930786133,21.7120188084087,0,116.948303222656,686,"2016_banda_07"
2017,6,33.2849924731185,21.7425336837769,29.6681314036927,0,126.072769165039,686,"2017_banda_06"
2015,52,33.4261256887336,29.2288427352905,25.8155310379508,0,156.370147705078,686,"2015_banda_52"
2010,1,33.4319848110655,0,52.2398495032538,0,197.595336914062,686,"2010_banda_01"
2010,26,33.8663273497156,28.6460380554199,26.6806012311287,0,139.86491394043,686,"2010_banda_26"
2017,49,33.8880351507281,24.3028011322021,26.8772688984572,0,146.987884521484,686,"2017_banda_49"
2010,10,33.9151263904294,16.629490852356,41.0856257142805,0,206.372192382812,686,"2010_banda_10"
2025,36,34.1200131640142,20.2660999298096,33.0804369370223,0,152.937393188477,686,"2025_banda_36"
2022,12,34.1213896288469,35.0076541900635,15.0638077180162,0,75.5605239868164,686,"2022_banda_12"
2015,17,34.198457558023,31.4730587005615,17.1944411453192,0,85.648063659668,686,"2015_banda_17"
2023,49,34.209237994675,12.3445963859558,45.3698401829415,0,234.946823120117,686,"2023_banda_49"
2011,36,34.2347843452376,15.053662776947,47.2562285313573,0,206.564575195312,686,"2011_banda_36"
2017,50,34.3580752051606,31.94810962677,21.289975245636,0,149.058776855469,686,"2017_banda_50"
2023,18,34.3785678033579,35.4000282287598,14.201813306218,3.14196348190308,69.3648147583008,686,"2023_banda_18"
2024,43,34.4759103059769,29.56676197052,34.8631144344591,0,145.918655395508,686,"2024_banda_43"
2020,9,34.4980521942367,33.8283786773682,16.3341542364456,0,94.8391418457031,686,"2020_banda_09"
2011,6,34.7240146978951,29.0835475921631,28.5092382787483,0,110.584823608398,686,"2011_banda_06"
2011,10,34.7659474576527,32.2689037322998,21.2087821740063,0,126.370948791504,686,"2011_banda_10"
2018,43,34.8505147726821,28.4884824752808,25.9144837877732,0,164.230712890625,686,"2018_banda_43"
2021,26,34.8646556559527,27.5632495880127,34.565230470765,0,159.138946533203,686,"2021_banda_26"
2021,9,35.0045220692026,27.3227024078369,28.6284611627106,0,143.406097412109,686,"2021_banda_09"
2019,30,35.0413567658416,30.311637878418,18.5280604577385,0,120.832473754883,686,"2019_banda_30"
2015,12,35.1344996777637,27.235466003418,19.9526965484868,7.06347894668579,119.224754333496,686,"2015_banda_12"
2018,36,35.1478177361169,32.4559268951416,26.115901276811,0,137.158569335938,686,"2018_banda_36"
2019,31,35.4571794459146,14.087347984314,53.1007622643243,0,241.739807128906,686,"2019_banda_31"
2013,10,35.7491613577823,25.4502363204956,35.7515431938102,0,178.292984008789,686,"2013_banda_10"
2021,32,35.8454996390871,11.6930680274963,47.7837609385132,0,164.102890014648,686,"2021_banda_32"
2025,16,35.8935787010471,24.4600677490234,27.4677631618997,0,117.025024414062,686,"2025_banda_16"
2021,29,36.018977025855,22.5745420455933,38.6777128327414,0,165.16535949707,686,"2021_banda_29"
2014,23,36.0270621192699,25.0415554046631,31.6862776525092,0,156.367279052734,686,"2014_banda_23"
2011,28,36.0974175547719,22.6137847900391,41.3420304296356,0,256.148834228516,686,"2011_banda_28"
2024,50,36.1953359595541,29.7101106643677,24.5606766207542,9.02053451538086,139.875183105469,686,"2024_banda_50"
2023,23,36.2292751584734,27.7172870635986,25.1519318564654,8.73033332824707,170.442474365234,686,"2023_banda_23"
2011,34,36.2513102331245,23.6470785140991,32.9685308027239,0,157.308746337891,686,"2011_banda_34"
2013,9,36.2824801293476,22.024772644043,38.243723682818,0,230.534210205078,686,"2013_banda_09"
2022,5,36.315666592851,28.2396593093872,25.4963865430822,0,168.613357543945,686,"2022_banda_05"
2019,47,36.3823620070521,27.2119550704956,32.8913378171479,0,139.105621337891,686,"2019_banda_47"
2013,13,36.4154577893001,16.5614376068115,42.0129556147807,0,175.738891601562,686,"2013_banda_13"
2012,5,36.4289746235828,30.9348793029785,24.7817169541968,0,124.202606201172,686,"2012_banda_05"
2021,34,36.5187406011643,27.2295808792114,29.3963688656419,0,137.416229248047,686,"2021_banda_34"
2019,52,36.5576639432601,29.456428527832,22.4658311179321,0,128.423843383789,686,"2019_banda_52"
2025,34,36.5577515617404,25.1647319793701,32.3869420913901,0,185.853622436523,686,"2025_banda_34"
2015,19,36.663239919757,35.431921005249,24.6112673113869,0,89.1143951416016,686,"2015_banda_19"
2010,12,36.7796053121806,28.7149753570557,28.2182142986312,0,142.210433959961,686,"2010_banda_12"
2016,11,36.8528474857786,36.371265411377,18.3041742743932,0,97.5674285888672,686,"2016_banda_11"
2020,40,36.8614175623777,28.3484010696411,33.2026897788746,0,158.797088623047,686,"2020_banda_40"
2014,40,37.0224869716967,17.2209281921387,47.9334252395692,0,224.107055664062,686,"2014_banda_40"
2011,2,37.0344849619852,31.0649423599243,32.9217468471527,0,155.452011108398,686,"2011_banda_02"
2024,39,37.0503118489991,26.3838300704956,30.1552273724465,5.15981864929199,199.32258605957,686,"2024_banda_39"
2019,24,37.1474361586501,27.7943964004517,37.2363181489853,2.52802228927612,236.16716003418,686,"2019_banda_24"
2018,50,37.1780761595023,19.2995347976685,41.5162714047535,0,202.739212036133,686,"2018_banda_50"
2023,33,37.2717250026002,19.9127130508423,37.0683092147131,6.96859216690063,229.226226806641,686,"2023_banda_33"
2017,38,37.6091340603008,30.9458112716675,23.8644613151146,0,129.34797668457,686,"2017_banda_38"
2012,3,38.1057240900423,15.4342074394226,55.6381632666842,0,280.742797851562,686,"2012_banda_03"
2018,26,38.2565974077052,33.4099750518799,24.5186805367575,5.23594045639038,142.039672851562,686,"2018_banda_26"
2023,4,38.2888201992991,33.7821006774902,18.4548992100136,0,121.408737182617,686,"2023_banda_04"
2013,30,38.3300223420035,19.5422849655151,42.8956325452535,4.28391981124878,206.855712890625,686,"2013_banda_30"
2023,13,38.3691427353172,38.1249694824219,14.9806624701022,0,75.8673706054688,686,"2023_banda_13"
2024,36,38.486611664469,12.5242137908936,54.4967788046904,0,286.549682617188,686,"2024_banda_36"
2019,50,38.5309131917036,34.3829174041748,25.4040931816639,0,117.296974182129,686,"2019_banda_50"
2020,41,38.6401557421893,26.0036678314209,33.1865159344597,0,150.350860595703,686,"2020_banda_41"
2021,15,38.7105499613737,36.6489295959473,20.3641432151051,0,100.094772338867,686,"2021_banda_15"
2016,23,38.7828226777624,31.3855810165405,22.9239095169959,4.534010887146,120.260391235352,686,"2016_banda_23"
2019,51,38.8432702163218,31.1993036270142,29.9423097050769,0,145.932083129883,686,"2019_banda_51"
2020,10,38.9226409589584,34.8523635864258,22.2832296847456,0,125.241790771484,686,"2020_banda_10"
2019,25,39.1164289361881,26.2111778259277,31.1350421028371,7.13705253601074,146.574127197266,686,"2019_banda_25"
2017,23,39.124780731368,26.122200012207,30.7633588657191,7.22170257568359,142.109848022461,686,"2017_banda_23"
2011,29,39.2002129547798,32.9575042724609,35.2199900791332,0,216.511856079102,686,"2011_banda_29"
2010,38,39.2958586723394,21.0707759857178,49.1374616898288,0,303.477386474609,686,"2010_banda_38"
2017,27,39.450164852615,20.1451530456543,42.8350864014864,0,210.143753051758,686,"2017_banda_27"
2020,30,39.5115385602063,32.6174030303955,31.3210316323367,0.264921337366104,204.79753112793,686,"2020_banda_30"
2013,27,39.5413094734659,17.2208042144775,48.5454944354853,0,224.283782958984,686,"2013_banda_27"
2011,12,39.5453343725065,30.9117307662964,21.7835528551278,0,106.797248840332,686,"2011_banda_12"
2016,12,39.8931967954941,33.5097122192383,21.8536516411618,0,104.53889465332,686,"2016_banda_12"
2018,4,39.9693861535965,26.3461856842041,31.3934787506076,9.97351551055908,154.675216674805,686,"2018_banda_04"
2011,43,40.1242398770836,31.2035627365112,31.1983745054777,9.73985481262207,225.751373291016,686,"2011_banda_43"
2019,6,40.1997882346718,31.4552478790283,32.9828445761631,0,123.212242126465,686,"2019_banda_06"
2020,50,40.2967548589317,30.3303413391113,36.4788245131689,0,209.096618652344,686,"2020_banda_50"
2024,29,40.3612508737311,10.8571109771729,60.9721909250238,0,273.494842529297,686,"2024_banda_29"
2017,9,40.3734187732285,37.5550231933594,18.7004165125494,0,103.974761962891,686,"2017_banda_09"
2023,17,40.4088705218568,39.841516494751,10.9002757253142,16.9184379577637,83.4521408081055,686,"2023_banda_17"
2023,32,40.4662983907555,16.9124221801758,49.7119565509876,0,219.403198242188,686,"2023_banda_32"
2018,5,40.563270983126,36.7113094329834,19.621421996927,0,111.269927978516,686,"2018_banda_05"
2024,25,40.8147799657663,26.8739652633667,42.0000518065943,0,208.039962768555,686,"2024_banda_25"
2020,17,40.8790486776446,32.0219535827637,30.5990728767138,0,165.758972167969,686,"2020_banda_17"
2017,42,40.8953408200956,34.9670886993408,22.3841507812581,5.50878667831421,138.390533447266,686,"2017_banda_42"
2019,26,40.9647747872522,30.8555297851562,30.7229097537183,4.07703018188477,141.855056762695,686,"2019_banda_26"
2014,36,40.9660945821434,22.5587034225464,45.7631984014578,0,211.117721557617,686,"2014_banda_36"
2011,32,40.9808177614351,14.6500978469849,55.8960170399148,0,260.734313964844,686,"2011_banda_32"
2025,5,41.0781858959629,17.7622308731079,53.2141892044072,0,245.852508544922,686,"2025_banda_05"
2012,22,41.1452717051214,22.9649486541748,38.0208848137688,0,160.659027099609,686,"2012_banda_22"
2018,16,41.205780570083,39.2045993804932,14.4379556069314,15.5757780075073,84.0569763183594,686,"2018_banda_16"
2015,18,41.2124990749637,38.4959964752197,25.4658037959758,4.024827003479,134.707809448242,686,"2015_banda_18"
2016,33,41.3945805922194,11.4209151268005,64.8980186938543,0,280.745422363281,686,"2016_banda_33"
2020,35,41.4334736704479,40.0928478240967,12.4884723690647,14.8081245422363,85.7584075927734,686,"2020_banda_35"
2020,28,41.4483814701742,35.3689975738525,31.9222660702441,0,189.777694702148,686,"2020_banda_28"
2020,24,41.4806902366894,23.505256652832,42.7573296127766,5.17811346054077,203.549545288086,686,"2020_banda_24"
2025,8,41.5435805049652,36.084114074707,27.9683608728122,0,152.400039672852,686,"2025_banda_08"
2017,30,41.8273846748619,27.7995681762695,35.4460945825751,0,171.345306396484,686,"2017_banda_30"
2016,38,41.8490192347991,38.066089630127,19.8573101179633,0,121.328430175781,686,"2016_banda_38"
2012,21,41.8555716029409,23.2174253463745,51.1082234021926,0,217.562530517578,686,"2012_banda_21"
2017,46,41.8845874536837,28.529408454895,43.7833245572192,0,246.026245117188,686,"2017_banda_46"
2015,39,42.0431526110402,19.2825517654419,44.1601415330726,0,195.745529174805,686,"2015_banda_39"
2015,45,42.1583138487082,42.5566673278809,25.5678214728183,0,114.407936096191,686,"2015_banda_45"
2012,35,42.3589055816217,13.2399129867554,77.7061704834517,0,333.701202392578,686,"2012_banda_35"
2023,50,42.3913425599868,27.924334526062,37.1918951957585,0,164.455474853516,686,"2023_banda_50"
2012,14,42.4291103518739,32.3659839630127,27.0110257137772,13.3817882537842,150.035690307617,686,"2012_banda_14"
2023,7,42.5441880976841,23.7626066207886,37.0318350118257,0,139.986846923828,686,"2023_banda_07"
2010,22,42.6511590578118,32.2415390014648,33.3648179199258,0,209.825347900391,686,"2010_banda_22"
2022,38,42.7108775992435,41.7626247406006,14.4212802306661,8.27651405334473,84.9455795288086,686,"2022_banda_38"
2024,13,42.8300740086302,41.9450988769531,13.4488627201022,10.3308115005493,83.368896484375,686,"2024_banda_13"
2020,8,42.8307586734566,34.760591506958,25.1393634106531,3.89104580879211,123.174263000488,686,"2020_banda_08"
2018,24,42.8544870416903,22.9217987060547,44.5128810251083,4.26216602325439,196.590118408203,686,"2018_banda_24"
2013,48,42.8688052089847,28.9654760360718,45.3632227893641,0,207.864807128906,686,"2013_banda_48"
2023,36,43.0396664455403,29.3496084213257,34.8039539273876,7.21944522857666,171.904388427734,686,"2023_banda_36"
2025,49,43.2226484954878,24.8667821884155,39.2828002636595,0,261.305786132812,686,"2025_banda_49"
2014,14,43.254321974151,25.1258821487427,38.9050824483238,0,157.147979736328,686,"2014_banda_14"
2020,33,43.340481171455,40.6323394775391,21.70416859772,8.2528715133667,104.695411682129,686,"2020_banda_33"
2010,24,43.535441145605,21.1304349899292,57.1391028844562,0,324.508270263672,686,"2010_banda_24"
2020,21,43.5378209175243,20.8405952453613,41.0037053054187,2.21439814567566,153.912887573242,686,"2020_banda_21"
2017,26,43.7840106376059,36.892017364502,27.5721568743715,5.45786428451538,161.284393310547,686,"2017_banda_26"
2016,31,43.7907626083224,22.7677068710327,48.003672155614,0,222.786148071289,686,"2016_banda_31"
2012,38,43.8171919195019,8.97044324874878,65.0318512266314,0,318.282684326172,686,"2012_banda_38"
2025,35,44.0036752088424,24.8844270706177,47.2755990044094,0,189.210891723633,686,"2025_banda_35"
2025,19,44.0319336440751,39.5051383972168,19.3571436961605,11.1233491897583,119.776351928711,686,"2025_banda_19"
2025,17,44.3861824847519,39.7412261962891,23.2942191288032,0,134.947982788086,686,"2025_banda_17"
2025,51,44.5997180744093,41.2306461334229,22.1212062740445,0,115.458847045898,686,"2025_banda_51"
2013,52,44.8160358504026,47.6841049194336,30.3902576017952,0,133.170776367188,686,"2013_banda_52"
2023,43,44.9274013230126,30.0551271438599,37.8402640993605,5.74055480957031,184.300079345703,686,"2023_banda_43"
2019,49,44.9727904789649,30.7880554199219,38.5118456781258,0,152.620590209961,686,"2019_banda_49"
2019,15,44.9895967255528,44.8222732543945,19.2782183157726,0,108.632339477539,686,"2019_banda_15"
2023,35,45.1274699553109,40.8387851715088,20.1106202614518,14.4618396759033,102.17643737793,686,"2023_banda_35"
2011,33,45.1588811606777,8.95432376861572,70.314011927121,0,320.435272216797,686,"2011_banda_33"
2023,12,45.3503445842176,41.9416313171387,16.3529914962948,15.3144559860229,101.478225708008,686,"2023_banda_12"
2012,47,45.4037346210841,25.2880344390869,53.9591818002335,0,349.135711669922,686,"2012_banda_47"
2015,10,45.4112263803232,37.9898090362549,25.9669665548191,0,131.874282836914,686,"2015_banda_10"
2021,39,45.4632484141314,31.2701578140259,46.4488640963663,0,260.753051757812,686,"2021_banda_39"
2013,4,45.4921448091724,23.7837696075439,42.9085983704895,0,183.02409362793,686,"2013_banda_04"
2020,34,45.5190675251686,44.2428321838379,16.7425981418392,17.5082626342773,97.2833023071289,686,"2020_banda_34"
2013,14,45.5240978499543,30.3910179138184,38.7467074924616,8.86765003204346,201.373138427734,686,"2013_banda_14"
2025,22,45.5280938829695,32.4437618255615,36.1982916593608,11.9537258148193,234.589080810547,686,"2025_banda_22"
2021,2,45.6461528960192,37.5317821502686,35.3884793762612,0,178.331771850586,686,"2021_banda_02"
2014,20,45.6738226761276,29.0445041656494,36.6870293091029,2.84558725357056,158.961120605469,686,"2014_banda_20"
2017,15,45.9427273391635,42.8931369781494,15.2095890547802,16.1351909637451,117.139236450195,686,"2017_banda_15"
2019,10,46.0698107206439,46.6707916259766,22.1111622160985,7.11780405044556,124.939331054688,686,"2019_banda_10"
2014,37,46.2065094987436,21.2396402359009,57.5139921022153,0,270.814392089844,686,"2014_banda_37"
2015,40,46.2150468381431,40.4445400238037,25.2281881989755,14.2537689208984,140.33610534668,686,"2015_banda_40"
2023,26,46.3083534796801,34.6230792999268,35.4997206128592,7.71066617965698,203.285903930664,686,"2023_banda_26"
2014,48,46.4080254823056,27.023003578186,46.7837642284968,0,182.737823486328,686,"2014_banda_48"
2023,34,46.5762798907805,31.3914890289307,51.3205801986311,0,306.351165771484,686,"2023_banda_34"
2022,13,46.5977170307504,44.0774326324463,19.5606396178446,6.9926700592041,116.25407409668,686,"2022_banda_13"
2018,14,46.8470329459833,45.4098014831543,19.380315632315,0,105.015884399414,686,"2018_banda_14"
2017,2,47.0140479326943,42.653284072876,21.8633309179107,10.5166244506836,115.725067138672,686,"2017_banda_02"
2017,14,47.2886178458745,40.9347438812256,22.6838210573476,9.4795503616333,122.158599853516,686,"2017_banda_14"
2025,12,47.5043263866324,37.1222019195557,31.0178587913912,8.05981731414795,146.095901489258,686,"2025_banda_12"
2014,27,47.5905125579055,31.1212854385376,44.985896587453,0,270.089904785156,686,"2014_banda_27"
2023,52,47.6309278935802,36.0760192871094,38.6248962096502,5.60555744171143,239.770324707031,686,"2023_banda_52"
2016,21,47.6511691923392,24.4310188293457,51.9066658253017,0,205.248962402344,686,"2016_banda_21"
2014,15,47.6694188402971,30.4306116104126,38.930008024436,0,142.971771240234,686,"2014_banda_15"
2015,21,47.6840227526061,31.1017417907715,40.1961386056796,0,146.173278808594,686,"2015_banda_21"
2023,48,47.7969467911011,34.8350734710693,36.5455768149977,0,177.385620117188,686,"2023_banda_48"
2020,18,47.8932931725555,40.6706562042236,28.0054694910601,3.69246053695679,128.900253295898,686,"2020_banda_18"
2014,10,47.9300969640993,41.0483074188232,27.6993997259198,9.88937568664551,143.829055786133,686,"2014_banda_10"
2020,23,47.9530539887987,44.9785251617432,21.5252907908537,8.39934349060059,145.349838256836,686,"2020_banda_23"
2014,38,48.0642323771997,42.4115829467773,24.6234993745387,0,147.467071533203,686,"2014_banda_38"
2016,37,48.2919973548578,36.7949829101562,41.3597039916321,0,250.813949584961,686,"2016_banda_37"
2014,39,48.4342115766453,32.1430206298828,47.6003516888002,0,260.123260498047,686,"2014_banda_39"
2022,15,48.4848488357255,46.5494003295898,23.7460943750631,0,133.674468994141,686,"2022_banda_15"
2023,15,48.9172053629038,48.2536716461182,12.9863821236652,18.1558647155762,97.9271545410156,686,"2023_banda_15"
2020,11,48.9430113346167,42.4008674621582,28.5599406039476,0,125.067977905273,686,"2020_banda_11"
2015,4,48.9966851865585,39.9840869903564,30.7391425312301,0,142.673065185547,686,"2015_banda_04"
2010,7,49.1159076078988,19.0639991760254,58.6258733897413,5.15189123153687,243.673812866211,686,"2010_banda_07"
2025,32,49.1274106349611,46.0450572967529,26.0650739872697,2.434645652771,153.451293945312,686,"2025_banda_32"
2023,1,49.3405578828066,46.7890510559082,29.7252721596964,0,196.232284545898,686,"2023_banda_01"
2010,35,49.412036864125,42.7775897979736,28.5602520159538,0,196.669387817383,686,"2010_banda_35"
2023,20,49.6411861038764,42.4705142974854,22.9135854520086,15.4916620254517,132.995223999023,686,"2023_banda_20"
2013,24,49.6437228574002,17.7835607528687,65.8248272718387,0,313.220550537109,686,"2013_banda_24"
2012,28,49.6934383424656,17.2517328262329,72.9037862614663,0,309.041412353516,686,"2012_banda_28"
2015,28,49.782084941864,35.7574253082275,39.7977237380859,9.6373233795166,192.543441772461,686,"2015_banda_28"
2022,32,49.8272872045853,42.4648284912109,38.8422675285916,0,279.201049804688,686,"2022_banda_32"
2021,40,49.8355018526055,34.9736919403076,43.7231065223727,0,165.458694458008,686,"2021_banda_40"
2025,23,49.912553553331,29.4899444580078,50.2861197965366,0,244.885101318359,686,"2025_banda_23"
2012,11,50.2037583829363,38.5363712310791,31.7730693927904,11.0883932113647,146.695098876953,686,"2012_banda_11"
2012,49,50.2097342737215,30.8963499069214,55.3961171304019,0,245.989807128906,686,"2012_banda_49"
2014,26,50.2477766025171,31.6928739547729,46.4880697856654,0,209.955902099609,686,"2014_banda_26"
2012,16,50.4605707427156,48.5015106201172,16.3690009988305,13.6694641113281,101.155006408691,686,"2012_banda_16"
2024,32,50.5663623594334,24.3681926727295,59.8027754771125,0,263.072723388672,686,"2024_banda_32"
2023,2,50.6529837745967,47.9371643066406,23.7788084602835,0,146.520324707031,686,"2023_banda_02"
2021,12,50.8678653539096,42.984058380127,21.4135976074997,18.2647933959961,148.414794921875,686,"2021_banda_12"
2021,22,50.9980921634085,43.8005104064941,33.817613276607,0,160.861709594727,686,"2021_banda_22"
2013,38,51.1475288680274,17.9299964904785,70.204624003888,0,365.944519042969,686,"2013_banda_38"
2015,50,51.1608015712427,44.6462211608887,34.0871798220575,0,152.618728637695,686,"2015_banda_50"
2012,26,51.2722104568871,25.6538572311401,58.9221945366752,3.10756611824036,291.906311035156,686,"2012_banda_26"
2011,51,51.2992125697456,0,62.3716085278547,0,368.167602539062,686,"2011_banda_51"
2023,8,51.3552076385598,47.1757316589355,23.619212187475,0,118.331382751465,686,"2023_banda_08"
2014,7,51.3756883220839,31.0002145767212,46.4268660565513,0,219.748031616211,686,"2014_banda_07"
2012,23,51.590191061747,10.9339375495911,74.7245316714229,0,289.542633056641,686,"2012_banda_23"
2019,17,51.5977946856974,49.294153213501,17.2672815377442,22.9998359680176,106.621322631836,686,"2019_banda_17"
2012,10,51.6510621736766,42.5690097808838,31.9075111330772,0,163.098190307617,686,"2012_banda_10"
2017,24,51.9333439592717,38.5395374298096,40.0107842753376,3.42242741584778,266.425689697266,686,"2017_banda_24"
2019,13,51.9603915311852,47.9552345275879,20.5642506395524,18.893798828125,115.249290466309,686,"2019_banda_13"
2010,23,51.9607263716595,46.1020221710205,29.5944387003193,0,203.595291137695,686,"2010_banda_23"
2021,17,52.0155742529877,46.5814247131348,22.1623277160002,5.63463449478149,121.720809936523,686,"2021_banda_17"
2024,23,52.0830710900421,33.9892253875732,44.4886243930321,0,226.142959594727,686,"2024_banda_23"
2019,19,52.1009999767337,32.6704082489014,41.5236094736833,0,170.522064208984,686,"2019_banda_19"
2022,48,52.1113528190479,31.1347007751465,53.2917008331805,0,229.316665649414,686,"2022_banda_48"
2013,34,52.1538926182266,27.3760232925415,60.0226603564193,0,254.164916992188,686,"2013_banda_34"
2021,36,52.2935925704745,40.954418182373,37.7432014088545,0,154.90412902832,686,"2021_banda_36"
2011,26,52.4504380657096,29.413782119751,53.800520468721,0,268.690643310547,686,"2011_banda_26"
2025,52,52.4780207556121,46.8699626922607,32.4023875925832,0,157.907989501953,686,"2025_banda_52"
2021,10,52.479405458745,42.7183570861816,24.9283578080683,0,135.642868041992,686,"2021_banda_10"
2021,37,52.5096404851352,43.177074432373,32.6026839867896,0,199.473114013672,686,"2021_banda_37"
2010,6,52.571539955306,33.7203903198242,41.2888272317261,0,165.744201660156,686,"2010_banda_06"
2013,25,52.6007529650068,16.4433898925781,66.6533018436913,0,309.153411865234,686,"2013_banda_25"
2015,41,52.7550510665071,35.1649208068848,40.6723698544905,0,180.968322753906,686,"2015_banda_41"
2012,30,52.8445745703083,18.0668544769287,67.0059690139247,5.33449840545654,276.347473144531,686,"2012_banda_30"
2019,40,52.8560613487622,43.2084465026855,28.5744655531725,16.4611511230469,161.627029418945,686,"2019_banda_40"
2022,39,53.0655630462024,48.0306377410889,18.2187235261265,23.4610176086426,126.58113861084,686,"2022_banda_39"
2013,40,53.1721772932103,24.5748872756958,56.7520316799423,0,262.081512451172,686,"2013_banda_40"
2019,11,53.262246643489,41.0750427246094,30.3097570228121,9.01684856414795,154.48046875,686,"2019_banda_11"
2024,52,53.3204488448429,45.8849391937256,36.3910134628098,0,236.229522705078,686,"2024_banda_52"
2023,40,53.6198365584059,36.5924549102783,45.019469925644,7.13378238677979,197.096984863281,686,"2023_banda_40"
2013,23,53.793385122156,14.1310434341431,76.297420105355,0,288.328186035156,686,"2013_banda_23"
2020,42,54.0310848711531,43.134880065918,40.0496597242425,0,199.021697998047,686,"2020_banda_42"
2018,7,54.1058358492726,44.281213760376,33.2959008920194,0,162.76936340332,686,"2018_banda_07"
2022,49,54.1234722867304,47.7368297576904,41.8147488170188,0,229.076797485352,686,"2022_banda_49"
2020,4,54.2453903665348,47.1786994934082,28.3941812376405,0,137.444854736328,686,"2020_banda_04"
2012,31,54.3216115326645,16.7449035644531,75.7765484031192,0,325.862915039062,686,"2012_banda_31"
2016,25,54.321668980073,35.8021469116211,54.8118604317286,0,290.814483642578,686,"2016_banda_25"
2022,22,54.3859990011499,46.4726161956787,30.447496369721,9.29067420959473,147.637115478516,686,"2022_banda_22"
2022,26,54.4026123309622,42.5060234069824,43.3036535194961,4.80697250366211,221.085144042969,686,"2022_banda_26"
2017,3,54.4109390108648,53.5682582855225,26.9386964652913,8.63017177581787,122.309478759766,686,"2017_banda_03"
2013,15,54.4629463864485,31.9829578399658,58.2763218287229,0,274.111846923828,686,"2013_banda_15"
2018,21,54.474672161803,42.0353946685791,39.723121014429,0,152.300231933594,686,"2018_banda_21"
2019,14,54.5018409153463,56.1440181732178,15.3799299158769,0,100.904205322266,686,"2019_banda_14"
2011,3,54.662050279862,21.9962043762207,68.848705792848,0,324.383605957031,686,"2011_banda_03"
2011,27,54.886293937444,35.1003742218018,47.6194441286387,6.55135011672974,262.268981933594,686,"2011_banda_27"
2018,1,54.8929074165077,45.4733390808105,43.9280856895037,0,208.72624206543,686,"2018_banda_01"
2021,1,54.9064108442635,43.8490543365479,41.7271595629255,0,234.78498840332,686,"2021_banda_01"
2015,16,54.9190786378377,55.4914493560791,19.5740215003072,17.656530380249,122.529876708984,686,"2015_banda_16"
2015,48,55.0411617769792,43.9667339324951,47.3341536594278,0,175.349136352539,686,"2015_banda_48"
2016,39,55.0633286971045,34.3127574920654,41.7505642541441,10.605339050293,152.270812988281,686,"2016_banda_39"
2022,21,55.1007845853578,51.8512592315674,29.2919497308857,0,143.368011474609,686,"2022_banda_21"
2011,13,55.1520099584285,45.5163078308105,30.8658784684629,17.9241180419922,197.644683837891,686,"2011_banda_13"
2017,37,55.3152316273475,34.3850040435791,48.0552328851939,0,212.825103759766,686,"2017_banda_37"
2025,15,55.599652515556,53.3812026977539,13.724876116832,14.6211795806885,102.239524841309,686,"2025_banda_15"
2022,9,55.6509742681209,40.541109085083,49.5978380880337,0,259.583068847656,686,"2022_banda_09"
2022,45,55.748898835641,46.9896488189697,34.4843566614867,0,219.593643188477,686,"2022_banda_45"
2014,11,55.7900203170999,52.1517448425293,22.2180428020783,18.2644691467285,124.80192565918,686,"2014_banda_11"
2012,29,55.9196234778135,25.7080631256104,66.8034316537193,0,294.686126708984,686,"2012_banda_29"
2024,27,55.9652377426103,44.7152252197266,34.8712308498243,0,228.315994262695,686,"2024_banda_27"
2014,4,55.9845335824149,28.9894304275513,47.238281256552,10.0179977416992,187.395202636719,686,"2014_banda_04"
2011,21,55.9915277603416,38.6357803344727,56.2427288609678,0,285.273864746094,686,"2011_banda_21"
2013,19,56.0495464961661,35.212474822998,48.8054706665325,13.6905164718628,249.321578979492,686,"2013_banda_19"
2014,8,56.0935016606361,45.458927154541,38.1504570623469,0,197.886505126953,686,"2014_banda_08"
2015,22,56.1210589624355,27.7523632049561,54.884616469774,0,188.190856933594,686,"2015_banda_22"
2018,41,56.2086639793552,51.4259166717529,23.2993737684449,16.5265998840332,157.508987426758,686,"2018_banda_41"
2018,37,56.2328996713933,57.8798351287842,31.083786106281,0,185.428680419922,686,"2018_banda_37"
2025,9,56.2377466408226,48.3761501312256,32.8075193738944,3.60138440132141,142.1748046875,686,"2025_banda_09"
2022,17,56.4750496653009,53.540340423584,24.441708313421,10.084171295166,130.741516113281,686,"2022_banda_17"
2019,12,56.5394860043818,56.5467796325684,21.3417748976574,0,119.455627441406,686,"2019_banda_12"
2023,16,56.5420371019458,55.7300262451172,19.4368065141827,19.2421016693115,110.288223266602,686,"2023_banda_16"
2013,44,56.5755365318877,46.9847660064697,33.2275718540766,10.4046621322632,178.855651855469,686,"2013_banda_44"
2018,12,56.7970544520342,53.9777278900146,16.6990883743721,22.6713123321533,106.121032714844,686,"2018_banda_12"
2022,10,56.8744413192349,56.8590469360352,21.0789024058933,0,148.064529418945,686,"2022_banda_10"
2021,46,56.9532290700573,50.7190475463867,39.4155864513601,0,247.734329223633,686,"2021_banda_46"
2025,38,57.0304033651991,49.5299205780029,31.6389938975754,18.1322441101074,209.760772705078,686,"2025_banda_38"
2015,49,57.0829421799663,55.7523193359375,30.2566701197818,12.9697246551514,126.99195098877,686,"2015_banda_49"
2022,40,57.1105097542699,39.3544006347656,47.1003645560121,5.92489051818848,219.774169921875,686,"2022_banda_40"
2016,18,57.139977020703,56.769079208374,20.2730852267489,5.15548372268677,125.005920410156,686,"2016_banda_18"
2023,42,57.1798254491289,50.9462985992432,26.3845090012376,12.0167016983032,146.484878540039,686,"2023_banda_42"
2020,27,57.3753951075473,57.5315284729004,20.284864101011,4.51873588562012,142.064727783203,686,"2020_banda_27"
2015,43,57.4286723873706,48.9953708648682,34.6605834086682,0,165.087432861328,686,"2015_banda_43"
2018,31,57.6647707296877,57.1833000183105,21.7832438873722,0,123.228866577148,686,"2018_banda_31"
2020,48,57.6864573072762,45.6886768341064,45.8826847518796,0,221.439422607422,686,"2020_banda_48"
2021,31,57.6983437941304,44.497241973877,34.6016595835475,18.5034122467041,160.426971435547,686,"2021_banda_31"
2011,11,57.7997532335732,45.05592918396,39.3811407147743,15.6253356933594,205.334701538086,686,"2011_banda_11"
2019,38,57.8103101024127,57.4740543365479,17.9813940243316,22.1723976135254,112.970550537109,686,"2019_banda_38"
2010,37,57.8377819478338,27.7703266143799,66.4354593851846,0,283.961029052734,686,"2010_banda_37"
2010,19,57.9063284094758,51.0009956359863,37.7945328511565,3.38242697715759,220.506713867188,686,"2010_banda_19"
2018,30,58.0147053178823,24.9456062316895,75.0537734533263,0,391.942932128906,686,"2018_banda_30"
2010,17,58.0558652391239,39.9528732299805,51.3745758121744,0,237.67301940918,686,"2010_banda_17"
2017,34,58.093013673065,47.6765823364258,40.2292753512755,10.9511489868164,181.007263183594,686,"2017_banda_34"
2019,22,58.1239340451299,53.226095199585,22.0522580430381,20.2530498504639,121.098846435547,686,"2019_banda_22"
2017,17,58.1466657468946,47.7810230255127,31.9059201849837,13.0265779495239,159.487426757812,686,"2017_banda_17"
2024,5,58.175037119896,40.5755996704102,42.5926350341085,7.04659748077393,205.973846435547,686,"2024_banda_05"
2022,7,58.1812663439759,56.1920986175537,24.7061173420803,0,159.020370483398,686,"2022_banda_07"
2015,44,58.2773031062357,37.7107124328613,48.6086382027996,0,215.592437744141,686,"2015_banda_44"
2010,9,58.3296590727203,38.924488067627,45.7642837998141,11.4892024993896,235.541946411133,686,"2010_banda_09"
2017,43,58.4770444572493,39.259334564209,43.6346368212369,11.4754447937012,230.039596557617,686,"2017_banda_43"
2013,36,58.5800633771079,37.2430381774902,57.4243856180936,4.04453134536743,251.743774414062,686,"2013_banda_36"
2015,51,58.6502854441762,47.701997756958,37.7051153708938,11.0765371322632,166.244781494141,686,"2015_banda_51"
2022,18,58.6715597550306,57.1010475158691,24.106516216188,0,139.102920532227,686,"2022_banda_18"
2024,41,58.8772532606264,48.2154579162598,34.4566268068223,4.72297668457031,224.463104248047,686,"2024_banda_41"
2018,42,58.9568241914577,43.0165596008301,39.6824767019708,16.8986759185791,229.146011352539,686,"2018_banda_42"
2024,26,59.1133810660582,41.5043621063232,44.1219714414072,0,264.166442871094,686,"2024_banda_26"
2018,17,59.1391227182772,50.9964656829834,25.655905920331,17.5510635375977,140.797454833984,686,"2018_banda_17"
2025,11,59.2578700902511,57.1863803863525,20.6114965339357,16.662670135498,131.755767822266,686,"2025_banda_11"
2025,40,59.3102385559861,47.5601577758789,37.8024415842657,0,223.908676147461,686,"2025_banda_40"
2016,1,59.3661525617883,52.5208339691162,28.2814821657834,0,134.745315551758,686,"2016_banda_01"
2019,43,59.403034096209,46.9036979675293,35.3162753402809,16.1056613922119,242.338333129883,686,"2019_banda_43"
2021,41,59.4747108287088,52.3205509185791,29.3047188005416,15.678394317627,169.555114746094,686,"2021_banda_41"
2024,6,59.7427722719598,44.1414203643799,37.2211378981269,15.1778621673584,192.423095703125,686,"2024_banda_06"
2012,24,59.8838711445255,18.3142881393433,78.254755021182,4.10274362564087,304.206085205078,686,"2012_banda_24"
2018,15,60.2199257469733,59.8038711547852,13.5168059022205,7.90384674072266,109.036346435547,686,"2018_banda_15"
2011,38,60.2277682404476,22.6962060928345,74.6715188732516,0,312.571838378906,686,"2011_banda_38"
2024,31,60.2542303473887,39.3762760162354,63.7515379215422,0,257.484130859375,686,"2024_banda_31"
2016,40,60.2990744551834,39.3593292236328,49.0846658062682,10.0561304092407,224.825225830078,686,"2016_banda_40"
2013,37,60.550082419426,32.2994651794434,55.7598975569504,13.1374835968018,269.841369628906,686,"2013_banda_37"
2018,40,60.6369077582401,51.9292659759521,28.347346433066,14.4769306182861,154.727203369141,686,"2018_banda_40"
2021,18,60.6489577057063,57.3519592285156,15.1498092435078,32.5178909301758,117.90340423584,686,"2021_banda_18"
2017,21,60.6665173126032,41.2550945281982,46.9184494746369,7.75805616378784,186.233276367188,686,"2017_banda_21"
2023,46,60.6803908024863,32.2853145599365,64.7711562561875,0,230.641677856445,686,"2023_banda_46"
2010,31,60.7794296644172,49.5404739379883,44.6295285256511,0,253.882263183594,686,"2010_banda_31"
2020,20,60.9080060577949,28.7451219558716,58.9818372489765,5.57258176803589,228.410552978516,686,"2020_banda_20"
2010,25,60.9529640653738,53.5135822296143,31.1823472275527,0,228.0166015625,686,"2010_banda_25"
2022,24,61.0815433913695,57.6224784851074,25.8744968465466,17.5364837646484,160.258285522461,686,"2022_banda_24"
2017,39,61.1420268053216,51.4451446533203,28.7484887050314,10.4841318130493,173.143142700195,686,"2017_banda_39"
2012,44,61.2061619536175,50.7281551361084,38.6119822957496,0,189.661346435547,686,"2012_banda_44"
2010,11,61.2975086762676,40.8406829833984,57.0255947070654,7.03518152236938,306.021148681641,686,"2010_banda_11"
2024,22,61.3237768898205,33.2598342895508,55.4644179514365,0,223.590179443359,686,"2024_banda_22"
2012,50,61.5367842151542,40.5225086212158,61.5204800529118,0,308.040161132812,686,"2012_banda_50"
2010,29,61.7650430167729,49.4787464141846,39.605702947075,5.64366817474365,207.187377929688,686,"2010_banda_29"
2016,52,61.8730284493449,57.5061054229736,22.8482846763408,0,150.938903808594,686,"2016_banda_52"
2021,35,62.0240909837773,57.4280414581299,24.3008244461821,23.8425235748291,155.951034545898,686,"2021_banda_35"
2010,16,62.1248477207328,44.5558013916016,47.7141456655585,12.2620048522949,250.621673583984,686,"2010_banda_16"
2011,35,62.2271409622087,29.3420753479004,69.2753601213384,0,321.126892089844,686,"2011_banda_35"
2020,46,62.5151913562252,57.4222869873047,38.1211877396352,0,158.850463867188,686,"2020_banda_46"
2020,43,62.5628381317628,48.9240016937256,36.1003796033474,13.1680183410645,202.65803527832,686,"2020_banda_43"
2010,39,62.8201094104667,53.2175827026367,34.9973497969084,0,259.239196777344,686,"2010_banda_39"
2018,45,62.8545099333493,56.6331920623779,32.0419718522658,8.72770309448242,159.323471069336,686,"2018_banda_45"
2024,14,62.9784533636911,58.7434368133545,22.7458815340242,24.1561832427979,183.396377563477,686,"2024_banda_14"
2019,23,63.1179626405065,50.7570762634277,40.3308172898773,3.42153191566467,205.864669799805,686,"2019_banda_23"
2018,22,63.2309251686574,63.8773250579834,24.6075748049758,7.68723726272583,153.721618652344,686,"2018_banda_22"
2016,16,63.3990722383772,60.0550880432129,21.5489933618799,24.702018737793,115.632041931152,686,"2016_banda_16"
2025,10,63.5140962169747,64.0595016479492,24.3873088529419,8.16154003143311,144.409439086914,686,"2025_banda_10"
2025,46,63.6183788977976,45.8026485443115,46.2061055726879,0,244.553695678711,686,"2025_banda_46"
2021,19,63.641074386352,46.3944931030273,40.367133592165,9.20932865142822,190.447174072266,686,"2021_banda_19"
2013,26,63.8195436139844,27.7780046463013,82.0332530753674,4.85514163970947,351.605560302734,686,"2013_banda_26"
2012,39,63.8568558553913,25.5629940032959,77.0035519795517,4.7438817024231,345.219024658203,686,"2012_banda_39"
2011,25,63.8716277881544,27.7630653381348,72.209484882474,5.87786960601807,342.447875976562,686,"2011_banda_25"
2015,13,63.9714427842343,55.3410472869873,36.4291761486512,6.98075199127197,192.167938232422,686,"2015_banda_13"
2018,2,64.0797170709938,60.5272159576416,27.8196363239087,0,179.562652587891,686,"2018_banda_02"
2023,14,64.3714632390192,62.5734748840332,19.9523145258896,23.1690502166748,126.220413208008,686,"2023_banda_14"
2012,33,64.6261310341059,15.7666888237,94.9618354865176,0,370.614044189453,686,"2012_banda_33"
2021,43,64.6386453889897,48.3996887207031,47.5160754037342,0,296.39111328125,686,"2021_banda_43"
2014,49,64.8597033809295,47.6652145385742,46.5982801326031,0,225.527740478516,686,"2014_banda_49"
2010,34,64.8851567009795,21.7074909210205,81.3949079441895,0,315.67919921875,686,"2010_banda_34"
2024,19,64.9773390161053,62.5381660461426,21.5621914618996,17.5572319030762,125.921928405762,686,"2024_banda_19"
2014,16,65.1003795337399,48.5190773010254,46.1839351770143,10.5275964736938,193.628967285156,686,"2014_banda_16"
2020,49,65.2432160975287,43.2960205078125,61.8620295656499,0,245.487609863281,686,"2020_banda_49"
2021,8,65.3427386402041,54.1113147735596,42.9185831043358,7.28988885879517,210.528945922852,686,"2021_banda_08"
2015,42,65.3584077017648,55.1606464385986,44.4516257405238,7.61485290527344,191.715637207031,686,"2015_banda_42"
2019,20,65.3906011511911,62.6835136413574,29.6446905847746,11.928258895874,143.576614379883,686,"2019_banda_20"
2014,18,65.5888864987098,42.2523002624512,50.1820265766045,10.6789960861206,224.263153076172,686,"2014_banda_18"
2021,21,65.6466456571751,54.6992015838623,34.8940197128335,19.0480823516846,184.41862487793,686,"2021_banda_21"
2016,20,65.6494451528388,56.8079395294189,27.9100372481826,17.8809700012207,147.702270507812,686,"2016_banda_20"
2020,44,65.7498114727676,44.2624778747559,49.0447353021657,11.6012268066406,224.498809814453,686,"2020_banda_44"
2025,44,65.9674771322106,53.7796955108643,44.543475343706,3.22651743888855,324.876892089844,686,"2025_banda_44"
2022,20,65.9731679511835,46.2341175079346,44.223515344681,6.44433116912842,213.351837158203,686,"2022_banda_20"
2022,16,66.1627768886333,64.7052726745605,31.0352245100321,9.34587097167969,174.165084838867,686,"2022_banda_16"
2024,18,66.1800258291706,54.9575614929199,31.2815085459136,24.4584846496582,164.813430786133,686,"2024_banda_18"
2011,7,66.2595307326525,57.2332210540771,43.7057400625208,0,209.50178527832,686,"2011_banda_07"
2012,36,66.511124086102,16.3030652999878,89.117527263773,0,312.675659179688,686,"2012_banda_36"
2018,19,66.7948360735056,60.7625045776367,33.1437191689342,4.2578821182251,172.301345825195,686,"2018_banda_19"
2012,12,67.0508776239334,46.4535007476807,47.9119061304725,10.0609445571899,212.285339355469,686,"2012_banda_12"
2021,33,67.1673062521932,64.4894752502441,25.5844672160409,24.7319526672363,159.696426391602,686,"2021_banda_33"
2016,49,67.1737663280165,59.3252696990967,30.1942961424799,18.1355209350586,172.307815551758,686,"2016_banda_49"
2019,44,67.2650231717279,45.6025142669678,51.7066103940889,11.7871780395508,238.542709350586,686,"2019_banda_44"
2010,40,67.7435261035452,45.6095695495605,63.809608319677,0,279.774475097656,686,"2010_banda_40"
2016,15,67.8247418195096,67.118236541748,21.1950539052198,24.19167137146,129.236907958984,686,"2016_banda_15"
2011,5,67.8401295749509,39.4823150634766,73.120261309632,0,380.308349609375,686,"2011_banda_05"
2019,42,67.8444662066312,55.3924751281738,45.6446602872094,0,230.399795532227,686,"2019_banda_42"
2014,9,68.0603900803769,57.6158885955811,34.5353475108793,16.1175746917725,189.714233398438,686,"2014_banda_09"
2021,49,68.1579051483477,63.7041301727295,43.0374957494809,0,209.240631103516,686,"2021_banda_49"
2014,22,68.2249781425076,47.0259895324707,54.037189648595,10.9754867553711,254.836730957031,686,"2014_banda_22"
2013,29,68.2904174171453,20.702094078064,93.4007351029122,0,380.905395507812,686,"2013_banda_29"
2011,9,68.446101858734,65.7034492492676,27.8261446351857,0,203.040832519531,686,"2011_banda_09"
2011,8,68.7631201424335,62.6520862579346,28.1829508097779,18.9905910491943,160.160598754883,686,"2011_banda_08"
2024,51,69.1366531800251,50.6817569732666,52.6910860728477,10.0011615753174,302.790344238281,686,"2024_banda_51"
2010,50,69.2055393822339,22.9594554901123,106.128196087575,0,518.49755859375,686,"2010_banda_50"
2019,39,69.4114301211632,72.1565780639648,41.1352268273215,0,218.906387329102,686,"2019_banda_39"
2014,47,69.5717876263332,54.3776683807373,49.5976107453253,0,255.602767944336,686,"2014_banda_47"
2023,44,69.9789110078061,56.0643520355225,37.5822395088463,24.1960563659668,191.645874023438,686,"2023_banda_44"
2014,13,70.190575135345,41.8223476409912,54.2272271981114,10.5055160522461,204.673538208008,686,"2014_banda_13"
2023,51,70.3546854191549,57.0039196014404,47.3239962475506,19.9392509460449,259.060638427734,686,"2023_banda_51"
2024,16,70.3817639392597,74.1259651184082,19.8477242065734,23.2177810668945,131.108093261719,686,"2024_banda_16"
2021,30,70.7576365554298,45.4269161224365,57.6156772319318,0,272.141662597656,686,"2021_banda_30"
2013,2,70.7712202517006,33.2959213256836,75.534902506806,9.81573295593262,351.798675537109,686,"2013_banda_02"
2011,19,70.7869508217792,38.7272281646729,60.900155217018,12.2827033996582,258.7470703125,686,"2011_banda_19"
2024,40,70.8257420014362,65.8101348876953,22.4204689423514,31.8840713500977,152.544494628906,686,"2024_banda_40"
2025,42,70.8870650505533,60.4303283691406,33.3849119148425,27.4370861053467,250.517211914062,686,"2025_banda_42"
2017,40,71.142382393773,47.2693328857422,57.1936334046397,0,268.089752197266,686,"2017_banda_40"
2017,1,71.4119978562736,64.9015655517578,36.9657788003166,0,226.142608642578,686,"2017_banda_01"
2022,25,71.4517342578565,49.3930187225342,49.9096257873151,13.2000341415405,266.992309570312,686,"2022_banda_25"
2019,1,71.5775989860557,61.0778675079346,35.2968066553076,18.9890174865723,170.177886962891,686,"2019_banda_01"
2011,37,71.7271696047602,45.7693881988525,60.7652089092436,6.32012796401978,310.904724121094,686,"2011_banda_37"
2024,21,71.8712311694643,36.8946838378906,66.0128534866126,10.7640905380249,265.806640625,686,"2024_banda_21"
2012,20,72.324363232354,48.5725975036621,59.4199708514801,0,239.952484130859,686,"2012_banda_20"
2011,17,72.3642373592443,63.2872276306152,35.171865353719,0,176.291778564453,686,"2011_banda_17"
2019,8,72.4620296246109,62.7063522338867,46.8071447403026,6.12585592269897,260.185424804688,686,"2019_banda_08"
2021,11,72.5024959936782,63.6446743011475,29.3626330469481,22.1613521575928,162.262176513672,686,"2021_banda_11"
2017,41,72.5195568421144,60.2275104522705,43.2628446062654,6.75619745254517,227.295501708984,686,"2017_banda_41"
2020,47,72.6847604050928,71.1259765625,26.9049905357534,17.0621318817139,195.08837890625,686,"2020_banda_47"
2025,24,72.9946958942246,58.4043197631836,41.1292621445493,15.9428157806396,235.470733642578,686,"2025_banda_24"
2021,50,73.1498357589321,66.0007972717285,27.7226584283739,29.7533092498779,156.682632446289,686,"2021_banda_50"
2022,47,73.1562580923297,63.5219078063965,39.7118044880238,0,212.860046386719,686,"2022_banda_47"
2019,45,73.2076784389707,65.0707702636719,41.1235572845198,19.6577796936035,246.318603515625,686,"2019_banda_45"
2017,18,73.2138987004583,60.0389747619629,36.3799017212792,27.5392532348633,185.651428222656,686,"2017_banda_18"
2022,31,73.5778165989645,70.1291313171387,28.9030937105991,0,187.663635253906,686,"2022_banda_31"
2021,42,73.7663511896272,65.152587890625,35.6220482597936,15.2084646224976,228.969543457031,686,"2021_banda_42"
2013,11,73.8921357980623,63.9544811248779,32.6652453897222,0,197.123519897461,686,"2013_banda_11"
2025,47,74.0916848669247,56.3463516235352,43.0501232471693,23.3334064483643,242.528686523438,686,"2025_banda_47"
2021,44,74.1242245209808,54.9075317382812,47.8223785707548,24.2958316802979,288.715087890625,686,"2021_banda_44"
2012,48,74.1431601707859,26.7428598403931,95.5310969871688,0,353.486968994141,686,"2012_banda_48"
2013,17,74.2362649892579,60.3734683990479,48.074436776414,13.7444019317627,263.041442871094,686,"2013_banda_17"
2022,42,74.2650580322777,46.5033054351807,73.4651575592289,0,304.465698242188,686,"2022_banda_42"
2010,20,74.5985591098797,34.8262157440186,74.708799144544,7.51185417175293,282.715728759766,686,"2010_banda_20"
2021,24,74.7148813297728,58.729305267334,37.996507204085,21.4564762115479,204.280181884766,686,"2021_banda_24"
2023,3,75.0031518213255,71.6881942749023,32.5539877340948,0,167.531799316406,686,"2023_banda_03"
2017,13,75.2501503448097,69.6242828369141,28.9212798918879,5.37845468521118,158.070648193359,686,"2017_banda_13"
2024,42,75.2721195749222,53.0925750732422,49.0302863003539,0,209.486267089844,686,"2024_banda_42"
2016,14,75.5580690567417,72.0515174865723,20.7378571765814,32.3339691162109,158.995590209961,686,"2016_banda_14"
2014,19,75.7104583022893,63.9677066802979,36.9121085580609,19.6801834106445,196.395767211914,686,"2014_banda_19"
2018,48,75.7335043009099,70.6399917602539,33.0434012992467,0,195.177307128906,686,"2018_banda_48"
2017,33,76.3902639202752,32.3553409576416,89.2670992455841,0,335.989471435547,686,"2017_banda_33"
2011,45,76.8299546422486,51.7881622314453,66.8485749816348,0,312.174072265625,686,"2011_banda_45"
2013,22,76.9841306202613,53.9761753082275,54.792608082118,6.0700216293335,248.804000854492,686,"2013_banda_22"
2014,21,77.058574011305,39.5876846313477,71.8702750026204,6.96070623397827,271.447082519531,686,"2014_banda_21"
2022,8,77.0769090735878,72.8600387573242,32.2547869677679,17.509105682373,264.715942382812,686,"2022_banda_08"
2015,3,77.0774758466826,70.339282989502,38.4537406840355,10.4645519256592,173.267547607422,686,"2015_banda_03"
2025,13,77.2967552930204,77.7482643127441,27.8443590097304,16.8420009613037,152.042694091797,686,"2025_banda_13"
2018,20,77.5422593226586,44.4247970581055,65.5012752462599,7.14706182479858,260.896331787109,686,"2018_banda_20"
2013,12,77.8715532180519,67.727897644043,39.4058513866421,29.2175178527832,260.138763427734,686,"2013_banda_12"
2013,16,77.9105228390708,64.059850692749,47.1485510575341,25.087553024292,271.029083251953,686,"2013_banda_16"
2013,39,77.9132198216964,51.6094436645508,60.9750141085991,17.4888763427734,292.335479736328,686,"2013_banda_39"
2024,17,77.918087550572,71.4856796264648,32.2998657820605,20.6160659790039,171.784530639648,686,"2024_banda_17"
2013,46,77.9224871171112,33.8795738220215,90.3151588366702,0,381.100372314453,686,"2013_banda_46"
2010,27,77.9797512324141,56.5054874420166,55.182521232516,8.88093852996826,307.376403808594,686,"2010_banda_27"
2010,14,78.0339037113913,58.1456527709961,43.7942507975337,29.0650672912598,228.233428955078,686,"2010_banda_14"
2014,46,78.2781432926134,52.6879978179932,71.4780898847121,0,301.253234863281,686,"2014_banda_46"
2017,47,78.2781895896089,75.4504661560059,41.6091588002313,0,218.228576660156,686,"2017_banda_47"
2014,50,78.3059484492933,72.1697120666504,30.3504677396127,28.1288948059082,198.402557373047,686,"2014_banda_50"
2016,36,78.4461206291577,50.0854034423828,56.5217648086143,22.254322052002,232.930480957031,686,"2016_banda_36"
2012,19,78.8347321710503,56.7306861877441,51.3265575952927,0,213.578430175781,686,"2012_banda_19"
2012,7,78.8872753482518,56.7279300689697,58.928215701975,0,285.559814453125,686,"2012_banda_07"
2024,24,78.9411354732235,66.6922836303711,40.6032471895183,32.4151840209961,265.557434082031,686,"2024_banda_24"
2010,48,79.0906866604663,67.5837669372559,68.099860412483,0,323.015045166016,686,"2010_banda_48"
2021,13,79.3978016821358,59.6132583618164,48.7506534220093,0,207.943832397461,686,"2021_banda_13"
2013,45,79.4152592764652,59.8820858001709,59.1215878479623,0,377.309539794922,686,"2013_banda_45"
2011,14,79.473718618165,56.117883682251,61.2212912659428,8.17269420623779,297.309875488281,686,"2011_banda_14"
2016,47,79.5707613330541,58.1597785949707,57.2918773989,6.69741868972778,251.735748291016,686,"2016_banda_47"
2016,19,79.7027774037842,64.7747650146484,43.1206269917838,16.8524761199951,217.448440551758,686,"2016_banda_19"
2018,44,80.1190020725261,75.1566543579102,47.447299740063,0,224.559631347656,686,"2018_banda_44"
2011,39,80.2496071292777,47.6442565917969,80.0221308903766,9.42047882080078,352.783264160156,686,"2011_banda_39"
2017,16,80.2714350341708,76.2211227416992,20.617405948966,36.97021484375,146.989410400391,686,"2017_banda_16"
2012,13,80.3123044272553,79.5347633361816,22.4758815743669,36.1761703491211,160.874206542969,686,"2012_banda_13"
2016,42,80.3157478838551,61.4873237609863,52.3555786107628,29.1943969726562,307.755645751953,686,"2016_banda_42"
2013,42,80.3666689903326,56.8225383758545,70.2886427283611,0,359.317047119141,686,"2013_banda_42"
2012,25,80.386960363249,32.6445426940918,98.0582628452579,0,465.298492431641,686,"2012_banda_25"
2012,2,80.4589492947993,52.9808692932129,62.0543023427008,14.3840656280518,443.232177734375,686,"2012_banda_02"
2012,1,80.5426545219588,37.6251411437988,98.2720349749495,7.46851682662964,507.060211181641,686,"2012_banda_01"
2022,41,81.4383196316377,74.701961517334,42.8077719501648,16.4851112365723,267.112548828125,686,"2022_banda_41"
2023,47,81.5713864123508,67.8003540039062,49.9101017573769,0,237.410781860352,686,"2023_banda_47"
2025,48,81.6725178571206,77.0578536987305,38.7821932046588,24.1136226654053,214.310607910156,686,"2025_banda_48"
2016,22,81.7389052143597,63.534122467041,50.813877529007,16.6844997406006,264.433319091797,686,"2016_banda_22"
2025,7,81.7803816781447,78.3565063476562,29.4556168408346,18.4917030334473,172.235214233398,686,"2025_banda_07"
2014,2,81.8305378710911,72.6424369812012,32.1008785985083,28.1453704833984,169.761428833008,686,"2014_banda_02"
2023,21,82.9869044056439,71.7275161743164,44.3712100943347,15.8142929077148,194.38493347168,686,"2023_banda_21"
2012,17,83.0013021769398,73.564022064209,32.850968955079,26.8770618438721,181.585662841797,686,"2012_banda_17"
2012,43,83.0862543478652,65.7037467956543,48.7975642040115,24.1620388031006,241.260757446289,686,"2012_banda_43"
2012,18,83.1763144220625,62.7478427886963,50.1381612425594,8.38492584228516,196.111251831055,686,"2012_banda_18"
2025,6,83.2178032266155,73.0353202819824,38.4575214689626,21.508264541626,217.243637084961,686,"2025_banda_06"
2014,42,83.3695887657366,61.4132919311523,56.880730254632,0,269.486663818359,686,"2014_banda_42"
2022,14,83.6561291947657,77.4973030090332,33.3594060655326,20.3312740325928,176.120895385742,686,"2022_banda_14"
2011,48,83.8587918962751,56.0831203460693,75.2334361088816,0,373.708190917969,686,"2011_banda_48"
2012,15,83.9253545697159,66.0049629211426,46.4683064674815,9.0188102722168,220.353240966797,686,"2012_banda_15"
2017,20,84.8198960362649,82.9814147949219,21.6056535467155,26.2148323059082,158.243576049805,686,"2017_banda_20"
2015,6,84.9354060370442,76.6755905151367,34.1869065457839,29.8966751098633,179.856002807617,686,"2015_banda_06"
2019,21,85.015719269177,70.5784454345703,44.9202560531232,16.8724842071533,230.218307495117,686,"2019_banda_21"
2017,44,85.0354799404089,74.8261299133301,33.7839038057387,21.6056213378906,187.520416259766,686,"2017_banda_44"
2025,14,85.262687104784,79.3610954284668,31.8501267172762,25.1447525024414,171.484069824219,686,"2025_banda_14"
2012,51,85.5480089917475,58.5098876953125,82.6491124236272,0,507.507049560547,686,"2012_banda_51"
2010,42,85.5881005577721,31.8268375396729,103.263466459291,6.7680811882019,427.402282714844,686,"2010_banda_42"
2022,1,85.7344309456494,83.9203453063965,36.2698193425689,14.3006563186646,205.297561645508,686,"2022_banda_01"
2011,1,85.7404263707709,46.0598678588867,98.0071882506651,0,489.048675537109,686,"2011_banda_01"
2016,41,85.9459273224322,70.2834815979004,42.137604265854,19.7710552215576,196.101776123047,686,"2016_banda_41"
2019,41,86.1455200100779,73.5268630981445,47.610626124098,19.337043762207,218.783538818359,686,"2019_banda_41"
2023,22,86.259491578483,76.2627983093262,37.0251322141552,32.6161041259766,241.842254638672,686,"2023_banda_22"
2020,52,86.5508888789586,82.3930549621582,39.1664340251925,0,195.808319091797,686,"2020_banda_52"
2025,43,86.731470120544,71.4038772583008,50.8291025346836,0,258.351470947266,686,"2025_banda_43"
2011,47,86.9610809139886,54.6587200164795,94.2848638493791,0,498.93115234375,686,"2011_banda_47"
2016,46,87.2633632098273,79.5882797241211,37.6180507856744,20.5172080993652,228.046813964844,686,"2016_banda_46"
2018,46,87.2731432268293,64.6929359436035,62.2438272647219,5.84634494781494,317.689239501953,686,"2018_banda_46"
2020,22,87.3055775978822,64.7938575744629,59.9646729784096,19.2036590576172,302.137390136719,686,"2020_banda_22"
2018,47,87.3100113284831,64.2628555297852,58.9327862906111,9.50080013275146,278.358520507812,686,"2018_banda_47"
2019,46,87.4250497400934,79.7541618347168,32.9373252008741,25.0143089294434,217.016830444336,686,"2019_banda_46"
2012,40,87.5947535128357,42.5626544952393,75.9054046583669,17.6528167724609,298.519805908203,686,"2012_banda_40"
2022,23,87.7118552071708,68.1830596923828,56.2288035829615,24.4096164703369,291.273010253906,686,"2022_banda_23"
2023,45,87.936169613207,86.1730842590332,36.0830066466636,27.2729396820068,198.836578369141,686,"2023_banda_45"
2012,34,88.1075100933498,38.1826992034912,102.060761385203,0,392.530883789062,686,"2012_banda_34"
2016,43,88.1619065343117,57.914176940918,76.940122437777,11.290225982666,344.267059326172,686,"2016_banda_43"
2024,20,88.2224758665346,63.0192260742188,57.2873132504771,21.4028835296631,243.054489135742,686,"2024_banda_20"
2018,13,88.6985574727851,82.6471328735352,32.7708544450694,30.8014068603516,216.371139526367,686,"2018_banda_13"
2021,16,88.8087431793658,91.4442443847656,26.0278451641231,33.1886978149414,157.527938842773,686,"2021_banda_16"
2014,44,88.8690328375591,77.8162651062012,45.4569856659831,0,301.33935546875,686,"2014_banda_44"
2023,41,90.5981383963159,65.6618270874023,63.5558995569963,10.3111114501953,310.960266113281,686,"2023_banda_41"
2024,45,90.6017480716761,70.7703552246094,55.5948539392996,16.3315601348877,334.143371582031,686,"2024_banda_45"
2016,45,90.7236550472916,76.0914573669434,53.2480439599232,11.0322742462158,316.227325439453,686,"2016_banda_45"
2013,33,90.9447342244251,34.8172836303711,110.028969856921,0,430.057830810547,686,"2013_banda_33"
2010,43,91.0695398847841,83.7159042358398,44.5650157566935,20.4078922271729,289.970672607422,686,"2010_banda_43"
2020,15,91.4964768101106,88.373706817627,23.0103792461367,36.9282913208008,160.241653442383,686,"2020_banda_15"
2015,15,91.6151273639835,81.2780532836914,41.0904191705735,6.01477575302124,213.185089111328,686,"2015_banda_15"
2016,27,92.4609696858131,57.785717010498,72.5565142912189,0,363.091461181641,686,"2016_banda_27"
2021,48,92.494307720974,84.4915466308594,48.9399961369518,0,301.684143066406,686,"2021_banda_48"
2014,45,92.6786254585311,84.5803604125977,54.0325408856766,0,233.38671875,686,"2014_banda_45"
2010,18,92.74142152992,81.9182929992676,41.0663672415868,34.7548141479492,203.113708496094,686,"2010_banda_18"
2014,43,92.9971640728653,79.4104690551758,47.1943658605805,27.4118614196777,228.242141723633,686,"2014_banda_43"
2013,32,93.0356935134087,54.1828861236572,82.1598401078683,21.0946273803711,412.164672851562,686,"2013_banda_32"
2011,40,93.0632927320441,53.1746940612793,88.2750351235063,0,372.355438232422,686,"2011_banda_40"
2011,23,93.838780061149,48.6797885894775,92.836050051393,0,357.452453613281,686,"2011_banda_23"
2013,18,94.3594823731625,75.4801788330078,50.6291776549834,33.4214897155762,286.207183837891,686,"2013_banda_18"
2011,49,94.8229963939322,57.8047752380371,101.322834111512,0,511.576110839844,686,"2011_banda_49"
2025,41,95.7582476980137,84.1176986694336,39.0869582687211,36.3358917236328,226.798858642578,686,"2025_banda_41"
2019,16,96.2096187380243,89.1116790771484,40.7342877883457,25.9377708435059,188.011337280273,686,"2019_banda_16"
2021,20,96.2643541191479,73.1575202941895,60.0743900656964,9.40294361114502,273.223724365234,686,"2021_banda_20"
2017,45,96.3380932015511,84.2114105224609,49.776494580264,26.1961364746094,339.294006347656,686,"2017_banda_45"
2010,21,96.9935858729282,63.8283596038818,86.3233326063314,24.8484497070312,494.427917480469,686,"2010_banda_21"
2011,31,97.2999968014375,55.8868083953857,81.6967819080301,20.993143081665,405.032623291016,686,"2011_banda_31"
2010,5,97.5613004417531,37.7759895324707,114.772389646971,14.2114067077637,487.698303222656,686,"2010_banda_05"
2017,19,97.7284278369158,93.5769729614258,50.7402551593246,9.51476097106934,244.041793823242,686,"2017_banda_19"
2024,44,97.8700912700798,64.4995880126953,72.6341673004588,13.41881275177,337.237640380859,686,"2024_banda_44"
2013,41,98.1367252366536,50.022029876709,106.924587481602,0,422.119018554688,686,"2013_banda_41"
2013,21,98.4327225156845,62.7436237335205,83.0467519228224,11.3716812133789,376.222869873047,686,"2013_banda_21"
2013,20,98.741927469437,66.0326805114746,77.1520699751335,0,384.238494873047,686,"2013_banda_20"
2021,14,99.0619389308785,87.2498435974121,39.4774643600246,24.4326934814453,212.473739624023,686,"2021_banda_14"
2010,49,99.1335895026738,81.0178527832031,49.5676505237331,34.2479858398438,322.512573242188,686,"2010_banda_49"
2018,18,99.4360780437903,84.3662033081055,57.2659654074467,18.4277896881104,240.793045043945,686,"2018_banda_18"
2014,41,99.4631115152954,76.7318153381348,59.4457009737975,6.96353101730347,315.988464355469,686,"2014_banda_41"
2010,41,99.9574404527425,66.1094703674316,82.2866649996782,9.13854503631592,376.962982177734,686,"2010_banda_41"
2010,28,99.9897618168645,69.9178657531738,74.0373431483298,18.7165374755859,414.978637695312,686,"2010_banda_28"
2016,44,101.265655161688,80.8949699401855,59.5988667135245,10.460844039917,279.131622314453,686,"2016_banda_44"
2014,17,101.330910963498,76.9526786804199,55.9192308839206,35.0732612609863,244.318145751953,686,"2014_banda_17"
2011,44,101.938977869885,65.8490104675293,85.2635953611135,0,443.616638183594,686,"2011_banda_44"
2013,43,103.998351124911,47.039098739624,107.85687088077,11.6081781387329,454.555938720703,686,"2013_banda_43"
2011,20,104.312447859316,83.4107894897461,55.8702878599983,30.4213733673096,306.906097412109,686,"2011_banda_20"
2011,15,104.333587835551,96.1474113464355,46.227383386059,32.1010856628418,261.305267333984,686,"2011_banda_15"
2011,18,104.404247962351,79.8912963867188,68.1372154773229,20.920108795166,312.230529785156,686,"2011_banda_18"
2025,18,105.028033645786,100.254871368408,26.9971593232154,29.6121273040771,192.63899230957,686,"2025_banda_18"
2023,11,107.144486524621,109.762786865234,34.0667299836291,27.1154251098633,193.102478027344,686,"2023_banda_11"
2010,47,107.497534298688,90.3981552124023,54.0945102443453,32.5838584899902,313.152770996094,686,"2010_banda_47"
2011,16,108.682611287509,100.666976928711,38.5305926659332,24.9112567901611,237.297256469727,686,"2011_banda_16"
2010,36,109.450296054429,59.5907306671143,96.476163194458,20.9938583374023,337.854919433594,686,"2010_banda_36"
2011,50,109.972175469551,73.7712745666504,118.966952469255,0,660.308471679688,686,"2011_banda_50"
2012,4,110.453472846451,83.3815956115723,75.2981482525744,27.7223205566406,459.139129638672,686,"2012_banda_04"
2025,20,110.458931314007,92.3621597290039,58.9194276686909,33.0657348632812,259.553070068359,686,"2025_banda_20"
2016,2,110.751780273615,88.258846282959,63.4599809425084,27.779468536377,297.787780761719,686,"2016_banda_02"
2012,41,111.597082543999,57.0381946563721,110.853805357609,18.4857025146484,471.620300292969,686,"2012_banda_41"
2017,11,112.368723944394,110.04976272583,28.7191242875083,42.8905715942383,191.690200805664,686,"2017_banda_11"
2015,47,112.862477258065,95.4763107299805,67.5982071724886,20.7890663146973,285.644256591797,686,"2015_banda_47"
2010,15,113.872095380511,98.3658866882324,45.8550017805873,55.3975563049316,283.172943115234,686,"2010_banda_15"
2013,47,115.080676153867,95.7556304931641,71.8180589157806,0,417.940246582031,686,"2013_banda_47"
2012,42,116.263801191013,62.940954208374,105.809479107543,23.0352268218994,384.136474609375,686,"2012_banda_42"
2021,23,116.56481772331,79.7224807739258,81.8839196318604,22.8725032806396,308.619201660156,686,"2021_banda_23"
2015,46,116.677290794106,99.9271011352539,67.6220283512179,27.0455856323242,269.969451904297,686,"2015_banda_46"
2022,43,117.098672391374,105.503761291504,64.704408671586,0,327.859527587891,686,"2022_banda_43"
2012,45,117.963432886163,44.2765617370605,134.017681956454,7.37825441360474,523.527160644531,686,"2012_banda_45"
2011,41,118.163866501855,79.8376350402832,91.6629893024789,12.9706869125366,377.958404541016,686,"2011_banda_41"
2015,20,120.177323244056,95.3666229248047,67.7842488988886,29.4193019866943,271.404815673828,686,"2015_banda_20"
2010,44,121.814584921122,91.2470626831055,75.7540258944645,25.9789257049561,382.261657714844,686,"2010_banda_44"
2022,46,124.083927104494,110.341133117676,49.6907592676584,46.0655326843262,250.956695556641,686,"2022_banda_46"
2012,46,127.914365287425,81.2520408630371,98.0336970258106,25.0850009918213,465.397003173828,686,"2012_banda_46"
2013,49,130.041520252172,80.3578414916992,106.211402032989,18.2236976623535,438.487487792969,686,"2013_banda_49"
2011,46,137.273798061182,117.493618011475,76.1850770118356,0,461.466857910156,686,"2011_banda_46"
2013,6,137.341966676295,106.243000030518,80.1069156198565,29.5546245574951,451.124542236328,686,"2013_banda_06"
2011,42,141.989678652572,117.38720703125,67.4567517659002,55.8688659667969,401.908843994141,686,"2011_banda_42"
2010,51,143.810950081828,119.787174224854,72.9273932381081,25.7134628295898,424.278747558594,686,"2010_banda_51"
2010,46,148.262731996987,97.7128982543945,112.160694318729,36.453742980957,449.804962158203,686,"2010_banda_46"
2010,45,172.341469634031,148.112495422363,67.2796494457797,65.7026901245117,409.265167236328,686,"2010_banda_45"
2022,44,241.438566494266,227.302139282227,117.755246396112,21.1353015899658,478.634552001953,686,"2022_banda_44"
