"id_celda","x","y","precipitacion_mm","ajuste_ganador","residual_ganador"
1,-76.0749984513968,4.97499932907522,36.6411552429199,6.89015460870039,-0.836960803532744
2,-76.0749984513968,4.92499932833016,35.1811752319336,6.86978179882885,-0.93840967832135
3,-76.0249984506518,4.92499932833016,39.3821258544922,7.15102227814355,-0.875504303148005
4,-76.1249984521419,4.8749993275851,40.123348236084,6.66577988239482,-0.33148053392036
5,-76.0749984513968,4.8749993275851,37.5581474304199,6.84583437308518,-0.717364137339569
6,-76.0249984506518,4.8749993275851,35.3913536071777,7.09504119368472,-1.14597793908928
7,-76.224998453632,4.82499932684005,49.4644088745117,6.40264018581483,0.630453647947924
8,-76.1749984528869,4.82499932684005,38.4299125671387,6.57063897783117,-0.371452533858165
9,-76.1249984521419,4.82499932684005,38.515552520752,6.64943964886899,-0.443349694577965
10,-76.0749984513968,4.82499932684005,36.1139640808105,6.88067834907555,-0.871188846562837
11,-76.0249984506518,4.82499932684005,34.8911514282227,7.08547890040281,-1.17860566422932
12,-75.9749984499067,4.82499932684005,39.1186370849609,7.29776638017451,-1.0432770257219
13,-75.9249984491616,4.82499932684005,43.216625213623,7.43190359694931,-0.857968305693166
14,-76.224998453632,4.77499932609499,48.059196472168,6.45312707498496,0.47934697633092
15,-76.1749984528869,4.77499932609499,49.6201362609863,6.61756162987337,0.426594548192698
16,-76.1249984521419,4.77499932609499,34.6992492675781,6.68711410639307,-0.796507238881189
17,-76.0749984513968,4.77499932609499,35.4868011474609,6.86296121089822,-0.905881293064238
18,-76.0249984506518,4.77499932609499,39.7876129150391,7.08574604595889,-0.778003746606524
19,-75.9749984499067,4.77499932609499,38.9098358154297,7.26193632243284,-1.02416141342645
20,-76.2749984543771,4.72499932534993,51.0581893920898,6.25377450394713,0.891726835503438
21,-76.224998453632,4.72499932534993,51.1941947937012,6.52052499461093,0.63448687076715
22,-76.1749984528869,4.72499932534993,33.7123260498047,6.66446374949407,-0.858232092919839
23,-76.1249984521419,4.72499932534993,25.6690845489502,6.69237621260171,-1.62590953956909
24,-76.0749984513968,4.72499932534993,41.1002426147461,6.82853783044673,-0.417590738577534
25,-76.0249984506518,4.72499932534993,40.4412689208984,7.05683506342656,-0.69749005620306
26,-75.9749984499067,4.72499932534993,53.5390205383301,7.19578911973934,0.121247202319618
27,-75.9249984491616,4.72499932534993,47.6831245422363,7.26474629007037,-0.359449443284104
28,-75.8749984484166,4.72499932534993,53.646614074707,7.29307972749931,0.0313051664496018
29,-75.8249984476715,4.72499932534993,59.5572662353516,7.34086189573538,0.376473540498525
30,-76.2749984543771,4.67499932460487,38.2534103393555,6.28086237251405,-0.0959282306370732
31,-76.224998453632,4.67499932460487,32.6792984008789,6.54382015611438,-0.82723914987657
32,-76.1749984528869,4.67499932460487,33.6406478881836,6.66630808255124,-0.866252230390538
33,-76.1249984521419,4.67499932460487,30.5341510772705,6.63013405682211,-1.1043625199894
34,-76.0749984513968,4.67499932460487,31.6925830841064,6.84972650215952,-1.22010990028453
35,-76.0249984506518,4.67499932460487,39.6946487426758,7.04655409179892,-0.746185154770249
36,-75.9749984499067,4.67499932460487,61.1983070373535,7.12719541653753,0.695739265367563
37,-75.9249984491616,4.67499932460487,44.1488189697266,7.16596734970617,-0.521509586297134
38,-75.8749984484166,4.67499932460487,45.731876373291,7.16022186896909,-0.397687109480528
39,-75.8249984476715,4.67499932460487,53.245044708252,7.24217634337201,0.0547438773959222
40,-75.7749984469265,4.67499932460487,42.7127494812012,7.26074364320765,-0.725244467077246
41,-75.7249984461814,4.67499932460487,61.2600402832031,7.25770084267294,0.569178502455819
42,-76.2749984543771,4.62499932385981,42.9301147460938,6.38736579806227,0.164741858722206
43,-76.224998453632,4.62499932385981,42.0722503662109,6.58015817565054,-0.0938456356775426
44,-76.1749984528869,4.62499932385981,36.5986061096191,6.56657191166519,-0.516893729346802
45,-76.1249984521419,4.62499932385981,32.9421081542969,6.64394492455445,-0.904423328262925
46,-76.0749984513968,4.62499932385981,34.7756729125977,6.87705899316848,-0.979968785905438
47,-76.0249984506518,4.62499932385981,34.9085235595703,6.99461933402673,-1.08627577939399
48,-75.9749984499067,4.62499932385981,48.0012283325195,7.05062844976055,-0.122336572788315
49,-75.9249984491616,4.62499932385981,51.8606948852539,7.04043865165834,0.160998349750054
50,-75.8749984484166,4.62499932385981,52.6089172363281,7.0285633589959,0.224637123296599
51,-76.3249984551221,4.57499932311476,41.1486167907715,6.21889312160301,0.195825640024153
52,-76.2749984543771,4.57499932311476,36.5909118652344,6.44937171538114,-0.400329488281521
53,-76.224998453632,4.57499932311476,40.1131324768066,6.44026639491758,-0.106773482092416
54,-76.1749984528869,4.57499932311476,29.6827983856201,6.43565668391699,-0.987464471300024
55,-76.1249984521419,4.57499932311476,34.6451606750488,6.63568331198964,-0.749669323300114
56,-76.0749984513968,4.57499932311476,36.0216484069824,6.84486373790544,-0.843059975120255
57,-76.0249984506518,4.57499932311476,32.3201637268066,6.93132418371889,-1.24624162259398
58,-75.9749984499067,4.57499932311476,47.3914108276367,6.96611934812834,-0.0819773661790493
59,-75.9249984491616,4.57499932311476,60.5735702514648,6.92874700307355,0.854155427990641
60,-75.8749984484166,4.57499932311476,54.9611206054688,6.93822637890975,0.475350396538711
61,-76.3249984551221,4.5249993223697,47.8347244262695,6.31350244392457,0.602762763994331
62,-76.2749984543771,4.5249993223697,43.6841773986816,6.37304965473228,0.236351029042429
63,-76.224998453632,4.5249993223697,38.0939674377441,6.42097882935905,-0.248947766755413
64,-76.1749984528869,4.5249993223697,35.8625526428223,6.46328432196507,-0.474749222057725
65,-76.1249984521419,4.5249993223697,39.6851196289062,6.65498114226579,-0.355368485212487
66,-76.0749984513968,4.5249993223697,39.4853401184082,6.81689334272947,-0.533157183531808
67,-76.0249984506518,4.5249993223697,34.884651184082,6.86141748440847,-0.955094501021766
68,-75.9749984499067,4.5249993223697,49.8101501464844,6.88781705469957,0.169813577919598
69,-75.9249984491616,4.5249993223697,56.0639877319336,6.85434160743851,0.633247305685234
70,-75.8749984484166,4.5249993223697,49.8213081359863,6.88082752477296,0.177593554759371
71,-76.3749984558672,4.47499932162464,54.9071273803711,6.13328712525418,1.27664724560034
72,-76.3249984551221,4.47499932162464,55.367504119873,6.17958091542242,1.26135344256469
73,-76.2749984543771,4.47499932162464,46.4273910522461,6.22853593806034,0.585228884139354
74,-76.224998453632,4.47499932162464,48.8215408325195,6.36013723514633,0.627104053983419
75,-76.1749984528869,4.47499932162464,47.8320426940918,6.46553107193793,0.450540261853518
76,-76.1249984521419,4.47499932162464,47.3580093383789,6.66150297019888,0.220212610844769
77,-76.0749984513968,4.47499932162464,38.5742416381836,6.79229528128256,-0.581478777940704
78,-76.0249984506518,4.47499932162464,50.3164672851562,6.83092553332255,0.262484597577551
79,-75.9749984499067,4.47499932162464,59.8482627868652,6.85877806090785,0.877387836154156
80,-75.9249984491616,4.47499932162464,58.8312301635742,6.84949649169245,0.82065540794906
81,-75.8749984484166,4.47499932162464,60.4811134338379,6.89784070737991,0.879119716451361
82,-76.4249984566122,4.42499932087958,55.437183380127,6.02216421976308,1.42345082401449
83,-76.3749984558672,4.42499932087958,56.1239128112793,5.92899527366875,1.5625941979507
84,-76.3249984551221,4.42499932087958,60.386474609375,6.00295938591199,1.76791409197806
85,-76.2749984543771,4.42499932087958,47.5570068359375,6.06760491776537,0.828553928718487
86,-76.224998453632,4.42499932087958,43.0300064086914,6.21015395978675,0.349572132718285
87,-76.1749984528869,4.42499932087958,48.6592903137207,6.50076671159297,0.474854430192233
88,-76.1249984521419,4.42499932087958,44.4797134399414,6.70617496526244,-0.0368636484965653
89,-76.0749984513968,4.42499932087958,40.8434066772461,6.78364159471637,-0.392756939424416
90,-76.0249984506518,4.42499932087958,39.5651664733887,6.82940230519069,-0.539317530452864
91,-75.9749984499067,4.42499932087958,61.9356727600098,6.87469738359714,0.995224646512803
92,-75.9249984491616,4.42499932087958,64.6640319824219,6.90542333758609,1.13597156519177
93,-76.5249984581023,4.37499932013452,69.7870178222656,6.02272541637898,2.33113703294741
94,-76.4749984573573,4.37499932013452,58.1464080810547,5.88688300026426,1.73849620873608
95,-76.4249984566122,4.37499932013452,60.593994140625,5.8429596062203,1.94125481404236
96,-76.3749984558672,4.37499932013452,58.260612487793,5.86095050161436,1.77191347515039
97,-76.3249984551221,4.37499932013452,59.0272483825684,5.98639771617717,1.69652154557278
98,-76.2749984543771,4.37499932013452,40.6070213317871,6.0610870700669,0.311276803079948
99,-76.224998453632,4.37499932013452,39.1309852600098,6.25157955457314,0.00389686693224028
100,-76.1749984528869,4.37499932013452,46.025562286377,6.50086921076578,0.28334498738399
101,-76.1249984521419,4.37499932013452,40.4879035949707,6.68082974703467,-0.317819170666695
102,-76.0749984513968,4.37499932013452,39.1286849975586,6.77207607009495,-0.516783511184647
103,-76.0249984506518,4.37499932013452,37.1436424255371,6.8456995850079,-0.751141157563211
104,-75.9749984499067,4.37499932013452,50.2130584716797,6.91281705405359,0.173300251754977
105,-75.9249984491616,4.37499932013452,49.4452209472656,6.94144076156242,0.0902888227763859
106,-75.8749984484166,4.37499932013452,44.6594924926758,7.06248017822774,-0.379704370774987
107,-75.8249984476715,4.37499932013452,44.2312126159668,7.16058703673145,-0.509931985086778
108,-76.5249984581023,4.32499931938946,60.4852676391602,5.85358308073296,1.9236444226361
109,-76.4749984573573,4.32499931938946,60.1876106262207,5.7500468839911,2.00802057035735
110,-76.4249984566122,4.32499931938946,54.4532318115234,5.71210370553659,1.66713960333482
111,-76.3749984558672,4.32499931938946,53.0776977539062,5.80920861392118,1.47623562468954
112,-76.3249984551221,4.32499931938946,47.4797515869141,5.87839495891615,1.0121602862665
113,-76.2749984543771,4.32499931938946,38.7489471435547,6.02742431018004,0.197440920775137
114,-76.224998453632,4.32499931938946,42.0851898193359,6.26849661785209,0.218813288367585
115,-76.1749984528869,4.32499931938946,46.4719276428223,6.51843414181359,0.298598030827394
116,-76.1249984521419,4.32499931938946,42.1065979003906,6.65506136920912,-0.166101675977038
117,-76.0749984513968,4.32499931938946,40.7850646972656,6.75701066893888,-0.370692113051963
118,-76.0249984506518,4.32499931938946,42.4209442138672,6.84419491501847,-0.33105863409611
119,-75.9749984499067,4.32499931938946,55.4660682678223,6.92974398780198,0.517810528132917
120,-75.9249984491616,4.32499931938946,57.6341400146484,6.93860769546173,0.653107526716218
121,-75.8749984484166,4.32499931938946,56.2064743041992,7.07971653694688,0.417381188453213
122,-75.8249984476715,4.32499931938946,51.9910087585449,7.19991411082433,0.010564982727288
123,-76.5249984581023,4.27499931864441,69.6018447875977,5.61768133837708,2.72509067022999
124,-76.4749984573573,4.27499931864441,66.0197906494141,5.37681335533862,2.74844298827381
125,-76.4249984566122,4.27499931864441,52.9207153320312,5.36500543298779,1.90965712496163
126,-76.3749984558672,4.27499931864441,42.888370513916,5.6357792132465,0.913142111209612
127,-76.3249984551221,4.27499931864441,41.7596855163574,5.754789894852,0.707383541102606
128,-76.2749984543771,4.27499931864441,45.8185386657715,5.99520233440163,0.773736922658626
129,-76.224998453632,4.27499931864441,50.7087326049805,6.28937378626643,0.83163264576131
130,-76.1749984528869,4.27499931864441,50.1457366943359,6.48674155476502,0.594623899321919
131,-76.1249984521419,4.27499931864441,44.0330657958984,6.61892831460752,0.0168132261623128
132,-76.0749984513968,4.27499931864441,43.3712463378906,6.72689846774662,-0.141213511882828
133,-76.0249984506518,4.27499931864441,42.4718933105469,6.85640981872877,-0.339363454727139
134,-75.9749984499067,4.27499931864441,66.9720001220703,6.94788043961786,1.23576178875884
135,-75.9249984491616,4.27499931864441,77.3305206298828,6.93369881247676,1.86007856871063
136,-75.8749984484166,4.27499931864441,85.9416198730469,7.03754110823302,2.23292920740075
137,-75.8249984476715,4.27499931864441,72.042236328125,7.16464042080014,1.32312938805572
138,-77.2749984692782,4.22499931789935,113.029853820801,8.78643230797643,1.84511761763653
139,-76.4249984566122,4.22499931789935,51.0218353271484,5.24443967948756,1.89851736414279
140,-76.3749984558672,4.22499931789935,42.3325424194336,5.61095994708336,0.895386371660641
141,-76.3249984551221,4.22499931789935,42.9837265014648,5.79113167866589,0.765065885583135
142,-76.2749984543771,4.22499931789935,43.7619857788086,6.018452692798,0.596831562531365
143,-76.224998453632,4.22499931789935,46.6607208251953,6.25800005007758,0.572865255664824
144,-76.1749984528869,4.22499931789935,46.0168495178223,6.42985202858328,0.353720003747639
145,-76.1249984521419,4.22499931789935,43.5811309814453,6.56565575954637,0.0359448782872553
146,-76.0749984513968,4.22499931789935,44.0354461669922,6.69366984616009,-0.0577489479732991
147,-76.0249984506518,4.22499931789935,43.1894111633301,6.85849821788221,-0.286633097284402
148,-75.9749984499067,4.22499931789935,61.3247451782227,6.96421979099064,0.866791968560143
149,-75.9249984491616,4.22499931789935,69.1127777099609,6.93860111111395,1.37480840063037
150,-75.8749984484166,4.22499931789935,84.8973541259766,6.96750994168278,2.24646607988231
151,-75.8249984476715,4.22499931789935,76.3125915527344,7.2294748933317,1.50623295164197
152,-77.3749984707683,4.17499931715429,104.82723236084,9.19914618285842,1.03937091488771
153,-77.3249984700232,4.17499931715429,99.1582489013672,9.05101362254661,0.906809879673495
154,-77.2749984692782,4.17499931715429,98.2651824951172,8.8963447737465,1.01653485303789
155,-77.1749984677881,4.17499931715429,91.5575485229492,8.61197916012418,0.956591711377433
156,-76.4249984566122,4.17499931715429,44.6402435302734,5.24563378026289,1.43570167982841
157,-76.3749984558672,4.17499931715429,38.3415489196777,5.63724199334966,0.554813313224862
158,-76.3249984551221,4.17499931715429,41.944206237793,5.86556877259077,0.610865913082591
159,-76.2749984543771,4.17499931715429,40.6438217163086,6.01595063799372,0.359300079923854
160,-76.224998453632,4.17499931715429,39.2050857543945,6.19467993254028,0.0667165374490254
161,-76.1749984528869,4.17499931715429,44.0850486755371,6.3653926178784,0.274264653060902
162,-76.1249984521419,4.17499931715429,41.959285736084,6.51294368793131,-0.0353449248028013
163,-76.0749984513968,4.17499931715429,49.8818511962891,6.6460000582861,0.416708430409232
164,-76.0249984506518,4.17499931715429,48.6723098754883,6.80018074845189,0.176373549730577
165,-75.9749984499067,4.17499931715429,52.9280891418457,6.92907266523983,0.346096689616844
166,-75.9249984491616,4.17499931715429,56.7346687316895,6.92909840770504,0.603143538202529
167,-75.8749984484166,4.17499931715429,72.0953216552734,7.0239748397686,1.46692155903838
168,-77.4249984715133,4.12499931640923,102.556350708008,9.47725994332645,0.649751003048983
169,-77.3749984707683,4.12499931640923,99.6734924316406,9.31755618646952,0.666105087413958
170,-77.3249984700232,4.12499931640923,95.6056976318359,9.1622698709342,0.61554673768737
171,-77.2749984692782,4.12499931640923,98.3886871337891,9.01065035375922,0.908456820467154
172,-77.2249984685331,4.12499931640923,95.1134872436523,8.85979942592811,0.892814954003678
173,-77.1749984677881,4.12499931640923,88.3917541503906,8.70606735383914,0.695621544991256
174,-77.124998467043,4.12499931640923,80.6308364868164,8.55920417479682,0.420263319816453
175,-76.4249984566122,4.12499931640923,41.9044418334961,5.32273319592099,1.15063083165355
176,-76.3749984558672,4.12499931640923,36.4845123291016,5.61812871226326,0.422112369771597
177,-76.3249984551221,4.12499931640923,40.031909942627,5.80861463724579,0.518462882638647
178,-76.2749984543771,4.12499931640923,37.1128349304199,5.97432694177388,0.117703502209463
179,-76.224998453632,4.12499931640923,37.8414001464844,6.12083478169177,0.0307016236694483
180,-76.1749984528869,4.12499931640923,36.6712684631348,6.3016905078988,-0.246009830787867
181,-76.1249984521419,4.12499931640923,39.938793182373,6.4687393677249,-0.149024723662789
182,-76.0749984513968,4.12499931640923,47.6546249389648,6.55533556982348,0.347897364024609
183,-76.0249984506518,4.12499931640923,46.7494354248047,6.74758276359854,0.0897731160383154
184,-75.9749984499067,4.12499931640923,50.7035369873047,6.83500412926828,0.285637484189364
185,-75.9249984491616,4.12499931640923,55.5307769775391,6.84951694971918,0.602380592352843
186,-75.8749984484166,4.12499931640923,55.088794708252,7.02858608237244,0.393596528440358
187,-77.4249984715133,4.07499931566417,115.616149902344,9.61349487113892,1.13900018360738
188,-77.3749984707683,4.07499931566417,96.96630859375,9.44937881447537,0.397768416766279
189,-77.3249984700232,4.07499931566417,100.395080566406,9.28867496586981,0.731059589816097
190,-77.2749984692782,4.07499931566417,93.7717208862305,9.13413025491112,0.54944970738746
191,-77.2249984685331,4.07499931566417,95.0784149169922,8.97665164126368,0.774164474169544
192,-77.1749984677881,4.07499931566417,89.3099899291992,8.80618991078239,0.644206373458778
193,-77.124998467043,4.07499931566417,83.3158493041992,8.64966794351991,0.478083658282105
194,-77.074998466298,4.07499931566417,80.529182434082,8.49606109698705,0.47774425158621
195,-77.0249984655529,4.07499931566417,76.6013336181641,8.33830876329803,0.413910019282996
196,-76.9749984648078,4.07499931566417,83.0799942016602,8.17631440616183,0.938508367850848
197,-76.9249984640628,4.07499931566417,77.6012954711914,8.01519179415879,0.79396795414816
198,-76.4749984573573,4.07499931566417,38.2246246337891,4.96967515520688,1.21293146609688
199,-76.4249984566122,4.07499931566417,31.0576972961426,5.27289486367341,0.300048460651948
200,-76.3749984558672,4.07499931566417,30.5091705322266,5.53777174773236,-0.0142610405619117
201,-76.3249984551221,4.07499931566417,30.7024269104004,5.78590871450097,-0.244931642684086
202,-76.2749984543771,4.07499931566417,32.7637252807617,5.89565051448302,-0.17168988562107
203,-76.224998453632,4.07499931566417,31.6808795928955,6.03709859010627,-0.408521541429093
204,-76.1749984528869,4.07499931566417,38.3927764892578,6.23258581683671,-0.0363953348342551
205,-76.1249984521419,4.07499931566417,37.2254867553711,6.38659498057251,-0.285325706448386
206,-76.0749984513968,4.07499931566417,35.491039276123,6.49698635264353,-0.539550723438368
207,-76.0249984506518,4.07499931566417,38.5591201782227,6.66323863568721,-0.453639600465801
208,-75.9749984499067,4.07499931566417,51.3995246887207,6.71620776837633,0.453138414416122
209,-75.9249984491616,4.07499931566417,48.6788711547852,6.79086652317171,0.186157996979063
210,-75.8749984484166,4.07499931566417,44.5334243774414,7.04446785187141,-0.371131027055703
211,-75.8249984476715,4.07499931566417,42.4022216796875,7.08822656665227,-0.576527734574157
212,-77.4249984715133,4.02499931491912,142.598831176758,9.75492299258007,2.1865522586926
213,-77.3749984707683,4.02499931491912,107.468971252441,9.58373277461965,0.782991454973876
214,-77.3249984700232,4.02499931491912,105.371421813965,9.40850915741403,0.856549138278446
215,-77.1749984677881,4.02499931491912,96.7078094482422,8.90533437826408,0.928678508052577
216,-77.124998467043,4.02499931491912,87.4021682739258,8.74217328817246,0.606739390525842
217,-77.074998466298,4.02499931491912,75.0943450927734,8.58101289146073,0.0846864509335896
218,-77.0249984655529,4.02499931491912,66.9546890258789,8.41794334502136,-0.235358849528578
219,-76.9749984648078,4.02499931491912,71.6783981323242,8.24984707304234,0.216462520418334
220,-76.9249984640628,4.02499931491912,67.3991088867188,8.07805145408221,0.13164457480453
221,-76.8749984633177,4.02499931491912,58.3169631958008,7.90157737613286,-0.265022970132683
222,-76.5249984581023,4.02499931491912,32.465087890625,4.94607601660477,0.75173829158614
223,-76.4749984573573,4.02499931491912,26.9738922119141,5.04436760049454,0.149271991536669
224,-76.4249984566122,4.02499931491912,24.3184337615967,5.28315734755481,-0.351784946123675
225,-76.3749984558672,4.02499931491912,23.4228057861328,5.51276131057228,-0.673049977637973
226,-76.3249984551221,4.02499931491912,25.4236927032471,5.7104145456909,-0.668223285608919
227,-76.2749984543771,4.02499931491912,28.757984161377,5.81311657683556,-0.450469454249837
228,-76.224998453632,4.02499931491912,28.8079719543457,5.95221362737448,-0.584907789773488
229,-76.1749984528869,4.02499931491912,33.5221633911133,6.12638727617305,-0.336554515970619
230,-76.1249984521419,4.02499931491912,32.5840148925781,6.27588224957747,-0.567641286498028
231,-76.0749984513968,4.02499931491912,35.629524230957,6.35717342540831,-0.388126245920027
232,-76.0249984506518,4.02499931491912,35.6068382263184,6.4249040640854,-0.457757490863121
233,-75.9749984499067,4.02499931491912,52.6404151916504,6.59928075465775,0.65609071699347
234,-75.9249984491616,4.02499931491912,56.5200309753418,6.69661453444252,0.821365977326697
235,-75.8749984484166,4.02499931491912,42.019775390625,6.99113863525264,-0.508872411884072
236,-75.8249984476715,4.02499931491912,37.8551025390625,7.14414580212446,-0.991495760145594
237,-75.7749984469265,4.02499931491912,43.7023391723633,7.17991799174112,-0.569143515753958
238,-77.3749984707683,3.97499931417406,147.467071533203,9.69779343080022,2.44580865149822
239,-77.3249984700232,3.97499931417406,116.604156494141,9.51837886902119,1.27996158190648
240,-77.2749984692782,3.97499931417406,118.174186706543,9.34098094619659,1.5298141814168
241,-77.2249984685331,3.97499931417406,119.876319885254,9.16543032930072,1.78337416640812
242,-77.1749984677881,3.97499931417406,107.385681152344,8.98710297845093,1.37560328740182
243,-77.124998467043,3.97499931417406,100.010635375977,8.81307488131187,1.18745687334881
244,-77.074998466298,3.97499931417406,82.4771118164062,8.64340581897649,0.438285202876553
245,-77.0249984655529,3.97499931417406,78.7945098876953,8.46975299972163,0.406874168730099
246,-76.9749984648078,3.97499931417406,75.5053482055664,8.29464371643407,0.39473763125498
247,-76.9249984640628,3.97499931417406,57.5940017700195,8.11332697094677,-0.524255764928239
248,-76.8749984633177,3.97499931417406,56.1879463195801,7.92847901921467,-0.432617072808505
249,-76.8249984625727,3.97499931417406,52.7648048400879,7.62599896282101,-0.362060303932988
250,-76.7749984618276,3.97499931417406,45.6420249938965,7.26800468345181,-0.512116511353601
251,-76.7249984610826,3.97499931417406,42.2973823547363,6.90412184343223,-0.400478068229265
252,-76.6749984603375,3.97499931417406,34.822193145752,6.38911901091824,-0.488085783952649
253,-76.6249984595924,3.97499931417406,25.2525424957275,5.77259513534342,-0.747404343370686
254,-76.5749984588474,3.97499931417406,24.6813697814941,5.25448481871267,-0.286450017959548
255,-76.5249984581023,3.97499931417406,19.8323497772217,5.0184116100936,-0.565058965487324
256,-76.4749984573573,3.97499931417406,20.036792755127,5.12498620443887,-0.648738584486761
257,-76.4249984566122,3.97499931417406,17.6201572418213,5.2849078543867,-1.08727075218012
258,-76.3749984558672,3.97499931417406,19.0607395172119,5.42430865361465,-1.05844796902886
259,-76.3249984551221,3.97499931417406,22.5010948181152,5.65058914839665,-0.907057255585636
260,-76.2749984543771,3.97499931417406,26.1997089385986,5.73985827160802,-0.621293146634167
261,-76.224998453632,3.97499931417406,25.4270477294922,5.85253177451952,-0.810007830154735
262,-76.1749984528869,3.97499931417406,34.2307815551758,6.0085168666879,-0.157809084275946
263,-76.1249984521419,3.97499931417406,32.7230796813965,6.19383421560167,-0.473425167168467
264,-76.0749984513968,3.97499931417406,36.5390281677246,6.34996049149819,-0.305208373526386
265,-76.0249984506518,3.97499931417406,45.3063583374023,6.32636125264834,0.404638549565468
266,-75.9749984499067,3.97499931417406,46.8704490661621,6.38386052883294,0.462339078698391
267,-75.9249984491616,3.97499931417406,46.7266502380371,6.6200041617225,0.215685286902055
268,-75.8749984484166,3.97499931417406,41.9097328186035,6.96188353605703,-0.48811084784782
269,-75.8249984476715,3.97499931417406,39.3945999145508,7.188055948431,-0.911544185154299
270,-77.2749984692782,3.924999313429,139.430526733398,9.416145813695,2.3919245931665
271,-77.2249984685331,3.924999313429,121.274780273438,9.23102954055667,1.78145338898458
272,-77.1749984677881,3.924999313429,101.373382568359,9.04929169007165,1.01914327115045
273,-77.124998467043,3.924999313429,97.6648559570312,8.8690861127446,1.01346699649955
274,-77.074998466298,3.924999313429,80.1593933105469,8.68825648829371,0.264921344774665
275,-77.0249984655529,3.924999313429,66.715202331543,8.50165510648994,-0.333717647648636
276,-76.9749984648078,3.924999313429,69.7178497314453,8.31023361950152,0.03948791666035
277,-76.9249984640628,3.924999313429,48.912540435791,8.11310310493227,-1.1193530067524
278,-76.8749984633177,3.924999313429,48.5779571533203,7.91577512784374,-0.945986239124059
279,-76.8249984625727,3.924999313429,49.5818557739258,7.59377163131252,-0.552333157965915
280,-76.7749984618276,3.924999313429,38.5573768615723,7.22143738968545,-1.01197872877367
281,-76.7249984610826,3.924999313429,35.8242683410645,6.81717385708248,-0.831836077051642
282,-76.6749984603375,3.924999313429,27.1303882598877,6.36909572735601,-1.1604117995401
283,-76.6249984595924,3.924999313429,5.2897253036499,5.90908872408226,-3.60914844145536
284,-76.5749984588474,3.924999313429,19.4690914154053,5.47177157461522,-1.0593922374089
285,-76.5249984581023,3.924999313429,15.3641920089722,5.13412334533717,-1.21440498696342
286,-76.4749984573573,3.924999313429,14.7843790054321,5.18158996338697,-1.33654392914601
287,-76.4249984566122,3.924999313429,16.2681427001953,5.28426242587418,-1.25088385447832
288,-76.3749984558672,3.924999313429,17.1104888916016,5.4644737389093,-1.3279910674115
289,-76.3249984551221,3.924999313429,20.1304893493652,5.61235213811057,-1.12565074963315
290,-76.2749984543771,3.924999313429,38.4657363891602,5.65602937693869,0.546045791032119
291,-76.224998453632,3.924999313429,35.4147262573242,5.74077002784742,0.210257300045152
292,-76.1749984528869,3.924999313429,52.7878456115723,5.83530753929493,1.43021691607457
293,-76.1249984521419,3.924999313429,46.384449005127,6.01254419965119,0.7980687687333
294,-76.0749984513968,3.924999313429,39.2731742858887,6.33787322901096,-0.0710419494974688
295,-76.0249984506518,3.924999313429,36.6946601867676,6.43171257604798,-0.374100820020066
296,-75.9749984499067,3.924999313429,43.8154029846191,6.63634663389346,-0.0170262016572966
297,-75.9249984491616,3.924999313429,44.1427230834961,6.87653317531724,-0.23253414736005
298,-75.8749984484166,3.924999313429,43.3597450256348,6.9975160736772,-0.412704381180997
299,-75.8249984476715,3.924999313429,39.7582778930664,7.20429133926298,-0.898874787355687
300,-77.2749984692782,3.87499931268394,137.291000366211,9.49581558010361,2.22130865608212
301,-77.2249984685331,3.87499931268394,124.320251464844,9.30101194125723,1.84888722711393
302,-77.1749984677881,3.87499931268394,112.044044494629,9.11223399085613,1.47285195563618
303,-77.124998467043,3.87499931268394,101.281120300293,8.9218240336016,1.14202812649559
304,-77.0249984655529,3.87499931268394,66.0774230957031,8.53420825904748,-0.405406188895746
305,-76.9749984648078,3.87499931268394,65.6389236450195,8.32910494051155,-0.227319727052754
306,-76.9249984640628,3.87499931268394,53.4119186401367,8.1160510101204,-0.807705189065079
307,-76.8749984633177,3.87499931268394,49.602653503418,7.89547058129446,-0.852555453066809
308,-76.8249984625727,3.87499931268394,48.9705810546875,7.52505233541722,-0.527154004154647
309,-76.7749984618276,3.87499931268394,38.6488876342773,7.08323601162831,-0.866413058199662
310,-76.7249984610826,3.87499931268394,31.2499408721924,6.56642496797995,-0.976260312784869
311,-76.6749984603375,3.87499931268394,23.7404613494873,6.13146203616508,-1.2590436069364
312,-76.6249984595924,3.87499931268394,5.55035543441772,5.82552898529654,-3.46960975187241
313,-76.5749984588474,3.87499931268394,16.2427845001221,5.4940621423844,-1.46382834021832
314,-76.5249984581023,3.87499931268394,16.3427066802979,5.24411647764462,-1.20150510870278
315,-76.4749984573573,3.87499931268394,11.8923292160034,5.14814287067147,-1.69961721236423
316,-76.4249984566122,3.87499931268394,13.854154586792,5.26634548976469,-1.54422854012542
317,-76.3749984558672,3.87499931268394,16.7936038970947,5.48067407230337,-1.38267408485892
318,-76.3249984551221,3.87499931268394,20.2327213287354,5.57187415138928,-1.07379441346385
319,-76.2749984543771,3.87499931268394,31.0517539978027,5.56214746710347,0.0102626037548048
320,-76.224998453632,3.87499931268394,32.8496131896973,5.63215326675792,0.0993049412112545
321,-76.1749984528869,3.87499931268394,37.5868377685547,5.78815432884667,0.342656202278456
322,-76.1249984521419,3.87499931268394,60.5447120666504,5.89138060989981,1.889667652812
323,-76.0749984513968,3.87499931268394,46.6586494445801,6.17720233226145,0.653511352601942
324,-76.0249984506518,3.87499931268394,49.453239440918,6.4957614650391,0.536538261289259
325,-75.9749984499067,3.87499931268394,54.864372253418,6.73601034711211,0.671038475017929
326,-75.9249984491616,3.87499931268394,58.0098075866699,6.93311189234116,0.683305085915084
327,-75.8749984484166,3.87499931268394,50.525764465332,7.02347717823151,0.0846705738437145
328,-77.074998466298,3.82499931193888,83.455451965332,8.76702783767342,0.368367718367492
329,-77.0249984655529,3.82499931193888,71.251350402832,8.55958306593254,-0.118531567284285
330,-76.9749984648078,3.82499931193888,71.8927154541016,8.34354952545486,0.13540768956289
331,-76.9249984640628,3.82499931193888,55.7495574951172,8.1129823670439,-0.646419737887346
332,-76.8749984633177,3.82499931193888,52.6954612731934,7.84714977590265,-0.587985824510358
333,-76.8249984625727,3.82499931193888,44.0332221984863,7.40865377914468,-0.772900453523972
334,-76.7749984618276,3.82499931193888,39.5233268737793,7.05533267716477,-0.768574619645832
335,-76.7249984610826,3.82499931193888,30.3503532409668,6.5007262438396,-0.991610775729787
336,-76.6749984603375,3.82499931193888,24.6713180541992,6.08685165530676,-1.11982859776019
337,-76.6249984595924,3.82499931193888,5.47906732559204,5.7836619456521,-3.44292118136571
338,-76.5749984588474,3.82499931193888,15.568021774292,5.47480493000988,-1.52917167610855
339,-76.5249984581023,3.82499931193888,15.213770866394,5.22534149186674,-1.32485807741745
340,-76.4749984573573,3.82499931193888,10.4526443481445,5.09988335425614,-1.86682839831361
341,-76.4249984566122,3.82499931193888,19.3844718933105,5.21935218260305,-0.816572163875048
342,-76.3749984558672,3.82499931193888,26.1010665893555,5.44152768529529,-0.33260738944456
343,-76.3249984551221,3.82499931193888,22.9538249969482,5.51834598825152,-0.727330960415745
344,-76.2749984543771,3.82499931193888,23.9792537689209,5.51016506740313,-0.613303442962343
345,-76.224998453632,3.82499931193888,25.3645896911621,5.49865816222989,-0.462331158235597
346,-76.1749984528869,3.82499931193888,45.9644317626953,5.59669844668939,1.18300890412564
347,-76.1249984521419,3.82499931193888,59.5826644897461,5.71441447564878,2.00456631780744
348,-76.0749984513968,3.82499931193888,54.6681518554688,5.93090653684223,1.4628849029719
349,-76.0249984506518,3.82499931193888,48.8652381896973,6.43234093156361,0.558026597379147
350,-75.9749984499067,3.82499931193888,51.9298286437988,6.65298458564941,0.553250814599381
351,-75.9249984491616,3.82499931193888,54.0883407592773,6.8123613511914,0.542116248154272
352,-75.8749984484166,3.82499931193888,45.9959907531738,7.05928946488822,-0.277255053800809
353,-77.124998467043,3.77499931119382,109.433410644531,9.01723264325234,1.44380987862526
354,-77.074998466298,3.77499931119382,86.9602279663086,8.80260223020952,0.522644574369355
355,-77.0249984655529,3.77499931119382,72.8102722167969,8.58172822094859,-0.0488346779119193
356,-76.9749984648078,3.77499931119382,70.2448425292969,8.35560723924747,0.0256123933177619
357,-76.9249984640628,3.77499931119382,51.6150169372559,8.10992713379847,-0.925567946142559
358,-76.8749984633177,3.77499931119382,48.0180053710938,7.75702738757899,-0.827524853407165
359,-76.8249984625727,3.77499931119382,44.0827484130859,7.23701836584875,-0.597534318644033
360,-76.7749984618276,3.77499931119382,36.7632141113281,7.01969388980522,-0.95642627973488
361,-76.7249984610826,3.77499931119382,28.135913848877,6.62948120181473,-1.32515147517848
362,-76.6749984603375,3.77499931119382,21.4693145751953,6.28471160229306,-1.65121243047967
363,-76.6249984595924,3.77499931119382,16.0627613067627,5.93220390599323,-1.92436642091943
364,-76.5749984588474,3.77499931119382,14.8105344772339,5.51339304569218,-1.66494732342535
365,-76.5249984581023,3.77499931119382,16.4128131866455,5.20530399142661,-1.15403095858305
366,-76.4749984573573,3.77499931119382,19.2938613891602,5.06023636592111,-0.667758547063037
367,-76.4249984566122,3.77499931119382,21.9748821258545,5.22389245313653,-0.536155032391368
368,-76.3749984558672,3.77499931119382,24.1535015106201,5.39996962479578,-0.485348427732869
369,-76.3249984551221,3.77499931119382,29.4709358215332,5.46234467485391,-0.0336306630889509
370,-76.2749984543771,3.77499931119382,34.5023727416992,5.49360720007693,0.380264839872458
371,-76.224998453632,3.77499931119382,45.7717666625977,5.54048983710879,1.22499363878543
372,-76.1749984528869,3.77499931119382,43.0041275024414,5.65629327908022,0.901459956780471
373,-76.1249984521419,3.77499931119382,55.1507148742676,5.77712151591697,1.64923121434487
374,-76.0749984513968,3.77499931119382,49.3994522094727,5.93618302892235,1.09229135813154
375,-76.0249984506518,3.77499931119382,54.2912483215332,6.34492483422766,1.0233346835644
376,-75.9749984499067,3.77499931119382,50.8941650390625,6.61684528695858,0.517169363927865
377,-75.9249984491616,3.77499931119382,46.8637008666992,6.84362799127059,0.00207875578622236
378,-77.1749984677881,3.72499931044877,108.221168518066,9.28821407180943,1.11472630666369
379,-77.124998467043,3.72499931044877,102.451461791992,9.06394033090212,1.05789061967161
380,-77.074998466298,3.72499931044877,88.9898986816406,8.83888134099558,0.594564407067036
381,-77.0249984655529,3.72499931044877,72.9534072875977,8.60736046151342,-0.0660837836626386
382,-76.9749984648078,3.72499931044877,69.4604568481445,8.37562463784702,-0.0413306156670604
383,-76.9249984640628,3.72499931044877,53.8898048400879,8.05972983388196,-0.718762265496444
384,-76.8749984633177,3.72499931044877,46.6550216674805,7.64128138734206,-0.810833256547093
385,-76.8249984625727,3.72499931044877,44.7751235961914,7.10929591475705,-0.417874272371077
386,-76.7749984618276,3.72499931044877,35.8518486022949,6.88760741967863,-0.899966097563973
387,-76.7249984610826,3.72499931044877,28.6642227172852,6.48046890058505,-1.12657100117708
388,-76.6749984603375,3.72499931044877,7.62136840820312,6.23665597912576,-3.47597338088975
389,-76.6249984595924,3.72499931044877,17.2437610626221,5.8557661030902,-1.70320531935421
390,-76.5749984588474,3.72499931044877,17.9416370391846,5.49467130464313,-1.25891434287294
391,-76.5249984581023,3.72499931044877,16.4360084533691,5.15891902877515,-1.1047842933021
392,-76.4749984573573,3.72499931044877,19.0714168548584,4.98194093334104,-0.614857598338331
393,-76.4249984566122,3.72499931044877,24.7727928161621,5.21044540520759,-0.233217982619574
394,-76.3749984558672,3.72499931044877,28.8729248046875,5.35258209865601,0.0207711192785305
395,-76.3249984551221,3.72499931044877,32.1746406555176,5.41136652509636,0.260902919801124
396,-76.2749984543771,3.72499931044877,44.7571411132812,5.46062130353205,1.22945650717249
397,-76.224998453632,3.72499931044877,35.7261238098145,5.56250883522612,0.414624575516396
398,-76.1749984528869,3.72499931044877,47.114631652832,5.6620405210315,1.20196936043225
399,-76.1249984521419,3.72499931044877,50.5876274108887,5.65668442273854,1.45581354990712
400,-76.0749984513968,3.72499931044877,44.5459671020508,6.11081701529,0.563459507453927
401,-76.0249984506518,3.72499931044877,50.089771270752,6.42721167267882,0.650201079927311
402,-75.9749984499067,3.72499931044877,50.6924743652344,6.62823002068403,0.491634750871283
403,-77.124998467043,3.67499930970371,116.691162109375,9.11011277547582,1.69225558101782
404,-77.074998466298,3.67499930970371,89.0287933349609,8.87079820476444,0.564708847586322
405,-77.0249984655529,3.67499930970371,72.7703628540039,8.62468851402175,-0.0941338512812403
406,-76.9749984648078,3.67499930970371,71.6829986572266,8.37035332562161,0.0962279594796314
407,-76.9249984640628,3.67499930970371,52.955509185791,8.05668452441893,-0.779630918336934
408,-76.8749984633177,3.67499930970371,50.1228408813477,7.70198604624434,-0.622237400893462
409,-76.8249984625727,3.67499930970371,49.6389694213867,7.14463721808806,-0.0991443736245362
410,-76.7749984618276,3.67499930970371,36.7529983520508,6.69906239296841,-0.636637271612212
411,-76.7249984610826,3.67499930970371,25.5578346252441,6.40974998073418,-1.35427427361777
412,-76.6749984603375,3.67499930970371,10.2715463638306,6.18236322282726,-2.97743789392636
413,-76.6249984595924,3.67499930970371,18.8939456939697,5.76653561064261,-1.4198189539039
414,-76.5749984588474,3.67499930970371,20.51611328125,5.41931341872771,-0.889841784944139
415,-76.5249984581023,3.67499930970371,17.9392623901367,5.07762740590193,-0.842150763286995
416,-76.4749984573573,3.67499930970371,21.181453704834,5.0457111307412,-0.443379797076273
417,-76.4249984566122,3.67499930970371,21.9338550567627,5.22293444339263,-0.539575066111973
418,-76.3749984558672,3.67499930970371,24.0716381072998,5.29934025721989,-0.393054685904271
419,-76.3249984551221,3.67499930970371,27.617618560791,5.35812299894567,-0.102876233969641
420,-76.2749984543771,3.67499930970371,32.4900054931641,5.41303179345188,0.286968688404593
421,-76.224998453632,3.67499930970371,34.9656219482422,5.57999946136685,0.33317413224954
422,-76.1749984528869,3.67499930970371,47.1539764404297,5.66981898663769,1.19705631734372
423,-76.1249984521419,3.67499930970371,45.1452178955078,5.72879384539465,0.990225271672055
424,-76.0749984513968,3.67499930970371,46.3673706054688,6.36091155994785,0.448447485180318
425,-76.0249984506518,3.67499930970371,47.9106521606445,6.6164328076493,0.305319294285917
426,-75.9749984499067,3.67499930970371,40.7899436950684,6.7239376580375,-0.337237125284434
427,-77.124998467043,3.62499930895865,105.390975952148,9.14679062467508,1.11922008797024
428,-77.074998466298,3.62499930895865,78.0323333740234,8.89888708592785,-0.0652958924197711
429,-77.0249984655529,3.62499930895865,63.0008201599121,8.63747015704077,-0.700164558796984
430,-76.9749984648078,3.62499930895865,66.3847122192383,8.32271738387296,-0.175035982441125
431,-76.9249984640628,3.62499930895865,53.7761192321777,7.9900621568324,-0.656841907025512
432,-76.8749984633177,3.62499930895865,39.8157348632812,7.71351967593931,-1.40354860918463
433,-76.8249984625727,3.62499930895865,49.1134796142578,7.22238538989113,-0.214284390743224
434,-76.7749984618276,3.62499930895865,36.0041389465332,6.70790835803693,-0.707563455738964
435,-76.7249984610826,3.62499930895865,8.42455863952637,6.36448601729861,-3.46197699241576
436,-76.6749984603375,3.62499930895865,7.62402200698853,6.14714387029723,-3.38598070833296
437,-76.6249984595924,3.62499930895865,6.13914728164673,5.71025355159673,-3.23252328345882
438,-76.5749984588474,3.62499930895865,22.396110534668,5.31093740590244,-0.578484497032878
439,-76.5249984581023,3.62499930895865,19.7643585205078,5.03807340637262,-0.592361031453638
440,-76.4749984573573,3.62499930895865,20.2499217987061,5.0721518798001,-0.572160568841149
441,-76.4249984566122,3.62499930895865,17.912956237793,5.18505197207001,-0.952681922346928
442,-76.3749984558672,3.62499930895865,15.6854848861694,5.24667037451629,-1.28617988896158
443,-76.3249984551221,3.62499930895865,19.1030406951904,5.30507231839529,-0.93436977816329
444,-76.2749984543771,3.62499930895865,23.9127559661865,5.35852811052611,-0.468461038778878
445,-76.224998453632,3.62499930895865,30.4362030029297,5.57526064804561,-0.058359071714042
446,-76.1749984528869,3.62499930895865,43.8306045532227,5.79866955053074,0.821799054728452
447,-76.1249984521419,3.62499930895865,39.6564102172852,6.08336288704523,0.213970692914244
448,-76.0749984513968,3.62499930895865,42.1005935668945,6.49464311670941,-0.00614609760748933
449,-76.0249984506518,3.62499930895865,34.734447479248,6.56971630060472,-0.676122534552627
450,-77.2249984685331,3.57499930821359,104.481994628906,9.70525736519323,0.51638607551171
451,-77.1749984677881,3.57499930821359,101.918022155762,9.44344880072947,0.651996813792045
452,-77.124998467043,3.57499930821359,94.389404296875,9.17815525208282,0.537265701065577
453,-77.074998466298,3.57499930821359,76.498291015625,8.91378768871519,-0.167457543126987
454,-77.0249984655529,3.57499930821359,68.2811584472656,8.63525353784036,-0.372012137078451
455,-76.9749984648078,3.57499930821359,69.7973175048828,8.28699418122152,0.0674847076669267
456,-76.9249984640628,3.57499930821359,51.5187225341797,7.82645683459034,-0.64880244515505
457,-76.8749984633177,3.57499930821359,43.3147392272949,7.64997576815821,-1.06858235739063
458,-76.8249984625727,3.57499930821359,39.599063873291,7.27344082987554,-0.980662121443866
459,-76.7749984618276,3.57499930821359,0,6.83028777989005,-6.83028777989005
460,-76.7249984610826,3.57499930821359,0,6.34301335604827,-6.34301335604827
461,-76.6749984603375,3.57499930821359,0,6.07282599329281,-6.07282599329281
462,-76.6249984595924,3.57499930821359,0,5.64161460660626,-5.64161460660626
463,-76.5749984588474,3.57499930821359,20.2238731384277,5.21218789163098,-0.715091813223525
464,-76.5249984581023,3.57499930821359,22.8708419799805,5.04808652035984,-0.26573960906404
465,-76.4749984573573,3.57499930821359,22.1200942993164,5.05285481512492,-0.349654383576584
466,-76.4249984566122,3.57499930821359,16.6659278869629,5.13500141139572,-1.05260898942513
467,-76.3749984558672,3.57499930821359,17.0402908325195,5.19678985003166,-1.06880113486787
468,-76.3249984551221,3.57499930821359,17.0966968536377,5.25539368138011,-1.12057846741496
469,-76.2749984543771,3.57499930821359,22.57590675354,5.30737353249229,-0.555962504856392
470,-76.224998453632,3.57499930821359,28.2271270751953,5.5336580785442,-0.220737311659438
471,-76.1749984528869,3.57499930821359,38.9379692077637,5.78375522054352,0.456274363341777
472,-76.1249984521419,3.57499930821359,40.376823425293,6.04842983611796,0.305846159248704
473,-76.0749984513968,3.57499930821359,40.2226715087891,6.3195477978677,0.022586819813401
474,-76.0249984506518,3.57499930821359,27.3559188842773,6.49591927930802,-1.26563067500736
475,-77.3249984700232,3.52499930746853,89.8433837890625,10.3091821897793,-0.830607202521828
476,-77.2749984692782,3.52499930746853,85.352912902832,10.0416489545346,-0.802984932998111
477,-77.2249984685331,3.52499930746853,101.448608398438,9.77077240138421,0.301397593132244
478,-77.1749984677881,3.52499930746853,96.6854705810547,9.49659779983458,0.336279224772952
479,-77.124998467043,3.52499930746853,86.6201400756836,9.22549430640745,0.0814998418492084
480,-77.074998466298,3.52499930746853,65.4950180053711,8.93146048002269,-0.838561246412335
481,-77.0249984655529,3.52499930746853,56.4869842529297,8.56896879719656,-1.05318645249486
482,-76.9749984648078,3.52499930746853,60.9668350219727,8.2518489405918,-0.443722723504077
483,-76.9249984640628,3.52499930746853,52.1507301330566,7.83213063690058,-0.610584394366602
484,-76.8749984633177,3.52499930746853,46.3706817626953,7.55502560319647,-0.745423429596656
485,-76.8249984625727,3.52499930746853,39.4413719177246,7.13311200993854,-0.852875396742774
486,-76.7749984618276,3.52499930746853,0,6.73002220549196,-6.73002220549196
487,-76.7249984610826,3.52499930746853,0,6.29711869946145,-6.29711869946145
488,-76.6749984603375,3.52499930746853,0,5.93917610371586,-5.93917610371586
489,-76.6249984595924,3.52499930746853,0,5.54494393667532,-5.54494393667532
490,-76.5749984588474,3.52499930746853,19.2619609832764,5.19570474870936,-0.806859686135792
491,-76.5249984581023,3.52499930746853,22.7748432159424,5.07256505624488,-0.300265483089149
492,-76.4749984573573,3.52499930746853,16.8557167053223,5.01633007316623,-0.910758650657269
493,-76.4249984566122,3.52499930746853,16.943452835083,5.08514208873742,-0.968899526025278
494,-76.3749984558672,3.52499930746853,19.4053764343262,5.14832763013812,-0.743174235042079
495,-76.3249984551221,3.52499930746853,15.7522506713867,5.20789321623498,-1.23898270182593
496,-76.2749984543771,3.52499930746853,18.2281036376953,5.2619957274527,-0.992557399323894
497,-76.224998453632,3.52499930746853,30.7496929168701,5.484016598465,0.0612239659172309
498,-76.1749984528869,3.52499930746853,35.9046287536621,5.7429905974345,0.249056528019548
499,-76.1249984521419,3.52499930746853,25.3380661010742,5.97110641117293,-0.937413323481324
500,-76.0749984513968,3.52499930746853,34.5941162109375,6.09698221642984,-0.215305906827492
501,-76.0249984506518,3.52499930746853,35.7812538146973,6.43932227538827,-0.457578899523904
502,-77.3249984700232,3.47499930672347,97.4094696044922,10.1998129683856,-0.330189388709845
503,-77.2749984692782,3.47499930672347,89.436653137207,9.92778681767506,-0.470691431817572
504,-77.2249984685331,3.47499930672347,91.2453002929688,9.65447628860806,-0.102235698413068
505,-77.1749984677881,3.47499930672347,80.9964370727539,9.38758426892985,-0.387782211509147
506,-77.124998467043,3.47499930672347,72.7054977416992,9.11171233647488,-0.584960449519373
507,-77.074998466298,3.47499930672347,70.9037094116211,8.80054199707359,-0.38010795768933
508,-77.0249984655529,3.47499930672347,56.0884780883789,8.42869224417119,-0.939468112902388
509,-76.9749984648078,3.47499930672347,63.0850219726562,8.08470803267638,-0.14210002443021
510,-76.9249984640628,3.47499930672347,53.5232086181641,7.67689424870148,-0.360938493083212
511,-76.8749984633177,3.47499930672347,42.7268524169922,7.34408845496416,-0.807510419249131
512,-76.8249984625727,3.47499930672347,38.0962753295898,6.98046477109536,-0.808246747597658
513,-76.7749984618276,3.47499930672347,36.5349464416504,6.45339132984699,-0.408976846900744
514,-76.7249984610826,3.47499930672347,35.9402160644531,6.00190923891027,-0.00689330361425417
515,-76.6749984603375,3.47499930672347,0,5.64692973142232,-5.64692973142232
516,-76.6249984595924,3.47499930672347,23.7277660369873,5.39670764545208,-0.52559216365663
517,-76.5749984588474,3.47499930672347,23.5036087036133,5.19923187291495,-0.351179820428995
518,-76.5249984581023,3.47499930672347,18.1182479858398,4.98976706114376,-0.733213527374938
519,-76.4749984573573,3.47499930672347,19.4583892822266,4.89654443215814,-0.485378001130335
520,-76.4249984566122,3.47499930672347,23.708963394165,4.96736495017651,-0.0981798649527995
521,-76.3749984558672,3.47499930672347,24.8592834472656,5.03401903129044,-0.048110543635893
522,-76.3249984551221,3.47499930672347,22.7978458404541,5.0986447837745,-0.323935804113634
523,-76.2749984543771,3.47499930672347,19.2123851776123,5.1582155513853,-0.775022060605742
524,-76.224998453632,3.47499930672347,32.5945701599121,5.37099568819936,0.338169763940916
525,-76.1749984528869,3.47499930672347,36.4790725708008,5.58431119110698,0.455479580997695
526,-76.1249984521419,3.47499930672347,34.0552711486816,5.81163083377856,0.0240585983863916
527,-76.0749984513968,3.47499930672347,30.2135696411133,5.97208216621254,-0.475395014744548
528,-76.0249984506518,3.47499930672347,34.1301689147949,6.37390882126118,-0.531805696974951
529,-77.3749984707683,3.42499930597842,95.932373046875,10.165140812822,-0.370633523178717
530,-77.3249984700232,3.42499930597842,96.8525924682617,9.89957554092196,-0.0582040679888413
531,-77.2749984692782,3.42499930597842,88.8366241455078,9.62845616089462,-0.203137909211666
532,-77.2249984685331,3.42499930597842,78.4573364257812,9.35041750748766,-0.492802906152758
533,-77.1749984677881,3.42499930597842,77.7719039916992,9.09681465129684,-0.277976633071348
534,-77.124998467043,3.42499930597842,76.4716567993164,8.83193960152421,-0.0871321823001328
535,-77.074998466298,3.42499930597842,74.8044281005859,8.50668765816893,0.142267660283458
536,-77.0249984655529,3.42499930597842,63.5795593261719,8.15658078579241,-0.182901627074529
537,-76.9749984648078,3.42499930597842,63.2893218994141,7.75983152127918,0.195627101541636
538,-76.9249984640628,3.42499930597842,46.9136047363281,7.29348931081326,-0.444138630907304
539,-76.8749984633177,3.42499930597842,38.0106658935547,6.94035286055488,-0.775073800078002
540,-76.8249984625727,3.42499930597842,41.375675201416,6.6465435078492,-0.214150858032495
541,-76.7749984618276,3.42499930597842,37.9584579467773,6.19568658947666,-0.0346430133625213
542,-76.7249984610826,3.42499930597842,36.9788703918457,5.61610368118416,0.464921757986915
543,-76.6749984603375,3.42499930597842,39.4863319396973,5.21300828185966,1.07080679655387
544,-76.6249984595924,3.42499930597842,41.7290534973145,5.14509965939102,1.31470323987103
545,-76.5749984588474,3.42499930597842,25.6516056060791,5.05353382227779,0.0112075932417735
546,-76.5249984581023,3.42499930597842,21.3834533691406,4.82282902694218,-0.198604403381964
547,-76.4749984573573,3.42499930597842,29.6099681854248,4.7059907922138,0.735513428626688
548,-76.4249984566122,3.42499930597842,30.768180847168,4.7810458541258,0.765861468623338
549,-76.3749984558672,3.42499930597842,25.6893119812012,4.85259540603217,0.215867080876576
550,-76.3249984551221,3.42499930597842,21.3233547210693,4.92222930205622,-0.304507491350276
551,-76.2749984543771,3.42499930597842,20.5349979400635,4.98559425756756,-0.454038460706678
552,-76.224998453632,3.42499930597842,30.1856594085693,5.22699212019967,0.267155621586071
553,-76.1749984528869,3.42499930597842,28.9459114074707,5.51523119561018,-0.135090732065506
554,-76.1249984521419,3.42499930597842,32.8391342163086,5.76508204568783,-0.0345380735758803
555,-76.0749984513968,3.42499930597842,37.6504249572754,5.97654682514226,0.159447385845505
556,-77.3749984707683,3.37499930523336,90.025749206543,9.85982481213208,-0.371634826336955
557,-77.3249984700232,3.37499930523336,93.3141555786133,9.59366127154757,0.0662639651513826
558,-77.2749984692782,3.37499930523336,83.2269973754883,9.3266309061017,-0.20374773379875
559,-77.2249984685331,3.37499930523336,75.3651733398438,9.05603012498733,-0.37471839577015
560,-77.1749984677881,3.37499930523336,76.2275009155273,8.80318030512115,-0.0723440957121446
561,-77.124998467043,3.37499930523336,80.3951187133789,8.54192354770444,0.424408964163439
562,-77.074998466298,3.37499930523336,67.9010543823242,8.20602877690549,0.0341808310064515
563,-77.0249984655529,3.37499930523336,58.2589683532715,7.79993375525227,-0.167177480270636
564,-76.9749984648078,3.37499930523336,55.7393074035645,7.45421554204565,0.0116606559343642
565,-76.9249984640628,3.37499930523336,54.5424156188965,7.00316497675548,0.382118742838267
566,-76.8749984633177,3.37499930523336,40.6076240539551,6.55456476935157,-0.182153604497633
567,-76.8249984625727,3.37499930523336,40.1989974975586,6.18834760195648,0.151920333829719
568,-76.7749984618276,3.37499930523336,35.9013175964355,5.72653141446563,0.26523940862461
569,-76.7249984610826,3.37499930523336,35.5749740600586,5.18714035793493,0.777335650907644
570,-76.6749984603375,3.37499930523336,43.7507972717285,4.85269487222494,1.76174367323971
571,-76.6249984595924,3.37499930523336,35.5916213989258,4.90157631580631,1.06429507058192
572,-76.5749984588474,3.37499930523336,41.1748313903809,4.85348429167727,1.56327746098122
573,-76.5249984581023,3.37499930523336,33.4431228637695,4.62543786116492,1.15756506670651
574,-76.4749984573573,3.37499930523336,34.0990562438965,4.51474695095392,1.32469276907886
575,-76.4249984566122,3.37499930523336,29.4269256591797,4.59428944093437,0.830369595279767
576,-76.3749984558672,3.37499930523336,25.1908206939697,4.67043627397853,0.348609521187092
577,-76.3249984551221,3.37499930523336,30.4999465942383,4.74490336023443,0.777772313226603
578,-76.2749984543771,3.37499930523336,30.8346977233887,4.8155910394129,0.73730889876253
579,-76.224998453632,3.37499930523336,20.5699214935303,5.07698346828301,-0.541575934937164
580,-76.1749984528869,3.37499930523336,29.7406921386719,5.32563366722861,0.127869073090853
581,-76.1249984521419,3.37499930523336,34.7475242614746,5.47294895468508,0.421754113449449
582,-76.0749984513968,3.37499930523336,38.01513671875,5.71628335153424,0.44935827920866
583,-77.4249984715133,3.3249993044883,86.1931076049805,9.81198581287318,-0.527961491223624
584,-77.3749984707683,3.3249993044883,87.4037322998047,9.55427193101252,-0.205275605213443
585,-77.3249984700232,3.3249993044883,90.5533218383789,9.29422846096143,0.221722455178217
586,-77.2749984692782,3.3249993044883,84.516960144043,9.02216333188929,0.171147287471017
587,-77.2249984685331,3.3249993044883,84.5660934448242,8.75635701167358,0.439625450511967
588,-77.1749984677881,3.3249993044883,76.442253112793,8.5095371911097,0.233588858124236
589,-77.124998467043,3.3249993044883,79.3999404907227,8.24011265073994,0.670551774022261
590,-77.074998466298,3.3249993044883,66.9934463500977,7.89409353094435,0.290858903254503
591,-77.0249984655529,3.3249993044883,55.5581130981445,7.3987987635211,0.0549327246762437
592,-76.9749984648078,3.3249993044883,55.0771408081055,7.05658782623314,0.364809670741774
593,-76.9249984640628,3.3249993044883,42.1159019470215,6.62800647997645,-0.138329912764379
594,-76.8749984633177,3.3249993044883,35.8449745178223,6.19978224493904,-0.212714973075267
595,-76.8249984625727,3.3249993044883,33.5907173156738,5.7279432534737,0.067806682097526
596,-76.7749984618276,3.3249993044883,30.3155841827393,5.25930445258294,0.246654517727248
597,-76.7249984610826,3.3249993044883,33.3652420043945,4.80547513360532,0.970790269264819
598,-76.6749984603375,3.3249993044883,43.0384140014648,4.69178588331755,1.86858102726488
599,-76.6249984595924,3.3249993044883,39.0565490722656,4.73556037390601,1.51396353374213
600,-76.5749984588474,3.3249993044883,34.3998489379883,4.64655094320551,1.21858749829681
601,-76.5249984581023,3.3249993044883,40.2225875854492,4.42177748149304,1.92035051985235
602,-76.4749984573573,3.3249993044883,35.7351722717285,4.32288995171889,1.65500033430414
603,-76.4249984566122,3.3249993044883,34.3203392028809,4.40818038135531,1.45017597541242
604,-76.3749984558672,3.3249993044883,38.2754402160645,4.48931709681989,1.69739771930542
605,-76.3249984551221,3.3249993044883,34.6532020568848,4.56837387546999,1.3183231659009
606,-76.2749984543771,3.3249993044883,34.3759231567383,4.6454447974401,1.21765362888179
607,-76.224998453632,3.3249993044883,41.4999694824219,4.91966500909046,1.52238198564824
608,-76.1749984528869,3.3249993044883,31.3194446563721,5.24118639503474,0.355191420693218
609,-76.1249984521419,3.3249993044883,32.5309104919434,5.41092745127915,0.292660059397208
610,-76.0749984513968,3.3249993044883,38.8117752075195,5.58196406832422,0.647945658752049
611,-77.4749984722584,3.27499930374324,84.9586944580078,9.75507834942963,-0.537774271880282
612,-77.4249984715133,3.27499930374324,80.5054244995117,9.50512383674351,-0.532642323833513
613,-77.3749984707683,3.27499930374324,82.0858688354492,9.24384157703175,-0.183716366227586
614,-77.3249984700232,3.27499930374324,84.364631652832,8.9856796667538,0.199342470009509
615,-77.2749984692782,3.27499930374324,83.7819671630859,8.73217414266272,0.421074852261753
616,-77.2249984685331,3.27499930374324,73.2004089355469,8.48170134656737,0.0740224063098149
617,-77.1749984677881,3.27499930374324,69.2924041748047,8.22409540832779,0.100110510245145
618,-77.124998467043,3.27499930374324,69.5193634033203,7.95126340170889,0.386563857434844
619,-77.074998466298,3.27499930374324,58.1672592163086,7.61780139461608,0.00894491139860559
620,-77.0249984655529,3.27499930374324,43.5560760498047,7.25866604097033,-0.658963316619426
621,-76.9749984648078,3.27499930374324,50.2156372070312,6.78826508043402,0.298034179901468
622,-76.9249984640628,3.27499930374324,31.7405624389648,6.40579085320272,-0.771914528773431
623,-76.8749984633177,3.27499930374324,32.4746208190918,6.08785465208822,-0.389203862726606
624,-76.8249984625727,3.27499930374324,30.2711925506592,5.63879429455312,-0.136868036354167
625,-76.7749984618276,3.27499930374324,26.7608261108398,5.11523743587749,0.0578492742830699
626,-76.7249984610826,3.27499930374324,31.3364505767822,4.77276388993137,0.825133088111567
627,-76.6749984603375,3.27499930374324,36.7515563964844,4.64765518228059,1.41465101226983
628,-76.6249984595924,3.27499930374324,40.8857460021973,4.617064766125,1.77713150879472
629,-76.5749984588474,3.27499930374324,37.6101608276367,4.49935831197676,1.63335404289826
630,-76.5249984581023,3.27499930374324,40.8632202148438,4.23639137069975,2.15604323708809
631,-76.4749984573573,3.27499930374324,37.5920333862305,4.13245995001715,1.99877429654614
632,-76.224998453632,3.27499930374324,32.7235946655273,4.72716012272391,0.993293938408596
633,-76.1749984528869,3.27499930374324,38.1824569702148,5.06023999347206,1.11895550191525
634,-76.1249984521419,3.27499930374324,40.0599479675293,5.21834991874685,1.11094293018417
635,-76.0749984513968,3.27499930374324,41.0943450927734,5.43826776253524,0.972219355677649
636,-77.5249984730035,3.22499930299818,80.8970489501953,9.51182800978788,-0.517549331083549
637,-77.4749984722584,3.22499930299818,89.7057800292969,9.44519578758815,0.0261177448262828
638,-77.3749984707683,3.22499930299818,87.2820587158203,8.93855372146707,0.403933030775097
639,-77.3249984700232,3.22499930299818,88.7913665771484,8.67693059085281,0.745986504036035
640,-77.2749984692782,3.22499930299818,75.2704162597656,8.43689651769873,0.238955962591926
641,-77.2249984685331,3.22499930299818,71.4514617919922,8.18721844138157,0.265678209589156
642,-77.1749984677881,3.22499930299818,66.2100067138672,7.92750425951345,0.209448899616027
643,-77.124998467043,3.22499930299818,59.8446846008301,7.66182509123209,0.0741095388452666
644,-77.074998466298,3.22499930299818,52.0284881591797,7.28283622676918,-0.0697586478726605
645,-77.0249984655529,3.22499930299818,42.0777473449707,6.83280954676071,-0.346073283818404
646,-76.9749984648078,3.22499930299818,46.756477355957,6.51064756973591,0.327223250626013
647,-76.9249984640628,3.22499930299818,33.6944808959961,6.2732528106796,-0.468558081755773
648,-76.8749984633177,3.22499930299818,28.622142791748,6.01784902827078,-0.667882412323718
649,-76.8249984625727,3.22499930299818,29.1035423278809,5.46315365501768,-0.0683837500188754
650,-76.7749984618276,3.22499930299818,31.2630443572998,4.96722688331757,0.624109661489929
651,-76.7249984610826,3.22499930299818,38.1044425964355,4.72729557278849,1.44558403047898
652,-76.6749984603375,3.22499930299818,38.1537818908691,4.64479196792863,1.53208279936827
653,-76.6249984595924,3.22499930299818,37.5181884765625,4.51870585010073,1.60650340971746
654,-76.5749984588474,3.22499930299818,34.6871490478516,4.31560708579963,1.57397261464179
655,-76.5249984581023,3.22499930299818,40.1716079711914,4.03833220635881,2.2997753953778
656,-76.4749984573573,3.22499930299818,42.5601234436035,3.94096839252183,2.58284364060753
657,-76.1249984521419,3.22499930299818,43.9197387695312,4.99739294383803,1.6298039575322
658,-76.0749984513968,3.22499930299818,43.2468032836914,5.27089845385367,1.30533171879778
659,-77.3749984707683,3.17499930225313,89.9794845581055,8.63833151678814,0.847420143365388
660,-77.3249984700232,3.17499930225313,90.0232238769531,8.3881390280346,1.09991787930702
661,-77.2749984692782,3.17499930225313,73.1831207275391,8.14113301420326,0.413580349056727
662,-77.2249984685331,3.17499930225313,67.800666809082,7.88774665436201,0.346369376462552
663,-77.1749984677881,3.17499930225313,62.7416877746582,7.63616109332778,0.284803985162223
664,-77.124998467043,3.17499930225313,52.9622230529785,7.37507029406084,-0.0975553986464341
665,-77.0249984655529,3.17499930225313,41.3160171508789,6.66077563742394,-0.23302197452748
666,-76.9749984648078,3.17499930225313,42.3804550170898,6.35671854807495,0.153308718925542
667,-76.9249984640628,3.17499930225313,32.1148071289062,6.15665362923473,-0.489660852734457
668,-76.8749984633177,3.17499930225313,31.1795272827148,5.75471800611123,-0.170854891500092
669,-76.8249984625727,3.17499930225313,29.3937168121338,5.22749001894108,0.194107237599998
670,-76.7749984618276,3.17499930225313,26.6307601928711,4.8106125764903,0.349887417974494
671,-76.7249984610826,3.17499930225313,34.4330177307129,4.67634202581669,1.19162335672544
672,-76.6749984603375,3.17499930225313,37.9107933044434,4.53654564047878,1.62062849255037
673,-76.6249984595924,3.17499930225313,37.8245544433594,4.32889439792686,1.82127262772044
674,-76.5749984588474,3.17499930225313,37.0023727416992,4.11127295142,1.97168461391771
675,-76.5249984581023,3.17499930225313,43.6347198486328,3.84032929413729,2.76532887508649
676,-77.2249984685331,3.12499930150807,74.5314788818359,7.60146819900414,1.03169338189054
677,-76.9749984648078,3.12499930150807,38.2581481933594,6.22062192878085,-0.0353047830429376
678,-76.9249984640628,3.12499930150807,33.859733581543,5.97994642757807,-0.161034709606833
679,-76.8749984633177,3.12499930150807,24.0009899139404,5.55882217110084,-0.659741653907795
680,-76.8249984625727,3.12499930150807,23.9775505065918,4.99070395804121,-0.0940162503563698
681,-76.7749984618276,3.12499930150807,26.4162425994873,4.64979756760046,0.489875826642344
682,-76.7249984610826,3.12499930150807,35.7253799438477,4.58180602737197,1.39526515706675
683,-76.6749984603375,3.12499930150807,33.098258972168,4.36915520900282,1.38395342652354
684,-76.6249984595924,3.12499930150807,36.5456352233887,4.16134151086015,1.88395709412114
685,-76.5249984581023,3.12499930150807,43.1290168762207,3.64174813771374,2.92552046317512
686,-76.8749984633177,3.07499930076301,22.4656867980957,5.24781047952657,-0.508012298369936
