"id_celda","celda_raster","x","y","precipitacion_mm","temperatura_vecino_c","temperatura_bilineal_c","radiacion_vecino_mj_m2_dia","radiacion_bilineal_mj_m2_dia","altitud_m"
686,1420,-76.8749984633177,3.07499930076301,60.951069491987,21.2194797511284,21.4349241738136,15.1365230278327,14.901113652266,1218.8056640625
676,1376,-77.2249984685331,3.12499930150807,114.755703289921,25.3431043670728,23.8025007843971,15.0256902323319,14.84107955144,103.631950378418
677,1381,-76.9749984648078,3.12499930150807,79.0675971026604,21.2194797511284,22.21397877198,15.1365230278327,14.9002506973652,606.530883789062
678,1382,-76.9249984640628,3.12499930150807,67.0963245601608,21.2194797511284,21.8962743603266,15.1365230278327,14.9120849267795,615.463073730469
679,1383,-76.8749984633177,3.12499930150807,57.5844848815065,21.2194797511284,21.578564870816,15.1365230278327,14.9239191653637,1090.28063964844
680,1384,-76.8249984625727,3.12499930150807,54.4164265377017,21.2194797511284,21.0956462071492,15.1365230278327,14.9357534039479,1833.25561523438
681,1385,-76.7749984618276,3.12499930150807,48.1967916835386,21.2194797511284,20.6127274976327,15.1365230278327,14.9475876150223,1989.61437988281
682,1386,-76.7249984610826,3.12499930150807,48.3463434876444,21.2194797511284,20.1298088431358,15.1365230278327,14.9594218799701,1441.38708496094
683,1387,-76.6749984603375,3.12499930150807,44.4863784755938,21.2194797511284,19.6468901634216,15.1365230278327,14.9712561013607,1266.634765625
684,1388,-76.6249984595924,3.12499930150807,42.073891410819,21.2194797511284,19.1639714997548,15.1365230278327,14.9830903238975,1079.39135742188
685,1390,-76.5249984581023,3.12499930150807,39.338979445971,15.2818818642543,18.1981341506426,15.1365230278327,15.0067587815798,973.311462402344
659,1336,-77.3749984707683,3.17499930225313,125.26277207182,25.3431043670728,24.8505123097163,15.0256902323319,14.8367724968837,45.9602584838867
660,1337,-77.3249984700232,3.17499930225313,118.385571753749,25.3431043670728,24.5376821939762,15.0256902323319,14.8477676946383,68.7179946899414
661,1338,-77.2749984692782,3.17499930225313,111.110182458392,25.3431043670728,24.2248520278014,15.0256902323319,14.8587629153178,83.2518539428711
662,1339,-77.2249984685331,3.17499930225313,112.866393375282,25.3431043670728,23.9120219051838,15.0256902323319,14.8697581566297,114.255386352539
663,1340,-77.1749984677881,3.17499930225313,104.575031635566,21.2194797511284,23.5991917435939,15.0256902323319,14.8807533738705,140.60969543457
664,1341,-77.124998467043,3.17499930225313,97.4221081934296,21.2194797511284,23.2863616163914,15.0256902323319,14.8917485819413,191.504211425781
665,1343,-77.0249984655529,3.17499930225313,74.0398774427863,21.2194797511284,22.6607013298915,15.0256902323319,14.9137390233003,789.271606445312
666,1344,-76.9749984648078,3.17499930225313,77.1502523107024,21.2194797511284,22.3478712118589,15.1365230278327,14.9247342577347,951.094604492188
667,1345,-76.9249984640628,3.17499930225313,64.6747397470933,21.2194797511284,22.0350410709014,15.1365230278327,14.9357294761218,844.435180664062
668,1346,-76.8749984633177,3.17499930225313,54.8376967181953,21.2194797511284,21.7222055746959,15.1365230278327,14.946724704825,1258.95385742188
669,1347,-76.8249984625727,3.17499930225313,52.7255929127479,21.2194797511284,21.2361225096079,15.1365230278327,14.9577199048721,1872.87890625
670,1348,-76.7749984618276,3.17499930225313,47.0131169443305,21.2194797511284,20.7500395385119,15.1365230278327,14.968715146184,2201.90576171875
671,1349,-76.7249984610826,3.17499930225313,47.6014854280421,21.2194797511284,20.2639564848863,15.1365230278327,14.9797103473773,1801.310546875
672,1350,-76.6749984603375,3.17499930225313,44.1384267857155,21.2194797511284,19.7778734243833,15.1365230278327,14.9907055841042,1414.98168945312
673,1351,-76.6249984595924,3.17499930225313,41.3334007347719,21.2194797511284,19.2917903432479,15.1365230278327,15.00170080593,1203.83752441406
674,1352,-76.5749984588474,3.17499930225313,38.6629462490002,21.2194797511284,18.805707353812,15.1365230278327,15.0126960071234,1018.42047119141
675,1353,-76.5249984581023,3.17499930225313,38.1697152699702,15.2818818642543,18.3196243460362,15.1365230278327,15.0236912438503,970.681884765625
636,1296,-77.5249984730035,3.22499930299818,133.983028876094,25.3431043670728,25.7153098239348,15.0256902323319,14.8425772854915,10.0182275772095
637,1297,-77.4749984722584,3.22499930299818,132.614487816508,25.3431043670728,25.5613224460528,15.0256902323319,14.847655698657,12.6908264160156
638,1299,-77.3749984707683,3.22499930299818,125.541785604106,25.3431043670728,24.9454106986523,15.0256902323319,14.8679680984754,52.8435401916504
639,1300,-77.3249984700232,3.22499930299818,118.038690133164,25.3431043670728,24.637454787126,15.0256902323319,14.8781243253213,94.3567123413086
640,1301,-77.2749984692782,3.22499930299818,109.790134919377,25.3431043670728,24.3294989397893,15.0256902323319,14.8882805429972,80.1293792724609
641,1302,-77.2249984685331,3.22499930299818,112.142609929236,25.3431043670728,24.0215430099231,15.0256902323319,14.8984367331633,90.8140335083008
642,1303,-77.1749984677881,3.22499930299818,103.201721150141,21.2194797511284,23.7135871740488,15.0256902323319,14.9085929623017,127.398765563965
643,1304,-77.124998467043,3.22499930299818,95.7081514172829,21.2194797511284,23.4056312716924,15.0256902323319,14.9187491570528,179.380813598633
644,1305,-77.074998466298,3.22499930299818,83.7432325760333,21.2194797511284,23.0976753899684,15.0256902323319,14.928905375875,523.903686523438
645,1306,-77.0249984655529,3.22499930299818,71.3407364522035,21.2194797511284,22.7897195174144,15.0256902323319,14.9390616061596,1051.82604980469
646,1307,-76.9749984648078,3.22499930299818,74.1216125505475,21.2194797511284,22.4817636311054,15.1365230278327,14.9492177871557,1249.63293457031
647,1308,-76.9249984640628,3.22499930299818,62.6576165599892,21.2194797511284,22.1738077149941,15.1365230278327,14.9593739991005,1228.59436035156
648,1309,-76.8749984633177,3.22499930299818,53.931158309086,21.2194797511284,21.8658462900382,15.1365230278327,14.9695302144839,1254.04504394531
649,1310,-76.8249984625727,3.22499930299818,50.8185730248761,21.2194797511284,21.3765988831337,15.1365230278327,14.9796864229899,1915.40002441406
650,1311,-76.7749984618276,3.22499930299818,46.1782762144621,21.2194797511284,20.8873514555968,15.1365230278327,14.9898426418121,2425.02880859375
651,1312,-76.7249984610826,3.22499930299818,47.4451742640768,21.2194797511284,20.3981041472692,15.1365230278327,14.9999988434406,2273.73974609375
652,1313,-76.6749984603375,3.22499930299818,44.0781965940618,21.2194797511284,19.9088567174398,15.1365230278327,15.0101550381917,1716.0107421875
653,1314,-76.6249984595924,3.22499930299818,40.7339141894705,21.2194797511284,19.4196093449226,15.1365230278327,15.0203112627451,1270.81750488281
654,1315,-76.5749984588474,3.22499930299818,37.5781654974876,21.2194797511284,18.9303619082157,15.1365230278327,15.0304674872985,1024.43579101562
655,1316,-76.5249984581023,3.22499930299818,36.0069442725239,15.2818818642543,18.4411145746708,15.1365230278327,15.0406236809034,969.558715820312
656,1317,-76.4749984573573,3.22499930299818,35.0591235533357,15.2818818642543,17.9518672067385,15.1365230278327,15.0740443043984,960.66845703125
657,1324,-76.1249984521419,3.22499930299818,32.1194736560663,15.2818818642543,16.5118570075585,15.1365230278327,15.4708192142156,3007.64990234375
658,1325,-76.0749984513968,3.22499930299818,33.1418839199468,15.2818818642543,16.8164884001017,15.1365230278327,15.5275013561432,3761.01391601562
611,1260,-77.4749984722584,3.27499930374324,132.817902288758,26.1702300722782,25.6464723050594,15.0256902323319,14.8805293486669,16.1504573822021
612,1261,-77.4249984715133,3.27499930374324,131.051554122796,26.1702300722782,25.3433906367192,15.0256902323319,14.8898465564618,16.776762008667
613,1262,-77.3749984707683,3.27499930374324,124.334370035965,26.1702300722782,25.0403090738333,15.0256902323319,14.899163751648,46.6648941040039
614,1263,-77.3249984700232,3.27499930374324,117.11071802733,26.1702300722782,24.7372274009081,15.0256902323319,14.9084809388106,68.4806976318359
615,1264,-77.2749984692782,3.27499930374324,109.649976066099,26.1702300722782,24.4341458128049,15.0256902323319,14.917798148898,78.2776718139648
616,1265,-77.2249984685331,3.27499930374324,110.769782721137,26.1702300722782,24.1310641444646,15.0256902323319,14.927115333768,80.242057800293
617,1266,-77.1749984677881,3.27499930374324,102.269295051694,22.6558877069216,23.8279825311441,15.0256902323319,14.9364325507329,100.638824462891
618,1267,-77.124998467043,3.27499930374324,95.0728380416448,22.6558877069216,23.5249009407484,15.0256902323319,14.945749731018,160.329238891602
619,1268,-77.074998466298,3.27499930374324,83.5173382022633,22.6558877069216,23.221819290748,15.0256902323319,14.9550669468366,376.554351806641
620,1269,-77.0249984655529,3.27499930374324,69.9841367298594,22.6558877069216,22.9187376728425,15.0256902323319,14.9643841271217,659.058959960938
621,1270,-76.9749984648078,3.27499930374324,71.5095112647575,22.6558877069216,22.6156560618144,15.1365230278327,14.9737013406478,1228.84057617188
622,1271,-76.9249984640628,3.27499930374324,61.9980767346345,22.6558877069216,22.3125744232765,15.1365230278327,14.9830185415653,1571.60046386719
623,1272,-76.8749984633177,3.27499930374324,54.2870949032501,22.6558877069216,22.0094869778706,15.1365230278327,14.9923357275816,1747.73608398438
624,1273,-76.8249984625727,3.27499930374324,50.4595956736459,22.6558877069216,21.5170752727068,15.1365230278327,15.0016529284991,2112.88305664062
625,1274,-76.7749984618276,3.27499930374324,44.9364804820373,22.6558877069216,21.0246635148158,15.1365230278327,15.0109701534876,2670.37817382812
626,1275,-76.7249984610826,3.27499930374324,45.5256651182516,22.6558877069216,20.5322517523399,15.1365230278327,15.0202873440889,2760.34399414062
627,1276,-76.6749984603375,3.27499930374324,43.3012130995496,22.6558877069216,20.0398400150813,15.1365230278327,15.0296045129116,2289.12963867188
628,1277,-76.6249984595924,3.27499930374324,39.643518416211,22.6558877069216,19.5474282869926,15.1365230278327,15.038921722999,1573.88928222656
629,1278,-76.5749984588474,3.27499930374324,35.6141943159298,22.6558877069216,19.0550165222241,15.1365230278327,15.0482389204777,1083.57763671875
630,1279,-76.5249984581023,3.27499930374324,33.4992065856663,16.3227455421136,18.5626048147678,15.1365230278327,15.0575561271264,968.276794433594
631,1280,-76.4749984573573,3.27499930374324,31.7534608343759,16.3227455421136,18.0701930373907,15.1365230278327,15.0916419877456,957.891784667969
632,1285,-76.224998453632,3.27499930374324,29.2875270566258,16.3227455421136,15.9984533511675,15.1365230278327,15.3858993030511,1201.0625
633,1286,-76.1749984528869,3.27499930374324,29.498343236028,16.3227455421136,16.2866313342865,15.1365230278327,15.4447507904126,1767.70764160156
634,1287,-76.1249984521419,3.27499930374324,31.0612711665006,16.3227455421136,16.5748093231366,15.1365230278327,15.503602253703,2786.06616210938
635,1288,-76.0749984513968,3.27499930374324,32.7628529548932,16.3227455421136,16.8629873142793,15.1365230278327,15.5624537261633,3644.865234375
583,1224,-77.4249984715133,3.3249993044883,129.786817234869,26.1702300722782,25.4334147526668,15.0256902323319,14.9218811782507,17.2762908935547
584,1225,-77.3749984707683,3.3249993044883,122.47374833146,26.1702300722782,25.1352074581843,15.0256902323319,14.9303593841883,27.1932239532471
585,1226,-77.3249984700232,3.3249993044883,115.011231003472,26.1702300722782,24.8370000490775,15.0256902323319,14.9388375511536,43.1082382202148
586,1227,-77.2749984692782,3.3249993044883,108.370647606941,26.1702300722782,24.5387926972829,15.0256902323319,14.94731575136,90.0765914916992
587,1228,-77.2249984685331,3.3249993044883,109.651413946198,26.1702300722782,24.2405853248559,15.0256902323319,14.9557939194716,120.872703552246
588,1229,-77.1749984677881,3.3249993044883,101.243317609223,22.6558877069216,23.9423779249191,15.0256902323319,14.9642721173855,102.661003112793
589,1230,-77.124998467043,3.3249993044883,93.8105682587394,22.6558877069216,23.6441705685395,15.0256902323319,14.9727503107144,142.798477172852
590,1231,-77.074998466298,3.3249993044883,82.5767108522929,22.6558877069216,23.3459632304999,15.0256902323319,14.9812285109208,380.697998046875
591,1232,-77.0249984655529,3.3249993044883,68.9575328534612,22.6558877069216,23.0477558466104,15.0256902323319,14.9897066927873,1003.97448730469
592,1233,-76.9749984648078,3.3249993044883,69.925710628239,22.6558877069216,22.7495484764759,15.1365230278327,14.9981848780925,1232.02868652344
593,1234,-76.9249984640628,3.3249993044883,60.819316014934,22.6558877069216,22.4513411017565,15.1365230278327,15.0066630714215,1683.08374023438
594,1235,-76.8749984633177,3.3249993044883,53.973310937102,22.6558877069216,22.1531276725806,15.1365230278327,15.0151412567267,2133.19482421875
595,1236,-76.8249984625727,3.3249993044883,50.9847648470448,22.6558877069216,21.6575515705806,15.1365230278327,15.023619437447,2533.68286132812
596,1237,-76.7749984618276,3.3249993044883,44.9974139052658,22.6558877069216,21.1619754685805,15.1365230278327,15.0320976433846,2925.89526367188
597,1238,-76.7249984610826,3.3249993044883,45.5502039217748,22.6558877069216,20.6663994078453,15.1365230278327,15.0405758229586,3279.88671875
598,1239,-76.6749984603375,3.3249993044883,44.2446412530083,22.6558877069216,20.1708233173077,15.1365230278327,15.0490539933626,2755.703125
599,1240,-76.6249984595924,3.3249993044883,41.0706935140949,22.6558877069216,19.6752472130152,15.1365230278327,15.0575322142014,1824.98937988281
600,1241,-76.5749984588474,3.3249993044883,36.7518115803026,22.6558877069216,19.1796711316475,15.1365230278327,15.0660103834592,1237.10485839844
601,1242,-76.5249984581023,3.3249993044883,32.6804943328293,16.3227455421136,18.6840950204776,15.1365230278327,15.0744885676182,999.716430664062
602,1243,-76.4749984573573,3.3249993044883,30.1618911246411,16.3227455421136,18.1885189001377,15.1365230278327,15.1092396848477,957.852966308594
603,1244,-76.4249984566122,3.3249993044883,27.8583088143227,16.3227455421136,17.6929428015764,15.1365230278327,15.1702604878407,960.943176269531
604,1245,-76.3749984558672,3.3249993044883,27.1160107467753,16.3227455421136,17.1973667087463,15.1365230278327,15.2312812816638,974.757263183594
605,1246,-76.3249984551221,3.3249993044883,28.6464173480725,16.3227455421136,16.7017906250862,15.1365230278327,15.2923020869493,993.938415527344
606,1247,-76.2749984543771,3.3249993044883,30.5376533097946,16.3227455421136,16.2062145437186,15.1365230278327,15.3533228773337,1018.24938964844
607,1248,-76.224998453632,3.3249993044883,30.466666009492,16.3227455421136,16.094312490179,15.1365230278327,15.414343686058,1118.78332519531
608,1249,-76.1749984528869,3.3249993044883,29.8203372671627,16.3227455421136,16.3660370386564,15.1365230278327,15.4753644810273,1682.33666992188
609,1250,-76.1249984521419,3.3249993044883,30.0066844563072,16.3227455421136,16.6377616524696,15.1365230278327,15.5363852817279,2637.75122070312
610,1251,-76.0749984513968,3.3249993044883,32.2411231816916,16.3227455421136,16.9094862066782,15.1365230278327,15.5974060686735,3589.83447265625
556,1188,-77.3749984707683,3.37499930523336,122.581226677276,26.1702300722782,25.2301057783457,15.0256902323319,14.9615550132898,20.3139991760254
557,1189,-77.3249984700232,3.37499930523336,115.477384464099,26.1702300722782,24.9367727178794,15.0256902323319,14.9691941497418,41.2873725891113
558,1190,-77.2749984692782,3.37499930523336,107.89704752083,26.1702300722782,24.6434395794685,15.0256902323319,14.9768333561145,64.4851531982422
559,1191,-77.2249984685331,3.37499930523336,108.930093867274,26.1702300722782,24.3501064341802,15.0256902323319,14.9844725384162,96.9115753173828
560,1192,-77.1749984677881,3.37499930523336,100.43835797562,22.6558877069216,24.056773350789,15.0256902323319,14.9921117000855,83.5121688842773
561,1193,-77.124998467043,3.37499930523336,93.06573338692,22.6558877069216,23.763440239888,15.0256902323319,14.9997508812409,91.8039016723633
562,1194,-77.074998466298,3.37499930523336,81.5442199420471,22.6558877069216,23.4701071496193,15.0256902323319,15.00739007959,292.806304931641
563,1195,-77.0249984655529,3.37499930523336,68.4926633387804,22.6558877069216,23.1767740226709,15.0256902323319,15.015029249283,675.032287597656
564,1196,-76.9749984648078,3.37499930523336,69.3729687946347,22.6558877069216,22.8834409484496,15.1365230278327,15.0226684636795,901.396423339844
565,1197,-76.9249984640628,3.37499930523336,61.3049876922025,22.6558877069216,22.5901078558885,15.1365230278327,15.0303075932539,1399.70300292969
566,1198,-76.8749984633177,3.37499930523336,53.9420154662086,22.6558877069216,22.2967683925078,15.1365230278327,15.0379467698244,1891.66418457031
567,1199,-76.8249984625727,3.37499930523336,51.0676657998791,22.6558877069216,21.7980279601537,15.1365230278327,15.0455859498336,1995.97827148438
568,1200,-76.7749984618276,3.37499930523336,45.1084564024439,22.6558877069216,21.2992874704874,15.1365230278327,15.0532251218191,2347.10571289062
569,1201,-76.7249984610826,3.37499930523336,45.6035000833754,22.6558877069216,20.8005470427183,15.1365230278327,15.060864305267,2898.4990234375
570,1202,-76.6749984603375,3.37499930523336,45.1983130293397,22.6558877069216,20.3018065759769,15.1365230278327,15.0685034829837,2920.78637695312
571,1203,-76.6249984595924,3.37499930523336,43.2005131488236,22.6558877069216,19.8030661688401,15.1365230278327,15.0761426595541,1953.40356445312
572,1204,-76.5749984588474,3.37499930523336,37.8568463132072,22.6558877069216,19.3043256791738,15.1365230278327,15.083781847587,1236.39611816406
573,1205,-76.5249984581023,3.37499930523336,31.4477540786163,16.3227455421136,18.8055852651596,15.1365230278327,15.0914210321812,983.987060546875
574,1206,-76.4749984573573,3.37499930523336,27.3119660084351,16.3227455421136,18.3068448007107,15.1365230278327,15.1268373819498,954.1328125
575,1207,-76.4249984566122,3.37499930523336,25.0573829042797,16.3227455421136,17.8081043202143,15.1365230278327,15.1900275395467,958.639892578125
576,1208,-76.3749984558672,3.37499930523336,24.2870088292716,16.3227455421136,17.3093638786903,15.1365230278327,15.2532176386852,971.900207519531
577,1209,-76.3249984551221,3.37499930523336,26.1521226668444,16.3227455421136,16.8106234027789,15.1365230278327,15.3164077859658,989.5107421875
578,1210,-76.2749984543771,3.37499930523336,27.8772332393206,16.3227455421136,16.3118829956421,15.1365230278327,15.3795979378315,1016.87878417969
579,1211,-76.224998453632,3.37499930523336,28.4454978997461,16.3227455421136,16.1901716521153,15.1365230278327,15.4427880518712,1127.34692382812
580,1212,-76.1749984528869,3.37499930523336,28.6071263101812,16.3227455421136,16.445442798046,15.1365230278327,15.5059781853969,1846.11926269531
581,1213,-76.1249984521419,3.37499930523336,29.3671951600565,16.3227455421136,16.7007139462691,15.1365230278327,15.5691682879741,2826.5029296875
582,1214,-76.0749984513968,3.37499930523336,31.7438796298363,16.3227455421136,16.9559850440576,15.1365230278327,15.632358440986,3559.00219726562
529,1151,-77.3749984707683,3.42499930597842,122.584998918267,26.1702300722782,25.3250041581117,15.0256902323319,14.9927506492688,14.0463418960571
530,1152,-77.3249984700232,3.42499930597842,115.446732217876,26.1702300722782,25.0365453201991,15.0256902323319,14.999550810227,22.7166137695312
531,1153,-77.2749984692782,3.42499930597842,108.40924056906,26.1702300722782,24.7480864456067,15.0256902323319,15.0063509769165,45.7262382507324
532,1154,-77.2249984685331,3.42499930597842,109.09458052195,26.1702300722782,24.4596275801842,15.0256902323319,15.0131511447521,86.599739074707
533,1155,-77.1749984677881,3.42499930597842,99.623874873496,22.6558877069216,24.171168758319,15.0256902323319,15.0199513114416,64.3859710693359
534,1156,-77.124998467043,3.42499930597842,92.6475220511739,22.6558877069216,23.8827099158214,15.0256902323319,15.0267514666686,71.2607345581055
535,1157,-77.074998466298,3.42499930597842,81.6824267263023,22.6558877069216,23.5942510435214,15.0256902323319,15.0335516436742,234.027435302734
536,1158,-77.0249984655529,3.42499930597842,68.5031213811957,22.6558877069216,23.3057921643441,15.0256902323319,15.0403518149486,460.963500976562
537,1159,-76.9749984648078,3.42499930597842,68.3335657251569,22.6558877069216,23.0173333447713,15.1365230278327,15.047151943812,808.31884765625
538,1160,-76.9249984640628,3.42499930597842,58.603241709849,22.6558877069216,22.7288744839338,15.1365230278327,15.0539521448887,1335.34338378906
539,1161,-76.8749984633177,3.42499930597842,51.0669364860425,22.6558877069216,22.4404091055577,15.1365230278327,15.0607523081394,1570.08190917969
540,1162,-76.8249984625727,3.42499930597842,49.0228202471939,22.6558877069216,21.9385043015847,15.1365230278327,15.0675524507578,1463.97534179688
541,1163,-76.7749984618276,3.42499930597842,43.3033924197348,22.6558877069216,21.4365994884418,15.1365230278327,15.0743526334946,1763.32446289062
542,1164,-76.7249984610826,3.42499930597842,43.7078824587739,22.6558877069216,20.9346946890538,15.1365230278327,15.0811527864291,2395.0126953125
543,1165,-76.6749984603375,3.42499930597842,43.5023405441585,22.6558877069216,20.4327898644484,15.1365230278327,15.0879529680197,2571.05322265625
544,1166,-76.6249984595924,3.42499930597842,45.3106194413625,22.6558877069216,19.9308850673529,15.1365230278327,15.094753119808,1881.70971679688
545,1167,-76.5749984588474,3.42499930597842,39.0024843915151,22.6558877069216,19.4289802519175,15.1365230278327,15.1015533185922,1253.45971679688
546,1168,-76.5249984581023,3.42499930597842,28.4346581350009,16.3227455421136,18.9270754594069,15.1365230278327,15.1083534531868,984.429748535156
547,1169,-76.4749984573573,3.42499930597842,22.3034932258037,16.3227455421136,18.4251706348016,15.1365230278327,15.1444351042692,951.992858886719
548,1170,-76.4249984566122,3.42499930597842,22.6324995152939,16.3227455421136,17.9232658503147,15.1365230278327,15.2097945671815,954.662475585938
549,1171,-76.3749984558672,3.42499930597842,21.1511716607672,16.3227455421136,17.4213610325868,15.1365230278327,15.2751539968527,966.371765136719
550,1172,-76.3249984551221,3.42499930597842,24.5361431474583,16.3227455421136,16.9194562595624,15.1365230278327,15.3405134838361,983.023986816406
551,1173,-76.2749984543771,3.42499930597842,25.4329149678636,16.3227455421136,16.417551406301,15.1365230278327,15.4058729696732,1015.86108398438
552,1174,-76.224998453632,3.42499930597842,25.0675088617091,16.3227455421136,16.2860307704944,15.1365230278327,15.4712324153918,1154.78125
553,1175,-76.1749984528869,3.42499930597842,26.6348158227495,16.3227455421136,16.5248485035621,15.1365230278327,15.5365918691342,1738.416015625
554,1176,-76.1249984521419,3.42499930597842,28.1730144278934,16.3227455421136,16.7636662377761,15.1365230278327,15.6019513423626,2421.17333984375
555,1177,-76.0749984513968,3.42499930597842,31.3942636464221,16.3227455421136,17.0024839972074,15.1365230278327,15.6673108098599,3203.0234375
502,1115,-77.3249984700232,3.47499930672347,115.236792605084,26.1702300722782,25.1363179637836,15.0256902323319,15.0299074443487,18.8155994415283
503,1116,-77.2749984692782,3.47499930672347,108.292008172434,26.1702300722782,24.8527333507171,15.0256902323319,15.035868577086,33.4105911254883
504,1117,-77.2249984685331,3.47499930672347,109.94661949403,26.1702300722782,24.5691487330657,15.0256902323319,15.0418297430644,51.3187103271484
505,1118,-77.1749984677881,3.47499930672347,99.8375280264478,22.6558877069216,24.2855641498015,15.0256902323319,15.0477908884103,52.6558036804199
506,1119,-77.124998467043,3.47499930672347,93.1759826131165,22.6558877069216,24.00197955049,15.0256902323319,15.0537520486575,77.1768417358398
507,1120,-77.074998466298,3.47499930672347,81.9072157531404,22.6558877069216,23.7183949603484,15.0256902323319,15.059713191711,192.82975769043
508,1121,-77.0249984655529,3.47499930672347,68.8598145057376,22.6558877069216,23.4348103679143,15.0256902323319,15.0656743519581,465.142120361328
509,1122,-76.9749984648078,3.47499930672347,69.3324156013819,22.6558877069216,23.1512257708953,15.1365230278327,15.0716354973041,665.512451171875
510,1123,-76.9249984640628,3.47499930672347,59.5270295785024,22.6558877069216,22.8676411830462,15.1365230278327,15.0775966827686,1030.67517089844
511,1124,-76.8749984633177,3.47499930672347,51.2013918920778,22.6558877069216,22.5840497796352,15.1365230278327,15.0835578338458,1202.16638183594
512,1125,-76.8249984625727,3.47499930672347,47.8504967402953,22.6558877069216,22.0789806361382,15.1365230278327,15.0895189780455,1252.81640625
513,1126,-76.7749984618276,3.47499930672347,41.7336975379059,22.6558877069216,21.5739114513764,15.1365230278327,15.0954801325615,1725.45666503906
514,1127,-76.7249984610826,3.47499930672347,41.6834004073619,22.6558877069216,21.0688423353892,15.1365230278327,15.1014412779074,2002.93566894531
515,1128,-76.6749984603375,3.47499930672347,40.8979753816787,22.6558877069216,20.5637731414575,15.1365230278327,15.1074024473245,2031.27136230469
516,1129,-76.6249984595924,3.47499930672347,33.684015593993,22.6558877069216,20.0587040025454,15.1365230278327,15.1133635915243,1789.14611816406
517,1130,-76.5749984588474,3.47499930672347,31.5300427612204,22.6558877069216,19.5536348338311,15.1365230278327,15.1193247586489,1410.84558105469
518,1131,-76.5249984581023,3.47499930672347,25.0017611391556,16.3227455421136,19.0485656559467,15.1365230278327,15.1252859062873,1063.49499511719
519,1132,-76.4749984573573,3.47499930672347,22.5281769095992,16.3227455421136,18.5434964918173,15.1365230278327,15.1620327773002,951.651184082031
520,1133,-76.4249984566122,3.47499930672347,21.9580121829819,16.3227455421136,18.0384273437353,15.1365230278327,15.2295615890851,951.803405761719
521,1134,-76.3749984558672,3.47499930672347,24.6938628118772,16.3227455421136,17.5333581876296,15.1365230278327,15.297090367629,962.728698730469
522,1135,-76.3249984551221,3.47499930672347,24.3338917026726,16.3227455421136,17.0282889959904,15.1365230278327,15.3646191771214,978.887817382812
523,1136,-76.2749984543771,3.47499930672347,24.1592766085926,16.3227455421136,16.5232198777107,15.1365230278327,15.4321479694201,1008.08697509766
524,1137,-76.224998453632,3.47499930672347,24.000407692833,16.3227455421136,16.3818899278457,15.1365230278327,15.4996767640114,1197.71923828125
525,1138,-76.1749984528869,3.47499930672347,25.7474425935115,16.3227455421136,16.6042542400268,15.1365230278327,15.567205579235,1941.87316894531
526,1139,-76.1249984521419,3.47499930672347,28.1975279022008,16.3227455421136,16.8266185499155,15.1365230278327,15.6347344059211,2649.87182617188
527,1140,-76.0749984513968,3.47499930672347,30.8876820688064,16.3227455421136,17.0489828322942,15.1365230278327,15.7022631684175,3530.49462890625
528,1141,-76.0249984506518,3.47499930672347,33.4682178664953,16.3227455421136,17.2713471410366,15.1365230278327,15.7697919458151,3787.95874023438
475,1078,-77.3249984700232,3.52499930746853,112.47394991838,26.1702300722782,25.2216339890773,15.0256902323319,15.0290758449298,10.4228353500366
476,1079,-77.2749984692782,3.52499930746853,105.202323844227,26.1702300722782,24.94383381651,15.0256902323319,15.0351339143056,20.7280311584473
477,1080,-77.2249984685331,3.52499930746853,108.062237312587,26.1702300722782,24.6660337012548,15.0256902323319,15.0411919630491,39.6812057495117
478,1081,-77.1749984677881,3.52499930746853,98.6944066008123,22.6558877069216,24.3882335607822,15.0256902323319,15.047250023255,67.1327896118164
479,1082,-77.124998467043,3.52499930746853,91.8506344912144,22.6558877069216,24.110433440942,15.0256902323319,15.0533080674135,86.6690444946289
480,1083,-77.074998466298,3.52499930746853,80.7110028762657,22.6558877069216,23.8326332821296,15.0256902323319,15.0593661413743,165.392303466797
481,1084,-77.0249984655529,3.52499930746853,68.4488696398643,22.6558877069216,23.5548331645819,15.0256902323319,15.0654242176276,420.870574951172
482,1085,-76.9749984648078,3.52499930746853,68.9206633751209,22.6558877069216,23.2770329622122,15.1365230278327,15.0714822640786,559.199157714844
483,1086,-76.9249984640628,3.52499930746853,58.1579471322206,22.6558877069216,22.9992328630044,15.1365230278327,15.0775403151145,962.422607421875
484,1087,-76.8749984633177,3.52499930746853,49.3340548007534,22.6558877069216,22.721425808393,15.1365230278327,15.0835983627118,997.434204101562
485,1088,-76.8249984625727,3.52499930746853,45.2342263047512,22.6558877069216,22.2180834802297,15.1365230278327,15.0896564641824,1195.12939453125
486,1089,-76.7749984618276,3.52499930746853,39.390647784162,22.6558877069216,21.7147411268491,15.1365230278327,15.0957145049022,1344.21545410156
487,1090,-76.7249984610826,3.52499930746853,38.0058432912024,22.6558877069216,21.2113987390812,15.1365230278327,15.1017725570844,1570.28674316406
488,1091,-76.6749984603375,3.52499930746853,36.0075712555016,22.6558877069216,20.708056392578,15.1365230278327,15.1078306115591,1602.81372070312
489,1092,-76.6249984595924,3.52499930746853,30.0676997254531,22.6558877069216,20.2047140506598,15.1365230278327,15.1138886763499,1729.04504394531
490,1093,-76.5749984588474,3.52499930746853,26.6502235780398,22.6558877069216,19.7013717064491,15.1365230278327,15.1199467434333,1739.09912109375
491,1094,-76.5249984581023,3.52499930746853,23.569454670239,16.3227455421136,19.1980293874557,15.1365230278327,15.1260047990542,1165.43579101562
492,1095,-76.4749984573573,3.52499930746853,22.1120651586411,16.3227455421136,18.6946870409525,15.1365230278327,15.1634024301401,953.00390625
493,1096,-76.4249984566122,3.52499930746853,20.1156140811598,16.3227455421136,18.1913446967418,15.1365230278327,15.2321358116773,951.653686523438
494,1097,-76.3749984558672,3.52499930746853,20.483333063097,16.3227455421136,17.6880023066814,15.1365230278327,15.3008692081158,964.829650878906
495,1098,-76.3249984551221,3.52499930746853,20.1426308324847,16.3227455421136,17.184660006028,15.1365230278327,15.369602570167,987.3486328125
496,1099,-76.2749984543771,3.52499930746853,21.2441159165106,16.3227455421136,16.6813176939121,15.1365230278327,15.4383359287794,1023.96124267578
497,1100,-76.224998453632,3.52499930746853,22.4477206654847,16.3227455421136,16.5279385573589,15.1365230278327,15.5070692965618,1162.86181640625
498,1101,-76.1749984528869,3.52499930746853,23.8333549633479,16.3227455421136,16.7244794093646,15.1365230278327,15.5758026838303,1742.09216308594
499,1102,-76.1249984521419,3.52499930746853,26.0522007098995,16.3227455421136,16.9210202636627,15.1365230278327,15.6445360378577,2400.97729492188
500,1103,-76.0749984513968,3.52499930746853,28.9788864460559,16.3227455421136,17.1175610927435,15.1365230278327,15.7132693918852,3323.83471679688
501,1104,-76.0249984506518,3.52499930746853,31.9396434516933,16.3227455421136,17.3141019825752,15.1365230278327,15.782002766545,3687.83422851562
450,1043,-77.2249984685331,3.57499930821359,109.845398128033,26.1702300722782,24.7502817580333,15.0256902323319,15.011236210282,36.294807434082
451,1044,-77.1749984677881,3.57499930821359,102.103758903077,22.6558877069216,24.4791763058076,15.0256902323319,15.0183271410374,57.2176208496094
452,1045,-77.124998467043,3.57499930821359,94.7477857969128,22.6558877069216,24.2080708948465,15.0256902323319,15.0254180683539,87.1513366699219
453,1046,-77.074998466298,3.57499930821359,83.1658797430304,22.6558877069216,23.9369654403283,15.0256902323319,15.0325089899393,114.683685302734
454,1047,-77.0249984655529,3.57499930821359,70.6941049548869,22.6558877069216,23.6658600018575,15.0256902323319,15.0395999206946,178.801406860352
455,1048,-76.9749984648078,3.57499930821359,71.3167819082737,22.6558877069216,23.3947545404618,15.1365230278327,15.0466908629124,422.921905517578
456,1049,-76.9249984640628,3.57499930821359,59.5908947392152,22.6558877069216,23.123649168473,15.1365230278327,15.0537818154463,956.927490234375
457,1050,-76.8749984633177,3.57499930821359,50.0867792637302,22.6558877069216,22.8525367677212,15.1365230278327,15.0608727393242,757.549865722656
458,1051,-76.8249984625727,3.57499930821359,45.6762296225016,22.6558877069216,22.3558126550454,15.1365230278327,15.0679636574708,854.671569824219
459,1052,-76.7749984618276,3.57499930821359,39.1993373646759,22.6558877069216,21.8590885882194,15.1365230278327,15.0750545870799,1123.77429199219
460,1053,-76.7249984610826,3.57499930821359,35.8125675784854,22.6558877069216,21.3623644594963,15.1365230278327,15.0821455247127,1506.79833984375
461,1054,-76.6749984603375,3.57499930821359,31.38903798908,22.6558877069216,20.8656403880853,15.1365230278327,15.0892364485906,1329.34301757812
462,1055,-76.6249984595924,3.57499930821359,26.0376302066904,22.6558877069216,20.3689163441841,15.1365230278327,15.0963273896621,1567.6259765625
463,1056,-76.5749984588474,3.57499930821359,22.8988893788594,22.6558877069216,19.8721921856587,15.1365230278327,15.1034183353186,1801.29064941406
464,1057,-76.5249984581023,3.57499930821359,22.9487543991552,16.3227455421136,19.3754681142477,15.1365230278327,15.110509247734,1349.96069335938
465,1058,-76.4749984573573,3.57499930821359,22.8395656903203,16.3227455421136,18.8787440313743,15.1365230278327,15.1485431904976,988.337341308594
466,1059,-76.4249984566122,3.57499930821359,19.9797365752837,16.3227455421136,18.3820199347459,15.1365230278327,15.2175163282798,952.574890136719
467,1060,-76.3749984558672,3.57499930821359,18.6612657384517,16.3227455421136,17.8852958633349,15.1365230278327,15.2864894477221,969.375061035156
468,1061,-76.3249984551221,3.57499930821359,19.8699610039878,16.3227455421136,17.388571744928,15.1365230278327,15.3554625625794,994.394287109375
469,1062,-76.2749984543771,3.57499930821359,21.1583333092813,16.3227455421136,16.8918477044656,15.1365230278327,15.4244357164089,1036.51501464844
470,1063,-76.224998453632,3.57499930821359,22.3104102962579,16.3227455421136,16.7241793687527,15.1365230278327,15.4934088083414,1133.84167480469
471,1064,-76.1749984528869,3.57499930821359,23.7314682615778,16.3227455421136,16.8855262341408,15.1365230278327,15.5623819380999,1674.81616210938
472,1065,-76.1249984521419,3.57499930821359,26.0275734337763,16.3227455421136,17.0468730697265,15.1365230278327,15.6313550701508,2178.15234375
473,1066,-76.0749984513968,3.57499930821359,28.5166704656485,16.3227455421136,17.2082199018735,15.1365230278327,15.700328198763,2664.85620117188
474,1067,-76.0249984506518,3.57499930821359,31.1187351545534,16.3227455421136,17.3695667248506,15.1365230278327,15.769301330814,3396.17236328125
427,1008,-77.124998467043,3.62499930895865,96.3310102189963,22.6558877069216,24.3057083739684,15.0256902323319,14.9975280692944,46.3943786621094
428,1009,-77.074998466298,3.62499930895865,84.7576498429363,22.6558877069216,24.0412975893571,15.0256902323319,15.0056518614292,56.815128326416
429,1010,-77.0249984655529,3.62499930895865,71.7977290998858,22.6558877069216,23.776886852888,15.0256902323319,15.0137756512715,102.140502929688
430,1011,-76.9749984648078,3.62499930895865,72.8438608792539,22.6558877069216,23.5124761553911,15.1365230278327,15.0218994606,285.152496337891
431,1012,-76.9249984640628,3.62499930895865,60.9414785908392,22.6558877069216,23.2480653914121,15.1365230278327,15.0300232939995,514.394958496094
432,1013,-76.8749984633177,3.62499930895865,50.4852347184832,22.6558877069216,22.9836476857846,15.1365230278327,15.0381470826956,598.751647949219
433,1014,-76.8249984625727,3.62499930895865,47.1731832921505,22.6558877069216,22.4935418734184,15.1365230278327,15.0462708736841,1008.32122802734
434,1015,-76.7749984618276,3.62499930895865,40.0330469740125,22.6558877069216,22.0034360106175,15.1365230278327,15.0543946715502,1478.14538574219
435,1016,-76.7249984610826,3.62499930895865,35.2580125003767,22.6558877069216,21.5133301913738,15.1365230278327,15.0625184957798,1506.36157226562
436,1017,-76.6749984603375,3.62499930895865,30.790973071797,22.6558877069216,21.0232243744227,15.1365230278327,15.0706423096932,1209.05310058594
437,1018,-76.6249984595924,3.62499930895865,25.1399074778534,22.6558877069216,20.5331185528865,15.1365230278327,15.0787660938043,1478.58081054688
438,1019,-76.5749984588474,3.62499930895865,21.322355978764,22.6558877069216,20.0430127130105,15.1365230278327,15.0868899145952,1651.08764648438
439,1020,-76.5249984581023,3.62499930895865,20.3224177978073,16.3227455421136,19.552906866257,15.1365230278327,15.0950137113149,1497.13940429688
440,1021,-76.4749984573573,3.62499930895865,22.0606900738695,16.3227455421136,19.0628010195035,15.1365230278327,15.1336839164679,1068.1484375
441,1022,-76.4249984566122,3.62499930895865,20.3563455714343,16.3227455421136,18.5726951956749,15.1365230278327,15.2028968253961,953.005187988281
442,1023,-76.3749984558672,3.62499930895865,20.1381022698031,16.3227455421136,18.0825893947711,15.1365230278327,15.2721096987908,970.272277832031
443,1024,-76.3249984551221,3.62499930895865,21.2428608979457,16.3227455421136,17.5924835033142,15.1365230278327,15.3413225802091,995.829956054688
444,1025,-76.2749984543771,3.62499930895865,22.3724769429805,16.3227455421136,17.1023777310665,15.1365230278327,15.4105354387027,1034.16809082031
445,1026,-76.224998453632,3.62499930895865,23.1417047259613,16.3227455421136,16.9204202397512,15.1365230278327,15.4797483407534,1125.55969238281
446,1027,-76.1749984528869,3.62499930895865,24.6784170676882,16.3227455421136,17.0465730795494,15.1365230278327,15.5489612175868,1674.27648925781
447,1028,-76.1249984521419,3.62499930895865,26.198919611195,16.3227455421136,17.1727259273712,15.1365230278327,15.6181740692029,2064.75830078125
448,1029,-76.0749984513968,3.62499930895865,29.0335991396927,16.3227455421136,17.2988787075648,15.1365230278327,15.6873869632299,2128.43432617188
449,1030,-76.0249984506518,3.62499930895865,31.6160641709128,16.3227455421136,17.4250315748728,15.1365230278327,15.7565998664269,3060.10424804688
403,971,-77.124998467043,3.67499930970371,98.8587331170073,22.6558877069216,24.403345809533,15.0256902323319,14.9696380381401,19.3520393371582
404,972,-77.074998466298,3.67499930970371,88.4508586047361,22.6558877069216,24.1456297658957,15.0256902323319,14.9787947340653,33.0118370056152
405,973,-77.0249984655529,3.67499930970371,74.573255207103,22.6558877069216,23.8879137085034,15.0256902323319,14.9879514024808,64.2014541625977
406,974,-76.9749984648078,3.67499930970371,75.8529103272236,22.6558877069216,23.6301977015459,15.1365230278327,14.9971080479714,116.640823364258
407,975,-76.9249984640628,3.67499930970371,63.7486781154114,22.6558877069216,23.3724816418611,15.1365230278327,15.0062647507741,322.251586914062
408,976,-76.8749984633177,3.67499930970371,54.5475254173462,22.6558877069216,23.1147586657451,15.1365230278327,15.015421430652,633.796020507812
409,977,-76.8249984625727,3.67499930970371,49.8411884448276,22.6558877069216,22.631271057404,15.1365230278327,15.0245781082373,1230.88500976562
410,978,-76.7749984618276,3.67499930970371,42.5280829461721,22.6558877069216,22.1477834857427,15.1365230278327,15.033734777799,1539.41430664062
411,979,-76.7249984610826,3.67499930970371,37.0503456424922,22.6558877069216,21.6642958865716,15.1365230278327,15.042891443922,1444.50146484375
412,980,-76.6749984603375,3.67499930970371,32.4241044466885,22.6558877069216,21.1808083034479,15.1365230278327,15.0520481547484,1189.70886230469
413,981,-76.6249984595924,3.67499930970371,25.665288010039,22.6558877069216,20.6973207936837,15.1365230278327,15.0612048185789,1421.43811035156
414,982,-76.5749984588474,3.67499930970371,21.5388096264349,22.6558877069216,20.2138331876351,15.1365230278327,15.070361495018,1476.03137207031
415,983,-76.5249984581023,3.67499930970371,21.2710791052534,16.3227455421136,19.7303455953415,15.1365230278327,15.0795181737496,1516.34509277344
416,984,-76.4749984573573,3.67499930970371,22.4577698097206,16.3227455421136,19.2468580328501,15.1365230278327,15.1188247180902,1266.03271484375
417,985,-76.4249984566122,3.67499930970371,20.2433746544501,16.3227455421136,18.7633704359715,15.1365230278327,15.1882773477298,984.850524902344
418,986,-76.3749984558672,3.67499930970371,20.6412207972115,16.3227455421136,18.2798828849426,15.1365230278327,15.2577299567369,963.954528808594
419,987,-76.3249984551221,3.67499930970371,21.9352943935933,16.3227455421136,17.7963952937951,15.1365230278327,15.3271825634516,988.557006835938
420,988,-76.2749984543771,3.67499930970371,22.8361004738925,16.3227455421136,17.3129077679836,15.1365230278327,15.3966352034074,1023.16107177734
421,989,-76.224998453632,3.67499930970371,23.3751648606804,16.3227455421136,17.1166610809473,15.1365230278327,15.4660878410706,1212.46728515625
422,990,-76.1749984528869,3.67499930970371,25.0526521777233,16.3227455421136,17.2076199134955,15.1365230278327,15.5355404477853,2044.90270996094
423,991,-76.1249984521419,3.67499930970371,26.7610380027013,16.3227455421136,17.2985787254113,15.1365230278327,15.604993130152,2956.97436523438
424,992,-76.0749984513968,3.67499930970371,28.9314655072342,16.3227455421136,17.3895375453509,15.1365230278327,15.6744457517679,2389.328125
425,993,-76.0249984506518,3.67499930970371,30.7319965343564,16.3227455421136,17.480496353828,15.1365230278327,15.7438983836999,2793.95141601562
426,994,-75.9749984499067,3.67499930970371,30.2728701192312,16.3227455421136,17.5714551531352,16.5087929539956,15.8133509938533,3580.73046875
378,933,-77.1749984677881,3.72499931044877,106.201558041458,22.6558877069216,24.752004632583,15.0256902323319,14.9315584657284,16.6105880737305
379,934,-77.124998467043,3.72499931044877,100.888925960431,22.6558877069216,24.5009832771925,15.0256902323319,14.9417480161557,16.8224296569824
380,935,-77.074998466298,3.72499931044877,92.3188725285805,22.6558877069216,24.2499619401418,15.0256902323319,14.9519375470968,19.0779399871826
381,936,-77.0249984655529,3.72499931044877,78.9258666290687,22.6558877069216,23.9989405985062,15.0256902323319,14.9621271330577,38.0001258850098
382,937,-76.9749984648078,3.72499931044877,80.7107407313127,22.6558877069216,23.7479192339457,15.1365230278327,14.9723166777537,57.4907684326172
383,938,-76.9249984640628,3.72499931044877,67.9160759781416,22.6558877069216,23.496897906065,15.1365230278327,14.9825062224498,294.245849609375
384,939,-76.8749984633177,3.72499931044877,58.6449663719306,22.6558877069216,23.2458696090258,15.1365230278327,14.9926957774621,795.774475097656
385,940,-76.8249984625727,3.72499931044877,54.2194286579123,22.6558877069216,22.7690002872394,15.1365230278327,15.0028853313281,1343.96459960938
386,941,-76.7749984618276,3.72499931044877,46.2072661510454,22.6558877069216,22.2921309539905,15.1365230278327,15.013074870293,1091.05712890625
387,942,-76.7249984610826,3.72499931044877,40.2731455131792,22.6558877069216,21.8152616092792,15.1365230278327,15.0232644230127,1316.92004394531
388,943,-76.6749984603375,3.72499931044877,34.7950482101968,22.6558877069216,21.3383923150026,15.1365230278327,15.0334539963649,1121.13244628906
389,944,-76.6249984595924,3.72499931044877,27.3261091918326,22.6558877069216,20.8615230069711,15.1365230278327,15.0436435215748,1279.23059082031
390,945,-76.5749984588474,3.72499931044877,22.6227015592158,22.6558877069216,20.3846536828921,15.1365230278327,15.0538330765871,1386.21984863281
391,946,-76.5249984581023,3.72499931044877,21.6054779766844,16.3227455421136,19.9077843335959,15.1365230278327,15.0640226247219,1427.79724121094
392,947,-76.4749984573573,3.72499931044877,21.2752643191757,16.3227455421136,19.4309150393193,15.1365230278327,15.1039654612541,1560.30322265625
393,948,-76.4249984566122,3.72499931044877,21.331785181394,16.3227455421136,18.9540457037779,15.1365230278327,15.1736578242137,1146.73999023438
394,949,-76.3749984558672,3.72499931044877,22.0684092592878,16.3227455421136,18.4771763659441,15.1365230278327,15.243350195197,956.173645019531
395,950,-76.3249984551221,3.72499931044877,23.1359523236035,16.3227455421136,18.0003071003235,15.1365230278327,15.3130426131762,980.789001464844
396,951,-76.2749984543771,3.72499931044877,23.4282400092253,16.3227455421136,17.5234377624897,15.1365230278327,15.3827349807207,1030.00476074219
397,952,-76.224998453632,3.72499931044877,23.6694157061239,16.3227455421136,17.3129019416296,15.1365230278327,15.4524273723364,1356.76586914062
398,953,-76.1749984528869,3.72499931044877,25.0778332100465,16.3227455421136,17.3686667829752,15.1365230278327,15.5221197375884,2102.953125
399,954,-76.1249984521419,3.72499931044877,27.2287385010949,16.3227455421136,17.424431521159,15.1365230278327,15.5918121223266,3119.93505859375
400,955,-76.0749984513968,3.72499931044877,29.2344220266319,16.3227455421136,17.4801963258248,15.1365230278327,15.6615045208197,2950.63208007812
401,956,-76.0249984506518,3.72499931044877,30.9807097802942,16.3227455421136,17.5359611786329,15.1365230278327,15.7311968906568,3136.94555664062
402,957,-75.9749984499067,3.72499931044877,29.5887150009378,16.3227455421136,17.5917259236941,16.5087929539956,15.8008892811262,3621.12182617188
353,897,-77.124998467043,3.77499931119382,101.23207163868,23.9669951819457,24.5986207402669,15.0256902323319,14.9138580170962,15.67751121521
354,898,-77.074998466298,3.77499931119382,93.8051463033144,23.9669951819457,24.3542941189729,15.0256902323319,14.9250804369266,16.4034767150879
355,899,-77.0249984655529,3.77499931119382,82.1504998132586,23.9669951819457,24.1099674495367,15.0256902323319,14.9363028601958,33.2381858825684
356,900,-76.9749984648078,3.77499931119382,82.0474785766923,23.9669951819457,23.8656408121953,15.1365230278327,14.9475252754413,63.629997253418
357,901,-76.9249984640628,3.77499931119382,69.2808411513957,23.9669951819457,23.621314142759,15.1365230278327,14.958747701003,144.505172729492
358,902,-76.8749984633177,3.77499931119382,59.5451096055599,23.9669951819457,23.3769805614765,15.1365230278327,14.9699701151023,502.203186035156
359,903,-76.8249984625727,3.77499931119382,55.6539680218467,23.9669951819457,22.9067294987348,15.1365230278327,14.9811925337865,1036.05334472656
360,904,-76.7749984618276,3.77499931119382,46.6160831852601,23.9669951819457,22.4364784405782,15.1365230278327,14.992414991443,788.459350585938
361,905,-76.7249984610826,3.77499931119382,39.8949845132346,23.9669951819457,21.966227389299,15.1365230278327,15.0036374021035,987.20703125
362,906,-76.6749984603375,3.77499931119382,34.5157340630316,23.9669951819457,21.4959762944625,15.1365230278327,15.014859821934,1068.64526367188
363,907,-76.6249984595924,3.77499931119382,28.0277823165346,23.9669951819457,21.0257252248434,15.1365230278327,15.0260822474957,1170.0478515625
364,908,-76.5749984588474,3.77499931119382,23.0369146126681,23.9669951819457,20.5554741529318,15.1365230278327,15.0373046638874,1442.64538574219
365,909,-76.5249984581023,3.77499931119382,21.3701807595789,18.461134950702,20.0852230947751,15.1365230278327,15.0485270779866,1429.36987304688
366,910,-76.4749984573573,3.77499931119382,18.4825983771768,18.461134950702,19.6149720526659,15.1365230278327,15.0891061849319,1487.794921875
367,911,-76.4249984566122,3.77499931119382,20.2614605777825,18.461134950702,19.1447209624144,15.1365230278327,15.1590383098676,1241.67163085938
368,912,-76.3749984558672,3.77499931119382,22.0157083834593,18.461134950702,18.6744698973802,15.1365230278327,15.2289704497044,963.49365234375
369,913,-76.3249984551221,3.77499931119382,22.2892369738278,18.461134950702,18.2042188529785,15.1365230278327,15.298902626221,978.866821289062
370,914,-76.2749984543771,3.77499931119382,22.3732712110505,18.461134950702,17.7339677787744,15.1365230278327,15.3688347133306,1074.56494140625
371,915,-76.224998453632,3.77499931119382,23.1369218956679,18.461134950702,17.509142821798,15.1365230278327,15.4387668864085,1512.7392578125
372,916,-76.1749984528869,3.77499931119382,24.5057374522663,18.461134950702,17.5297136203601,15.1365230278327,15.5086989975893,2155.75659179688
373,917,-76.1249984521419,3.77499931119382,27.8043752305496,18.461134950702,17.5502843512939,15.1365230278327,15.578631151181,2785.80395507812
374,918,-76.0749984513968,3.77499931119382,28.7962977510805,18.461134950702,17.5708551670496,15.1365230278327,15.6485632990415,3317.1259765625
375,919,-76.0249984506518,3.77499931119382,30.7019227415037,18.461134950702,17.5914259575881,15.1365230278327,15.7184954239772,3203.84790039062
376,920,-75.9749984499067,3.77499931119382,30.1904124703545,18.461134950702,17.6119967630276,16.5087929539956,15.7884275672527,3443.81201171875
377,921,-75.9249984491616,3.77499931119382,29.7649434564205,16.7386006151254,17.6325674905227,16.5087929539956,15.8583597002121,3800.29443359375
328,861,-77.074998466298,3.82499931193888,96.7144097611308,23.9669951819457,24.4586262725867,15.0256902323319,14.8982232935154,11.9124269485474
329,862,-77.0249984655529,3.82499931193888,85.6819435042831,23.9669951819457,24.2209943303695,15.0256902323319,14.9104785850415,19.4706172943115
330,863,-76.9749984648078,3.82499931193888,85.9846127955959,23.9669951819457,23.9833623904448,15.1365230278327,14.9227338903225,49.2192611694336
331,864,-76.9249984640628,3.82499931193888,74.3028939280372,23.9669951819457,23.7457304298878,15.1365230278327,14.9349891680938,116.476638793945
332,865,-76.8749984633177,3.82499931193888,64.8622616856144,23.9669951819457,23.5080915162197,15.1365230278327,14.9472444779598,274.782989501953
333,866,-76.8249984625727,3.82499931193888,59.7146526460464,23.9669951819457,23.0444587262777,15.1365230278327,14.9594997660472,614.76953125
334,867,-76.7749984618276,3.82499931193888,49.8612450750975,23.9669951819457,22.5808258927785,15.1365230278327,14.9717550908144,734.865966796875
335,868,-76.7249984610826,3.82499931193888,43.3937291964315,23.9669951819457,22.1171930615719,15.1365230278327,14.9840103857792,1374.62133789062
336,869,-76.6749984603375,3.82499931193888,37.8148165399639,23.9669951819457,21.6535602670449,15.1365230278327,14.996265647503,1651.05493164062
337,870,-76.6249984595924,3.82499931193888,31.0267609337775,23.9669951819457,21.1899274495932,15.1365230278327,15.0085209470529,1641.71081542969
338,871,-76.5749984588474,3.82499931193888,25.4717109763565,23.9669951819457,20.7262946527738,15.1365230278327,15.0207762500414,1647.0146484375
339,872,-76.5249984581023,3.82499931193888,23.0317814448992,18.461134950702,20.2626618009347,15.1365230278327,15.0330315450063,1498.96240234375
340,873,-76.4749984573573,3.82499931193888,18.9832828643803,18.461134950702,19.7990290568425,15.1365230278327,15.0742469246571,1515.05395507812
341,874,-76.4249984566122,3.82499931193888,19.9841820814718,18.461134950702,19.3353962118809,15.1365230278327,15.1444188104226,1383.0556640625
342,875,-76.3749984558672,3.82499931193888,23.0162332694118,18.461134950702,18.8717634448638,15.1365230278327,15.2145907156743,985.87744140625
343,876,-76.3249984551221,3.82499931193888,23.6931453741227,18.461134950702,18.4081305907323,15.1365230278327,15.284762602586,963.978881835938
344,877,-76.2749984543771,3.82499931193888,22.4634340795903,18.461134950702,17.944497780158,15.1365230278327,15.3549345296163,1161.52758789062
345,878,-76.224998453632,3.82499931193888,23.2085746208636,18.461134950702,17.7053836240218,15.1365230278327,15.4251063706783,1719.88049316406
346,879,-76.1749984528869,3.82499931193888,25.4550127192185,18.461134950702,17.6907604222114,15.1365230278327,15.4952782839537,2347.58422851562
347,880,-76.1249984521419,3.82499931193888,29.089764241559,18.461134950702,17.6761372238398,15.1365230278327,15.5654501445018,2924.48999023438
348,881,-76.0749984513968,3.82499931193888,30.1013804559524,18.461134950702,17.6615139738871,15.1365230278327,15.6356220508997,3246.38012695312
349,882,-76.0249984506518,3.82499931193888,31.3087820839137,18.461134950702,17.6468907491519,15.1365230278327,15.7057939584439,2832.61865234375
350,883,-75.9749984499067,3.82499931193888,30.9764682028729,18.461134950702,17.6322675267091,16.5087929539956,15.7759658602568,3143.79321289062
351,884,-75.9249984491616,3.82499931193888,30.8711464190139,16.7386006151254,17.6176442595629,16.5087929539956,15.8461377379986,3613.14111328125
352,885,-75.8749984484166,3.82499931193888,32.1181406391641,16.7386006151254,17.6030210520212,16.5087929539956,15.9163096260566,3856.46630859375
300,820,-77.2749984692782,3.87499931268394,98.3133878421325,26.644500374794,25.4867074329119,15.0256902323319,14.8182134719995,44.451602935791
301,821,-77.2249984685331,3.87499931268394,118.264559785907,26.644500374794,25.2557701628942,15.0256902323319,14.831501652415,44.7871398925781
302,822,-77.1749984677881,3.87499931268394,113.767440270919,23.9669951819457,25.0248329478961,15.0256902323319,14.8447898018819,29.5522956848145
303,823,-77.124998467043,3.87499931268394,109.118240320912,23.9669951819457,24.7938956664159,15.0256902323319,14.858077999491,18.5444183349609
304,825,-77.0249984655529,3.87499931268394,89.668913593659,23.9669951819457,24.3320211378428,15.0256902323319,14.8846543121796,14.0575695037842
305,826,-76.9749984648078,3.87499931268394,90.5866770967841,23.9669951819457,24.1010839159672,15.1365230278327,14.8979424811327,40.9708442687988
306,827,-76.9249984640628,3.87499931268394,79.1919494259816,23.9669951819457,23.8701466276095,15.1365230278327,14.9112306546706,88.4106597900391
307,828,-76.8749984633177,3.87499931268394,71.1252712630309,23.9669951819457,23.6392024709628,15.1365230278327,14.9245188029913,155.287109375
308,829,-76.8249984625727,3.87499931268394,66.5667071760847,23.9669951819457,23.1821879446507,15.1365230278327,14.9378069925767,336.093811035156
309,830,-76.7749984618276,3.87499931268394,56.1007390595399,23.9669951819457,22.7251733839512,15.1365230278327,14.9510951684071,701.246459960938
310,831,-76.7249984610826,3.87499931268394,49.5154612568709,23.9669951819457,22.2681588026193,15.1365230278327,14.964383327044,1260.00366210938
311,832,-76.6749984603375,3.87499931268394,44.2172175006798,23.9669951819457,21.811144299232,15.1365230278327,14.9776714856808,1607.46252441406
312,833,-76.6249984595924,3.87499931268394,36.7274510055207,23.9669951819457,21.354129674343,15.1365230278327,14.9909596752662,1621.7841796875
313,834,-76.5749984588474,3.87499931268394,31.4137230979709,23.9669951819457,20.8971151549083,15.1365230278327,15.0042478304643,1702.04138183594
314,835,-76.5249984581023,3.87499931268394,28.5089520614308,18.461134950702,20.4401005850388,15.1365230278327,15.0175360085872,1571.81726074219
315,836,-76.4749984573573,3.87499931268394,25.1855403882666,18.461134950702,19.9830860197544,15.1365230278327,15.0593876838684,1520.09106445312
316,837,-76.4249984566122,3.87499931268394,23.911260391084,18.461134950702,19.5260715071972,15.1365230278327,15.1297992972227,1391.37622070312
317,838,-76.3749984558672,3.87499931268394,23.9977267626673,18.461134950702,19.069056900648,15.1365230278327,15.2002109782054,1014.47406005859
318,839,-76.3249984551221,3.87499931268394,25.1655725226379,18.461134950702,18.6120423628734,15.1365230278327,15.2706226248008,955.476013183594
319,840,-76.2749984543771,3.87499931268394,21.6527366697645,18.461134950702,18.1550278514624,15.1365230278327,15.34103425191,1157.02990722656
320,841,-76.224998453632,3.87499931268394,21.6147542643146,18.461134950702,17.9016244904353,15.1365230278327,15.4114459237227,1474.36791992188
321,842,-76.1749984528869,3.87499931268394,24.865081788972,18.461134950702,17.8518072641813,15.1365230278327,15.4818575611481,1891.25732421875
322,843,-76.1249984521419,3.87499931268394,30.2459158724031,18.461134950702,17.8019899874926,15.1365230278327,15.5522691882574,2444.41186523438
323,844,-76.0749984513968,3.87499931268394,30.9798654506986,18.461134950702,17.7521727979183,15.1365230278327,15.6226808463152,2526.13598632812
324,845,-76.0249984506518,3.87499931268394,32.4070799376529,18.461134950702,17.7023555659331,15.1365230278327,15.6930924654007,2523.3564453125
325,846,-75.9749984499067,3.87499931268394,32.701246737001,18.461134950702,17.6525383328016,16.5087929539956,15.7635041395059,2722.73852539062
326,847,-75.9249984491616,3.87499931268394,31.4035712516365,16.7386006151254,17.6027210824765,16.5087929539956,15.8339157402515,3033.53002929688
327,848,-75.8749984484166,3.87499931268394,33.2525538580062,16.7386006151254,17.5529038550762,16.5087929539956,15.9043274189417,3619.875
270,783,-77.2749984692782,3.924999313429,98.8457168862224,26.644500374794,25.5642608450009,15.0256902323319,14.7872247982484,52.2254676818848
271,784,-77.2249984685331,3.924999313429,123.134450053939,26.644500374794,25.3400182723999,15.0256902323319,14.8015459042329,52.9343872070312
272,785,-77.1749984677881,3.924999313429,117.042950750544,23.9669951819457,25.1157757318937,15.0256902323319,14.8158669311267,44.9210433959961
273,786,-77.124998467043,3.924999313429,113.012851841748,23.9669951819457,24.8915331524152,15.0256902323319,14.8301879431193,32.9652671813965
274,787,-77.074998466298,3.924999313429,105.134122951099,23.9669951819457,24.6672905706442,15.0256902323319,14.8445090101315,22.607105255127
275,788,-77.0249984655529,3.924999313429,94.410586056801,23.9669951819457,24.4430480209681,15.0256902323319,14.858830054219,27.1637363433838
276,789,-76.9749984648078,3.924999313429,96.2290734602855,23.9669951819457,24.2188054919243,15.1365230278327,14.8731510902827,44.151180267334
277,790,-76.9249984640628,3.924999313429,86.6680535502159,23.9669951819457,23.9945629491256,15.1365230278327,14.887472110299,75.8914642333984
278,791,-76.8749984633177,3.924999313429,80.9060297528139,23.9669951819457,23.7703134440459,15.1365230278327,14.9017931933586,108.119552612305
279,792,-76.8249984625727,3.924999313429,77.7999178119577,23.9669951819457,23.3199171355137,15.1365230278327,14.9161142179599,180.514312744141
280,793,-76.7749984618276,3.924999313429,66.7990962777,23.9669951819457,22.8695208223966,15.1365230278327,14.93043523683,382.861480712891
281,794,-76.7249984610826,3.924999313429,57.2418046914614,23.9669951819457,22.4191245436668,15.1365230278327,14.9447562969648,667.631591796875
282,795,-76.6749984603375,3.924999313429,52.1153203581388,23.9669951819457,21.9687282282573,15.1365230278327,14.959077330736,1065.53100585938
283,796,-76.6249984595924,3.924999313429,45.4449169584192,23.9669951819457,21.5183319105552,15.1365230278327,14.9733983748234,1494.21716308594
284,797,-76.5749984588474,3.924999313429,39.8523429617859,23.9669951819457,21.067935615778,15.1365230278327,14.9877194040097,1864.33435058594
285,798,-76.5249984581023,3.924999313429,36.3003176841885,18.461134950702,20.6175393370482,15.1365230278327,15.0020404744607,1977.11999511719
286,799,-76.4749984573573,3.924999313429,32.519337867315,18.461134950702,20.167143042271,15.1365230278327,15.0445284247398,1563.37023925781
287,800,-76.4249984566122,3.924999313429,29.480378957322,18.461134950702,19.7167467268614,15.1365230278327,15.11517983675,1474.76770019531
288,801,-76.3749984558672,3.924999313429,27.4069985589729,18.461134950702,19.2663504320842,15.1365230278327,15.1858312189579,1185.97875976562
289,802,-76.3249984551221,3.924999313429,26.9126558674929,18.461134950702,18.8159541189671,15.1365230278327,15.2564826275294,980.649169921875
290,803,-76.2749984543771,3.924999313429,21.4530211192771,18.461134950702,18.3655578092887,15.1365230278327,15.3271339982748,1044.35791015625
291,804,-76.224998453632,3.924999313429,21.2889326425413,18.461134950702,18.0978652995366,15.1365230278327,15.3977854206012,1293.07446289062
292,805,-76.1749984528869,3.924999313429,26.4334241855316,18.461134950702,18.0128541107361,15.1365230278327,15.4684367993703,1807.48754882812
293,806,-76.1249984521419,3.924999313429,31.6266579854374,18.461134950702,17.927842857746,15.1365230278327,15.5390882365979,2108.3916015625
294,807,-76.0749984513968,3.924999313429,32.570362514458,18.461134950702,17.8428316334119,15.1365230278327,15.6097395970271,2026.95727539062
295,808,-76.0249984506518,3.924999313429,33.5954738717813,18.461134950702,17.757820343742,15.1365230278327,15.6803910204997,2543.1728515625
296,809,-75.9749984499067,3.924999313429,33.1676460312536,18.461134950702,17.6728091090918,16.5087929539956,15.7510423946839,2773.34350585938
297,810,-75.9249984491616,3.924999313429,32.2431765181514,16.7386006151254,17.5877978515167,16.5087929539956,15.8216938089866,2911.72631835938
298,811,-75.8749984484166,3.924999313429,33.4710893616653,16.7386006151254,17.5027866111352,16.5087929539956,15.8923452015106,3357.85034179688
299,812,-75.8249984476715,3.924999313429,32.1887832722412,16.7386006151254,17.4177753902399,16.5087929539956,15.9629965791335,3582.49291992188
238,744,-77.3749984707683,3.97499931417406,104.498911495965,26.644500374794,26.0769099134665,15.0256902323319,14.7255283880692,30.7737560272217
239,745,-77.3249984700232,3.97499931417406,120.504689185092,26.644500374794,25.8593620199424,15.0256902323319,14.7408823061448,42.1595687866211
240,746,-77.2749984692782,3.97499931417406,117.499991128078,26.644500374794,25.6418141929003,15.0256902323319,14.7562362219279,48.3552589416504
241,747,-77.2249984685331,3.97499931417406,124.121071580511,26.644500374794,25.424266313131,15.0256902323319,14.7715901457346,49.765308380127
242,748,-77.1749984677881,3.97499931417406,118.510583795034,23.9669951819457,25.206718476919,15.0256902323319,14.7869440385929,58.3577308654785
243,749,-77.124998467043,3.97499931417406,114.176536548596,23.9669951819457,24.9891706315371,15.0256902323319,14.8022979612534,55.8370056152344
244,750,-77.074998466298,3.97499931417406,106.765311652651,23.9669951819457,24.7716227655227,15.0256902323319,14.8176518816214,42.0651397705078
245,751,-77.0249984655529,3.97499931417406,96.6989054181255,23.9669951819457,24.5540749040934,15.0256902323319,14.8330057756259,38.5890617370605
246,752,-76.9749984648078,3.97499931417406,98.9466757103801,23.9669951819457,24.3365270564189,15.1365230278327,14.8483596971402,38.8596954345703
247,753,-76.9249984640628,3.97499931417406,90.7377485684477,23.9669951819457,24.1189792316694,15.1365230278327,14.8637135819747,55.1700057983398
248,754,-76.8749984633177,3.97499931417406,87.0230405456745,23.9669951819457,23.9014243437694,15.1365230278327,14.8790675149514,80.5778579711914
249,755,-76.8249984625727,3.97499931417406,85.8255064137853,23.9669951819457,23.4576463470092,15.1365230278327,14.8944214387582,119.161689758301
250,756,-76.7749984618276,3.97499931417406,73.6457913867556,23.9669951819457,23.0138682883519,15.1365230278327,14.90977535798,301.056182861328
251,757,-76.7249984610826,3.97499931417406,62.0396431183013,23.9669951819457,22.5700902572045,15.1365230278327,14.9251292668856,498.153503417969
252,758,-76.6749984603375,3.97499931417406,56.2217216016008,23.9669951819457,22.1263122008397,15.1365230278327,14.9404831723525,1085.41931152344
253,759,-76.6249984595924,3.97499931417406,49.5171205249543,23.9669951819457,21.6825341467674,15.1365230278327,14.9558370892818,1934.77416992188
254,760,-76.5749984588474,3.97499931417406,44.2879332348418,23.9669951819457,21.2387561087425,15.1365230278327,14.9711909844325,2530.06274414062
255,761,-76.5249984581023,3.97499931417406,42.152925419263,18.461134950702,20.7949780730101,15.1365230278327,14.9865449449191,2397.18676757812
256,762,-76.4749984573573,3.97499931417406,36.8772007298584,18.461134950702,20.3512000487401,15.1365230278327,15.0296691701962,1839.12805175781
257,763,-76.4249984566122,3.97499931417406,31.6517279245532,18.461134950702,19.9074220061302,15.1365230278327,15.1005603075027,1602.75
258,764,-76.3749984558672,3.97499931417406,28.8869474849735,18.461134950702,19.463643938303,15.1365230278327,15.1714514631491,1419.33825683594
259,765,-76.3249984551221,3.97499931417406,27.8941992055625,18.461134950702,19.0198658934006,15.1365230278327,15.2423426153568,1011.62432861328
260,766,-76.2749984543771,3.97499931417406,24.4958775787113,18.461134950702,18.5760878645457,15.1365230278327,15.3132337595408,957.653869628906
261,767,-76.224998453632,3.97499931417406,23.6931760231606,18.461134950702,18.2941062106536,15.1365230278327,15.3841249197721,1103.67211914062
262,768,-76.1749984528869,3.97499931417406,26.5282191804682,18.461134950702,18.1739009378048,15.1365230278327,15.4550161040746,1398.26879882812
263,769,-76.1249984521419,3.97499931417406,29.6193940805701,18.461134950702,18.0536956615173,15.1365230278327,15.5259072539898,1617.15026855469
264,770,-76.0749984513968,3.97499931417406,32.263871446825,18.461134950702,17.9334904093009,15.1365230278327,15.5967983821264,1911.38244628906
265,771,-76.0249984506518,3.97499931417406,33.0129930193608,18.461134950702,17.8132851788631,15.1365230278327,15.6676895400653,2669.6220703125
266,772,-75.9749984499067,3.97499931417406,33.3904036114422,18.461134950702,17.6930798727732,16.5087929539956,15.7385807037354,3218.48510742188
267,773,-75.9249984491616,3.97499931417406,33.0544363234479,16.7386006151254,17.5728746526516,16.5087929539956,15.8094718444806,3306.1455078125
268,774,-75.8749984484166,3.97499931417406,32.9235361112425,16.7386006151254,17.4526693843878,16.5087929539956,15.880363004712,3120.8056640625
269,775,-75.8249984476715,3.97499931417406,30.8796091125562,16.7386006151254,17.3324641505113,16.5087929539956,15.9512541626508,3234.19580078125
212,706,-77.4249984715133,4.02499931491912,101.084746498041,26.644500374794,26.3259064532243,14.3129584542834,14.6760872040804,17.280309677124
213,707,-77.3749984707683,4.02499931491912,123.185254617379,26.644500374794,26.113718188726,14.3129584542834,14.6924740213614,29.9297866821289
214,708,-77.3249984700232,4.02499931491912,117.898544733341,26.644500374794,25.9015299242276,14.3129584542834,14.7088607813303,52.9896926879883
215,711,-77.1749984677881,4.02499931491912,114.418279710871,23.9669951819457,25.2649651376101,14.3129584542834,14.7580211426203,64.1255569458008
216,712,-77.124998467043,4.02499931491912,110.348396960932,23.9669951819457,25.0527769006216,14.3129584542834,14.7744079564626,56.045783996582
217,713,-77.074998466298,4.02499931491912,103.274491737668,23.9669951819457,24.8405886292458,14.3129584542834,14.7907947107003,42.8142318725586
218,714,-77.0249984655529,4.02499931491912,94.7759069313224,23.9669951819457,24.6284004014272,14.3129584542834,14.8071815199577,34.4981155395508
219,715,-76.9749984648078,4.02499931491912,97.0314427857789,23.9669951819457,24.4162121346364,14.8369402277928,14.8235682936815,39.1597785949707
220,716,-76.9249984640628,4.02499931491912,90.1383872513588,23.9669951819457,24.2040238724305,14.8369402277928,14.8399551029389,53.3857765197754
221,717,-76.8749984633177,4.02499931491912,85.4458009245304,23.9669951819457,23.9918288634374,14.8369402277928,14.8563418755165,79.6684188842773
222,724,-76.5249984581023,4.02499931491912,45.3867546192442,18.461134950702,20.9752988700683,14.8369402277928,14.9710493683815,2697.52026367188
223,725,-76.4749984573573,4.02499931491912,40.0977320742722,18.461134950702,20.5443660043753,14.8369402277928,15.0148099007515,2178.845703125
224,726,-76.4249984566122,4.02499931491912,33.6521021025972,18.461134950702,20.1134331638996,14.8369402277928,15.0859408034728,1748.56201171875
225,727,-76.3749984558672,4.02499931491912,29.1635037813909,18.461134950702,19.6825002936217,14.8369402277928,15.1570717440202,1341.99377441406
226,728,-76.3249984551221,4.02499931491912,29.4628745030898,18.461134950702,19.2515674875333,14.8369402277928,15.2282026031843,1017.90100097656
227,729,-76.2749984543771,4.02499931491912,27.6792548420624,18.461134950702,18.8206345897454,14.8369402277928,15.2993335437316,938.959777832031
228,730,-76.224998453632,4.02499931491912,27.0566201808934,18.461134950702,18.5275202508156,14.8369402277928,15.3704644579154,992.002014160156
229,731,-76.1749984528869,4.02499931491912,27.7280244914672,18.461134950702,18.3722074066217,14.8369402277928,15.4415953491743,1180.38696289062
230,732,-76.1249984521419,4.02499931491912,29.7648749938951,18.461134950702,18.2168945177243,14.8369402277928,15.5127262564806,1432.49975585938
231,733,-76.0749984513968,4.02499931491912,31.2675697701768,18.461134950702,18.0615816104871,14.8369402277928,15.5838571592019,1860.69812011719
232,734,-76.0249984506518,4.02499931491912,31.9796120627568,18.461134950702,17.906268793803,14.8369402277928,15.6549880768244,2323.89013671875
233,735,-75.9749984499067,4.02499931491912,36.3682001869266,18.461134950702,17.7509559140756,16.30511160768,15.7261189692296,2511.76440429688
234,736,-75.9249984491616,4.02499931491912,37.0313090131833,16.7386006151254,17.5956430160082,16.30511160768,15.7972498891445,2898.54467773438
235,737,-75.8749984484166,4.02499931491912,35.0491107450082,16.7386006151254,17.4403301901542,16.30511160768,15.8683807815497,2776.21411132812
236,738,-75.8249984476715,4.02499931491912,32.3541254372551,16.7386006151254,17.2850172932331,16.30511160768,15.9395116922947,3019.25927734375
237,739,-75.7749984469265,4.02499931491912,31.7417058152362,16.7386006151254,17.1297044467468,16.30511160768,16.0106426007473,3564.9765625
187,669,-77.4249984715133,4.07499931566417,101.342555100528,26.644500374794,26.3313331604004,14.3129584542834,14.6419999599457,20.8973960876465
188,670,-77.3749984707683,4.07499931566417,124.383428142048,26.644500374794,26.1231693029404,14.3129584542834,14.6594196408987,34.8767967224121
189,671,-77.3249984700232,4.07499931566417,118.377474924693,26.644500374794,25.9150054340179,14.3129584542834,14.6768392909032,40.0574073791504
190,672,-77.2749984692782,4.07499931566417,115.399658177908,26.644500374794,25.7068416292851,14.3129584542834,14.6942589500776,29.325927734375
191,673,-77.2249984685331,4.07499931566417,119.130737114411,26.644500374794,25.4986777924574,14.3129584542834,14.7116786012283,26.1690692901611
192,674,-77.1749984677881,4.07499931566417,114.228834928228,23.9669951819457,25.2905139808471,14.3129584542834,14.7290982810351,56.5449752807617
193,675,-77.124998467043,4.07499931566417,110.108697022956,23.9669951819457,25.082350150897,14.3129584542834,14.7465179276008,50.9182891845703
194,676,-77.074998466298,4.07499931566417,104.009204942446,23.9669951819457,24.8741863026069,14.3129584542834,14.7639375787515,37.778995513916
195,677,-77.0249984655529,4.07499931566417,98.3829726889156,23.9669951819457,24.6660224772417,14.3129584542834,14.7813572562658,35.3288154602051
196,678,-76.9749984648078,4.07499931566417,101.329811317416,23.9669951819457,24.4578586381215,14.8369402277928,14.7987769188789,43.8305053710938
197,679,-76.9249984640628,4.07499931566417,95.161514289104,23.9669951819457,24.2496948012939,14.8369402277928,14.8161965837845,50.095085144043
198,688,-76.4749984573573,4.07499931566417,44.4961257704462,18.461134950702,20.7466414914681,14.8369402277928,14.9999506358917,2505.2177734375
199,689,-76.4249984566122,4.07499931566417,39.2817574048845,18.461134950702,20.3347811309191,14.8369402277928,15.0713213338302,1927.99951171875
200,690,-76.3749984558672,4.07499931566417,33.2258350655723,18.461134950702,19.9229207015955,14.8369402277928,15.1426920019663,1449.77307128906
201,691,-76.3249984551221,4.07499931566417,32.8621574299267,18.461134950702,19.5110603112441,14.8369402277928,15.2140626529088,1014.76501464844
202,692,-76.2749984543771,4.07499931566417,30.1382787342255,18.461134950702,19.0991999300627,14.8369402277928,15.2854333004126,937.056701660156
203,693,-76.224998453632,4.07499931566417,30.1863564436252,18.461134950702,18.7981095703749,14.8369402277928,15.3568039639638,965.065246582031
204,694,-76.1749984528869,4.07499931566417,30.7043008546417,18.461134950702,18.6077754749702,14.8369402277928,15.4281745954202,1041.10437011719
205,695,-76.1249984521419,4.07499931566417,31.4309233229321,18.461134950702,18.4174414391701,14.8369402277928,15.4995452830425,1224.22973632812
206,696,-76.0749984513968,4.07499931566417,31.709915763197,18.461134950702,18.2271073357417,14.8369402277928,15.57091593857,1519.97912597656
207,697,-76.0249984506518,4.07499931566417,33.6244243234396,18.461134950702,18.0367732884792,14.8369402277928,15.6422866032674,1671.49291992188
208,698,-75.9749984499067,4.07499931566417,38.3726531370328,18.461134950702,17.8464392240231,16.30511160768,15.7136572507712,2115.47900390625
209,699,-75.9249984491616,4.07499931566417,38.5358317517317,16.7386006151254,17.6561051721756,16.30511160768,15.7850279200536,2503.4677734375
210,700,-75.8749984484166,4.07499931566417,36.9754178105639,16.7386006151254,17.4657710996958,16.30511160768,15.8563985709961,2429.47045898438
211,701,-75.8249984476715,4.07499931566417,34.0674039003654,16.7386006151254,17.2754370409709,16.30511160768,15.9277692471559,2897.23559570312
168,632,-77.4249984715133,4.12499931640923,129.884766989029,26.644500374794,26.3367598859163,14.3129584542834,14.6079127272734,11.1069231033325
169,633,-77.3749984707683,4.12499931640923,124.755069765907,26.644500374794,26.1326204194472,14.3129584542834,14.6263652524123,33.3020477294922
170,634,-77.3249984700232,4.12499931640923,119.164112177606,26.644500374794,25.9284810148753,14.3129584542834,14.6448177924523,44.0760688781738
171,635,-77.2749984692782,4.12499931640923,115.98211778643,26.644500374794,25.7243415736235,14.3129584542834,14.6632703152987,45.3861351013184
172,636,-77.2249984685331,4.12499931640923,119.686526562159,26.644500374794,25.5202021850989,14.3129584542834,14.6817228369988,44.725414276123
173,637,-77.1749984677881,4.12499931640923,113.915922801082,23.9669951819457,25.316062766772,14.3129584542834,14.7001753770388,51.4895820617676
174,638,-77.124998467043,4.12499931640923,110.370169652196,23.9669951819457,25.1119233553226,14.3129584542834,14.7186279102014,40.5199432373047
175,652,-76.4249984566122,4.12499931640923,40.8036936616095,18.461134950702,20.5561290543813,14.8369402277928,15.0567018252153,1952.27136230469
176,653,-76.3749984558672,4.12499931640923,34.5296633143264,18.461134950702,20.1633411393716,14.8369402277928,15.128312253035,1414.6611328125
177,654,-76.3249984551221,4.12499931640923,33.5440439579005,18.461134950702,19.7705531555873,14.8369402277928,15.1999226613687,1147.91540527344
178,655,-76.2749984543771,4.12499931640923,30.4396397990103,18.461134950702,19.377765247455,14.8369402277928,15.2715330685561,945.115600585938
179,656,-76.224998453632,4.12499931640923,30.543518951306,18.461134950702,19.0686988417919,14.8369402277928,15.3431434780359,941.107849121094
180,657,-76.1749984528869,4.12499931640923,31.1180928972765,18.461134950702,18.8433435536348,14.8369402277928,15.4147538622985,997.589050292969
181,658,-76.1249984521419,4.12499931640923,30.8766864185723,18.461134950702,18.617988299865,14.8369402277928,15.4863643004344,1089.72973632812
182,659,-76.0749984513968,4.12499931640923,31.3419674667888,18.461134950702,18.3926330758975,14.8369402277928,15.557974708768,1389.56604003906
183,660,-76.0249984506518,4.12499931640923,33.5666605802969,18.461134950702,18.1672777888867,14.8369402277928,15.6295851148092,1416.64794921875
184,661,-75.9749984499067,4.12499931640923,35.9472311792465,18.461134950702,17.9419225442868,16.30511160768,15.701195533459,1714.35388183594
185,662,-75.9249984491616,4.12499931640923,36.5028250082754,16.7386006151254,17.7165672882245,16.30511160768,15.7728059738874,2200.30541992188
186,663,-75.8749984484166,4.12499931640923,37.0960330685171,16.7386006151254,17.4912120103836,16.30511160768,15.8444163684662,2261.39916992188
152,596,-77.3749984707683,4.17499931715429,126.772585673974,26.644500374794,26.1420715634639,14.3129584542834,14.5933108902895,-2.9171736240387
153,597,-77.3249984700232,4.17499931715429,120.811697619466,26.644500374794,25.9419565705153,14.3129584542834,14.6127962768078,8.98410320281982
154,598,-77.2749984692782,4.17499931715429,115.809618075307,26.644500374794,25.741841589029,14.3129584542834,14.6322816644724,37.7604827880859
155,600,-77.1749984677881,4.17499931715429,114.603359855138,23.9669951819457,25.3416116214716,14.3129584542834,14.6712525188923,30.8549346923828
156,615,-76.4249984566122,4.17499931715429,39.6668457893225,18.461134950702,20.7774770007684,14.8369402277928,15.0420823120154,2304.2626953125
157,616,-76.3749984558672,4.17499931715429,34.6665802029176,18.461134950702,20.4037615335905,14.8369402277928,15.1139324777401,1537.67614746094
158,617,-76.3249984551221,4.17499931715429,33.3408295062299,18.461134950702,20.0300460411952,14.8369402277928,15.1857826469036,1192.64526367188
159,618,-76.2749984543771,4.17499931715429,31.4072025948419,18.461134950702,19.65633053963,14.8369402277928,15.2576328172134,1048.84631347656
160,619,-76.224998453632,4.17499931715429,31.2502142067712,18.461134950702,19.3392881292563,14.8369402277928,15.3294829955468,942.686706542969
161,620,-76.1749984528869,4.17499931715429,32.1028387856025,18.461134950702,19.0789116712717,14.8369402277928,15.4013331372004,968.035400390625
162,621,-76.1249984521419,4.17499931715429,31.7187380317885,18.461134950702,18.8185351788998,14.8369402277928,15.4731833212651,1053.16821289062
163,622,-76.0749984513968,4.17499931715429,32.2673297224996,18.461134950702,18.5581587782273,14.8369402277928,15.5450334938673,1175.736328125
164,623,-76.0249984506518,4.17499931715429,33.1212459828418,18.461134950702,18.2977822514681,14.8369402277928,15.6168836618845,1243.7666015625
165,624,-75.9749984499067,4.17499931715429,35.2091171238571,18.461134950702,18.0374058679892,16.30511160768,15.6887338299018,1377.08349609375
166,625,-75.9249984491616,4.17499931715429,36.1082343820196,16.7386006151254,17.7770293847873,16.30511160768,15.7605839876028,1843.10424804688
167,626,-75.8749984484166,4.17499931715429,38.4353921363274,16.7386006151254,17.5166529313876,16.30511160768,15.8324341785449,2064.24365234375
138,561,-77.2749984692782,4.22499931789935,120.260492399908,26.644500374794,25.7593415379524,14.3129584542834,14.6012930583495,18.8064041137695
139,578,-76.4249984566122,4.22499931789935,39.4008511958214,18.461134950702,20.9988249425705,14.8369402277928,15.0274628205941,2460.28784179688
140,579,-76.3749984558672,4.22499931789935,35.1148248569897,18.461134950702,20.6441819553192,14.8369402277928,15.0995527322476,1777.88012695312
141,580,-76.3249984551221,4.22499931789935,33.9155839736072,18.461134950702,20.2895389245107,14.8369402277928,15.1716426656796,1576.59240722656
142,581,-76.2749984543771,4.22499931789935,31.2685766687187,18.461134950702,19.9348959235045,14.8369402277928,15.2437325819181,1253.56604003906
143,582,-76.224998453632,4.22499931789935,31.171729443165,18.461134950702,19.6098774098433,14.8369402277928,15.3158224993027,971.425109863281
144,583,-76.1749984528869,4.22499931789935,32.3364818746654,18.461134950702,19.3144797591063,14.8369402277928,15.3879124178336,936.513061523438
145,584,-76.1249984521419,4.22499931789935,31.8650127786856,18.461134950702,19.0190821267091,14.8369402277928,15.4600023271946,994.6552734375
146,585,-76.0749984513968,4.22499931789935,32.6613767180019,18.461134950702,18.7236844301224,14.8369402277928,15.5320922560417,1072.90844726562
147,586,-76.0249984506518,4.22499931789935,33.7818115783425,18.461134950702,18.4282868046027,14.8369402277928,15.6041822101061,1056.12963867188
148,587,-75.9749984499067,4.22499931789935,36.4531345129586,18.461134950702,18.1328891424032,16.30511160768,15.676272095396,1191.93664550781
149,588,-75.9249984491616,4.22499931789935,37.3012195159323,16.7386006151254,17.8374914882275,16.30511160768,15.7483620127806,1666.83215332031
150,589,-75.8749984484166,4.22499931789935,39.7203602982828,16.7386006151254,17.5420938764627,16.30511160768,15.8204519393352,2000.95092773438
151,590,-75.8249984476715,4.22499931789935,39.1328991854993,16.7386006151254,17.2466961638286,16.30511160768,15.8925418464037,1733.38916015625
123,539,-76.5249984581023,4.27499931864441,48.3765421790572,21.3421445718178,21.8913140526185,14.8369402277928,14.8935716599226,1492.77465820312
124,540,-76.4749984573573,4.27499931864441,42.6216674498641,21.3421445718178,21.5557434696418,14.8369402277928,14.9405136498121,1988.19787597656
125,541,-76.4249984566122,4.27499931864441,37.3253394147524,21.3421445718178,21.2201729256373,14.8369402277928,15.0128433177104,2301.95874023438
126,542,-76.3749984558672,4.27499931864441,34.0762079724899,21.3421445718178,20.8846023357831,14.8369402277928,15.0851729798775,1886.16650390625
127,543,-76.3249984551221,4.27499931864441,30.6219437151001,21.3421445718178,20.5490317757313,14.8369402277928,15.157502667262,1862.18957519531
128,544,-76.2749984543771,4.27499931864441,28.8311591990865,21.3421445718178,20.2134612156795,14.8369402277928,15.2298323569389,1524.77221679688
129,545,-76.224998453632,4.27499931864441,29.7344932587674,21.3421445718178,19.8804667041852,14.8369402277928,15.3021620042049,1082.65197753906
130,546,-76.1749984528869,4.27499931864441,31.2380288196011,21.3421445718178,19.5500477896287,14.8369402277928,15.374491704198,924.531494140625
131,547,-76.1249984521419,4.27499931864441,30.4084403344358,21.3421445718178,19.2196290103289,14.8369402277928,15.4468213457328,934.678955078125
132,548,-76.0749984513968,4.27499931864441,30.9249429674103,21.3421445718178,18.8892101324522,14.8369402277928,15.519151027386,1007.36413574219
133,549,-76.0249984506518,4.27499931864441,32.5921716317534,21.3421445718178,18.5587912775003,14.8369402277928,15.5914807147705,1024.43237304688
134,550,-75.9749984499067,4.27499931864441,36.7448251780409,21.3421445718178,18.2283724454733,16.30511160768,15.6638103792301,1139.69897460938
135,551,-75.9249984491616,4.27499931864441,38.2311443775319,15.241960847607,17.8979536008376,16.30511160768,15.7361400952706,1527.74743652344
136,552,-75.8749984484166,4.27499931864441,40.4967340051841,15.241960847607,17.567534747032,16.30511160768,15.8084697379516,1611.0869140625
137,553,-75.8249984476715,4.27499931864441,39.7606344137054,15.241960847607,17.2371159081276,16.30511160768,15.8807994218973,1634.38244628906
108,502,-76.5249984581023,4.32499931938946,47.1191387388569,21.3421445718178,22.0745170597847,14.8369402277928,14.8780761235035,989.56787109375
109,503,-76.4749984573573,4.32499931938946,43.718196332598,21.3421445718178,21.758018972782,14.8369402277928,14.9256544090234,1158.12756347656
110,504,-76.4249984566122,4.32499931938946,39.8780710499447,21.3421445718178,21.4415208628544,14.8369402277928,14.9982238136805,1558.78186035156
111,505,-76.3749984558672,4.32499931938946,36.9341543528896,21.3421445718178,21.1250227643893,14.8369402277928,15.0707932389699,1610.77099609375
112,506,-76.3249984551221,4.32499931938946,32.9272393628668,21.3421445718178,20.808524626952,14.8369402277928,15.1433626631132,1734.82946777344
113,507,-76.2749984543771,4.32499931938946,27.9263863265514,21.3421445718178,20.4920265537042,14.8369402277928,15.2159320849639,1652.77587890625
114,508,-76.224998453632,4.32499931938946,28.6896012183279,21.3421445718178,20.1510559503849,14.8369402277928,15.2885015400556,1328.78076171875
115,509,-76.1749984528869,4.32499931938946,30.8410585781989,21.3421445718178,19.7856158935107,14.8369402277928,15.3610709573214,977.605102539062
116,510,-76.1249984521419,4.32499931938946,29.9278824077203,21.3421445718178,19.4201758893637,14.8369402277928,15.4336404009507,918.968994140625
117,511,-76.0749984513968,4.32499931938946,30.3968354793122,21.3421445718178,19.0547357889322,14.8369402277928,15.5062098124853,949.865661621094
118,512,-76.0249984506518,4.32499931938946,32.067444115304,21.3421445718178,18.6892957710303,14.8369402277928,15.5787792435059,1018.87927246094
119,513,-75.9749984499067,4.32499931938946,36.695213208978,21.3421445718178,18.3238557164486,16.30511160768,15.6513486653566,1092.11450195312
120,514,-75.9249984491616,4.32499931938946,38.2753560545926,15.241960847607,17.9584156928154,16.30511160768,15.7239181124247,1363.33264160156
121,515,-75.8749984484166,4.32499931938946,39.0299218199574,15.241960847607,17.5929756542811,16.30511160768,15.796487527398,1293.12609863281
122,516,-75.8249984476715,4.32499931938946,38.614719649347,15.241960847607,17.2275356157468,16.30511160768,15.8690569641498,1276.90734863281
93,465,-76.5249984581023,4.37499932013452,51.3625976242698,21.3421445718178,22.2577200875832,14.8369402277928,14.8625805813533,658.717590332031
94,466,-76.4749984573573,4.37499932013452,46.2419227901846,21.3421445718178,21.9602944484124,14.8369402277928,14.9107951258238,938.381652832031
95,467,-76.4249984566122,4.37499932013452,40.6101915899378,21.3421445718178,21.6628688207039,14.8369402277928,14.983604325698,1373.88610839844
96,468,-76.3749984558672,4.37499932013452,36.4119256998484,21.3421445718178,21.3654431265134,14.8369402277928,15.0564134946236,1649.54296875
97,469,-76.3249984551221,4.37499932013452,34.008710349695,21.3421445718178,21.0680175263148,14.8369402277928,15.1292226818892,1647.77099609375
98,470,-76.2749984543771,4.37499932013452,28.2415133356475,21.3421445718178,20.7705918756815,14.8369402277928,15.2020318806171,1777.04626464844
99,471,-76.224998453632,4.37499932013452,27.7486959509552,21.3421445718178,20.4216452561892,14.8369402277928,15.2748410392266,1564.67199707031
100,472,-76.1749984528869,4.37499932013452,30.2669837956245,21.3421445718178,20.0211839836377,14.8369402277928,15.3476502264921,1157.849609375
101,473,-76.1249984521419,4.37499932013452,30.2241635503104,21.3421445718178,19.6207227592285,14.8369402277928,15.4204594045877,930.004577636719
102,474,-76.0749984513968,4.37499932013452,30.240474539594,21.3421445718178,19.2202615623291,14.8369402277928,15.4932685975845,931.21435546875
103,475,-76.0249984506518,4.37499932013452,31.5051743734915,21.3421445718178,18.8198003287499,14.8369402277928,15.5660777699489,977.905578613281
104,476,-75.9749984499067,4.37499932013452,35.845739472944,21.3421445718178,18.4193390997557,16.30511160768,15.6388869480445,1041.40734863281
105,477,-75.9249984491616,4.37499932013452,37.1515547964149,15.241960847607,18.0188778191805,16.30511160768,15.7116961307251,1204.27709960938
106,478,-75.8749984484166,4.37499932013452,37.3327851117804,15.241960847607,17.6184165821626,16.30511160768,15.7845053271605,1128.56555175781
107,479,-75.8249984476715,4.37499932013452,37.8473828492256,15.241960847607,17.2179553176348,16.30511160768,15.857314481185,1112.04675292969
82,430,-76.4249984566122,4.42499932087958,39.9397779717468,21.3421445718178,21.8842167372887,14.8369402277928,14.9689848124981,1064.16577148438
83,431,-76.3749984558672,4.42499932087958,36.1283792022329,21.3421445718178,21.605863561997,14.8369402277928,15.0420337319374,1646.22204589844
84,432,-76.3249984551221,4.42499932087958,33.4116142830596,21.3421445718178,21.3275103729505,14.8369402277928,15.1150826869103,1796.77758789062
85,433,-76.2749984543771,4.42499932087958,28.3399980667119,21.3421445718178,21.0491572274612,14.8369402277928,15.1881315914484,1971.39819335938
86,434,-76.224998453632,4.42499932087958,28.2957558186295,21.3421445718178,20.6922345298987,14.8369402277928,15.2611805590299,1863.85180664062
87,435,-76.1749984528869,4.42499932087958,30.4472323916852,21.3421445718178,20.2567521196145,14.8369402277928,15.3342294945167,1293.01037597656
88,436,-76.1249984521419,4.42499932087958,30.8080101434428,21.3421445718178,19.8212696772355,14.8369402277928,15.407278418541,942.146179199219
89,437,-76.0749984513968,4.42499932087958,30.2119601752896,21.3421445718178,19.3857872509039,14.8369402277928,15.4803273700751,921.598876953125
90,438,-76.0249984506518,4.42499932087958,30.8831334440754,21.3421445718178,18.9503048131099,14.8369402277928,15.5533763032693,982.905700683594
91,439,-75.9749984499067,4.42499932087958,34.6943432125621,21.3421445718178,18.5148223180037,16.30511160768,15.6264252410485,1045.41467285156
92,440,-75.9249984491616,4.42499932087958,36.0908363639162,15.241960847607,18.0793399363756,16.30511160768,15.6994741421479,1145.52404785156
71,394,-76.3749984558672,4.47499932162464,37.2492984822736,21.3421445718178,21.846283942461,14.8369402277928,15.0276539979073,1291.14721679688
72,395,-76.3249984551221,4.47499932162464,35.2925416904573,21.3421445718178,21.5870032493885,14.8369402277928,15.1009426930776,1532.55541992188
73,396,-76.2749984543771,4.47499932162464,29.6806270964444,21.3421445718178,21.3277225058812,14.8369402277928,15.1742313905404,1767.09973144531
74,397,-76.224998453632,4.47499932162464,29.3684947089507,21.3421445718178,20.9628238127782,14.8369402277928,15.247520077687,1668.86059570312
75,398,-76.1749984528869,4.47499932162464,30.8919932392354,21.3421445718178,20.4923202074491,14.8369402277928,15.3208087751499,1518.87634277344
76,399,-76.1249984521419,4.47499932162464,31.1841866133305,21.3421445718178,20.0218165585628,14.8369402277928,15.3940974577115,1135.04162597656
77,400,-76.0749984513968,4.47499932162464,30.620612508689,21.3421445718178,19.5513129326013,14.8369402277928,15.4673861402732,919.498229980469
78,401,-76.0249984506518,4.47499932162464,30.7159879975594,21.3421445718178,19.0808093066399,14.8369402277928,15.5406748079337,941.884094238281
79,402,-75.9749984499067,4.47499932162464,34.0474549361433,21.3421445718178,18.610305673801,16.30511160768,15.613963498519,992.092590332031
80,403,-75.9249984491616,4.47499932162464,35.8380469765801,15.241960847607,18.139802003136,16.30511160768,15.687252215468,1138.18579101562
81,404,-75.8749984484166,4.47499932162464,37.990528839712,15.241960847607,17.6692983909295,16.30511160768,15.7605408773972,1135.48974609375
61,358,-76.3249984551221,4.5249993223697,37.504928837602,21.3421445718178,21.7297214315488,14.8369402277928,15.0888265084762,1303.96630859375
62,359,-76.2749984543771,4.5249993223697,32.2284192013053,21.3421445718178,21.4795821056916,14.8369402277928,15.1638824974115,1527.30285644531
63,360,-76.224998453632,4.5249993223697,28.3879899746523,21.3421445718178,21.111978838077,14.8369402277928,15.238938458837,1644.48071289062
64,361,-76.1749984528869,4.5249993223697,28.1565872852046,21.3421445718178,20.626926195163,14.8369402277928,15.3139944122388,1640.04479980469
65,362,-76.1249984521419,4.5249993223697,29.3564557501903,21.3421445718178,20.141873552249,14.8369402277928,15.3890503667868,1249.92761230469
66,363,-76.0749984513968,4.5249993223697,30.7473091880003,21.3421445718178,19.6568208932877,14.8369402277928,15.4641063190424,936.696350097656
67,364,-76.0249984506518,4.5249993223697,30.3670609746701,21.3421445718178,19.1717682526662,14.8369402277928,15.5391622861991,926.529602050781
68,365,-75.9749984499067,4.5249993223697,34.0095127958518,21.3421445718178,18.686715566195,16.30511160768,15.6142182441858,963.172424316406
69,366,-75.9249984491616,4.5249993223697,35.1743149589747,15.241960847607,18.2016629037949,16.30511160768,15.6892742124888,1154.38159179688
70,367,-75.8749984484166,4.5249993223697,37.5416482956364,15.241960847607,17.7166102666121,16.30511160768,15.7643301739142,1190.78796386719
51,321,-76.3249984551221,4.57499932311476,41.573172485026,21.3421445718178,21.7556586769911,14.8369402277928,15.0787342740939,1590.77282714844
52,322,-76.2749984543771,4.57499932311476,33.7860805498293,21.3421445718178,21.5047290508564,14.8369402277928,15.1570851206779,1385.66784667969
53,323,-76.224998453632,4.57499932311476,30.4352181806014,21.3421445718178,21.1396930561616,14.8369402277928,15.2354359443371,1667.8642578125
54,324,-76.1749984528869,4.57499932311476,27.6645268817934,21.3421445718178,20.6605646472711,14.8369402277928,15.31378676685,1807.22802734375
55,325,-76.1249984521419,4.57499932311476,29.3327287739286,21.3421445718178,20.1814362911078,14.8369402277928,15.3921376145803,1418.26391601562
56,326,-76.0749984513968,4.57499932311476,30.9673235479456,21.3421445718178,19.70230784783,14.8369402277928,15.4704884829429,1005.66693115234
57,327,-76.0249984506518,4.57499932311476,30.7293479187557,21.3421445718178,19.2231794618643,14.8369402277928,15.5488393077484,909.886657714844
58,328,-75.9749984499067,4.57499932311476,34.2185903650064,21.3421445718178,18.7440510690212,16.30511160768,15.6271901199451,947.509887695312
59,329,-75.9249984491616,4.57499932311476,35.1973779912178,15.241960847607,18.2649227013955,16.30511160768,15.7055410112326,1171.45202636719
60,330,-75.8749984484166,4.57499932311476,37.6028855703771,15.241960847607,17.7857942661414,16.30511160768,15.7838917775796,1274.43444824219
42,285,-76.2749984543771,4.62499932385981,39.1763608541626,21.3421445718178,21.5298760877206,14.8369402277928,15.150287770308,1601.16870117188
43,286,-76.224998453632,4.62499932385981,34.51362385085,21.3421445718178,21.1674072329815,14.8369402277928,15.2319334837107,1379.88671875
44,287,-76.1749984528869,4.62499932385981,29.9378582345179,21.3421445718178,20.6942031108416,14.8369402277928,15.3135791810659,1565.08154296875
45,288,-76.1249984521419,4.62499932385981,30.9298714256057,21.3421445718178,20.2209989451445,14.8369402277928,15.3952248910299,1515.43493652344
46,289,-76.0749984513968,4.62499932385981,33.2572247385979,21.3421445718178,19.747794852807,14.8369402277928,15.476870615895,1063.71643066406
47,290,-76.0249984506518,4.62499932385981,31.9781513706996,21.3421445718178,19.2745907123272,14.8369402277928,15.558516312104,910.329467773438
48,291,-75.9749984499067,4.62499932385981,36.1725142262876,21.3421445718178,18.8013865558001,16.30511160768,15.6401620255067,915.839233398438
49,292,-75.9249984491616,4.62499932385981,36.0768667998222,15.241960847607,18.3281824244903,16.30511160768,15.7218077434943,1092.27197265625
50,293,-75.8749984484166,4.62499932385981,38.1545340309923,15.241960847607,17.854978290888,16.30511160768,15.8034534580432,1273.04272460938
30,248,-76.2749984543771,4.67499932460487,43.3286621645093,21.3421445718178,21.5550230328853,14.8369402277928,15.1434904107681,1931.55126953125
31,249,-76.224998453632,4.67499932460487,37.8891838969519,21.3421445718178,21.1951214510661,14.8369402277928,15.2284309818194,1546.88195800781
32,250,-76.1749984528869,4.67499932460487,31.5025745711934,21.3421445718178,20.7278415904595,14.8369402277928,15.3133715402621,1403.42895507812
33,251,-76.1249984521419,4.67499932460487,30.5716155541058,21.3421445718178,20.2605616817108,14.8369402277928,15.3983121640407,1669.60241699219
34,252,-76.0749984513968,4.67499932460487,33.642448896972,21.3421445718178,19.7932818509065,14.8369402277928,15.4832527259221,1275.46557617188
35,253,-76.0249984506518,4.67499932460487,33.0352569359999,21.3421445718178,19.3260019650826,14.8369402277928,15.5681933290683,940.085693359375
36,254,-75.9749984499067,4.67499932460487,37.4704869492696,21.3421445718178,18.8587220379939,16.30511160768,15.6531339310683,904.67041015625
37,255,-75.9249984491616,4.67499932460487,36.7330285296417,15.241960847607,18.3914421911423,16.30511160768,15.7380744952422,977.351684570312
38,256,-75.8749984484166,4.67499932460487,38.515490895567,15.241960847607,17.9241623339745,16.30511160768,15.8230150800485,1164.96606445312
39,257,-75.8249984476715,4.67499932460487,40.6265455590418,15.241960847607,17.4568824057396,16.30511160768,15.9079556900721,1126.17407226562
40,258,-75.7749984469265,4.67499932460487,39.9135919797879,15.241960847607,16.9896025485717,16.30511160768,15.9928962370524,1251.02160644531
41,259,-75.7249984461814,4.67499932460487,44.23969570576,15.241960847607,16.522322626068,16.30511160768,16.0778368344674,1431.65832519531
20,211,-76.2749984543771,4.72499932534993,49.0801060228394,21.3421445718178,21.5801700422397,14.8369402277928,15.136693040912,2056.8994140625
21,212,-76.224998453632,4.72499932534993,44.6229009636893,21.3421445718178,21.2228356966606,14.8369402277928,15.2249284845132,1680.20654296875
22,213,-76.1749984528869,4.72499932534993,36.1164679452777,21.3421445718178,20.7614800356902,14.8369402277928,15.313163959063,1504.03527832031
23,214,-76.1249984521419,4.72499932534993,30.9098193954963,21.3421445718178,20.3001244343244,14.8369402277928,15.401399443929,1627.42236328125
24,215,-76.0749984513968,4.72499932534993,34.3177135881896,21.3421445718178,19.8387688008639,14.8369402277928,15.4896348978464,1471.33935546875
25,216,-76.0249984506518,4.72499932534993,35.9475000566588,21.3421445718178,19.3774131949131,14.8369402277928,15.5778703311315,1077.3818359375
26,217,-75.9749984499067,4.72499932534993,38.9479655087567,21.3421445718178,18.9160575476977,16.30511160768,15.6661058205825,914.086608886719
27,218,-75.9249984491616,4.72499932534993,38.6811172618316,15.241960847607,18.4547019532094,16.30511160768,15.754341251575,931.509094238281
28,219,-75.8749984484166,4.72499932534993,39.0846602979761,15.241960847607,17.9933463197488,16.30511160768,15.8425767467572,1053.80932617188
29,220,-75.8249984476715,4.72499932534993,40.8179968379151,15.241960847607,17.5319906564859,16.30511160768,15.9308121766035,1125.88415527344
14,175,-76.224998453632,4.77499932609499,47.8511040560328,21.5896634803368,21.2505498345082,14.8369402277928,15.2214260009619,1927.39086914062
15,176,-76.1749984528869,4.77499932609499,39.2115393229402,21.5896634803368,20.7951185130156,14.8369402277928,15.3129563480616,1720.97375488281
16,177,-76.1249984521419,4.77499932609499,31.8114298963203,21.5896634803368,20.3396871296259,14.8369402277928,15.4044866584815,1759.52185058594
17,178,-76.0749984513968,4.77499932609499,33.588180816804,21.5896634803368,19.884255782916,14.8369402277928,15.4960170434071,1523.64990234375
18,179,-76.0249984506518,4.77499932609499,35.5478275107363,21.5896634803368,19.4288244293286,14.8369402277928,15.587547353827,1166.57983398438
19,180,-75.9749984499067,4.77499932609499,40.415618829859,21.5896634803368,18.9733930688638,16.30511160768,15.6790777112429,929.821899414062
7,138,-76.224998453632,4.82499932684005,50.8651475195701,21.5896634803368,21.2782640823951,14.8369402277928,15.2179235002169,2130.9150390625
8,139,-76.1749984528869,4.82499932684005,43.201383801607,21.5896634803368,20.8287569399063,14.8369402277928,15.3127487370601,1937.96130371094
9,140,-76.1249984521419,4.82499932684005,35.1759575745807,21.5896634803368,20.3792498570222,14.8369402277928,15.4075739463935,1975.30212402344
10,141,-76.0749984513968,4.82499932684005,37.1261395187332,21.5896634803368,19.9297427305808,14.8369402277928,15.5023991637505,1619.07836914062
11,142,-76.0249984506518,4.82499932684005,38.166932948077,21.5896634803368,19.4802356522817,14.8369402277928,15.5972243696451,1331.10864257812
12,143,-75.9749984499067,4.82499932684005,41.9978757609542,21.5896634803368,19.0307285075004,16.30511160768,15.6920495801247,1023.81231689453
13,144,-75.9249984491616,4.82499932684005,41.6309428131924,16.2300120110695,18.5812214498336,16.30511160768,15.7868748089442,918.29443359375
4,103,-76.1249984521419,4.8749993275851,39.8331603427919,21.5896634803368,20.4188125569087,14.8369402277928,15.4106612308667,2051.62963867188
5,104,-76.0749984513968,4.8749993275851,41.2526441991616,21.5896634803368,19.9752297447278,14.8369402277928,15.5087812818014,1850.22033691406
6,105,-76.0249984506518,4.8749993275851,41.5139463125513,21.5896634803368,19.5316468614798,14.8369402277928,15.606901379732,1470.26306152344
2,67,-76.0749984513968,4.92499932833016,44.0238086056824,21.5896634803368,20.0207167153175,14.8369402277928,15.515163441117,1929.56372070312
3,68,-76.0249984506518,4.92499932833016,42.9618202648484,21.5896634803368,19.5830580775554,14.8369402277928,15.6165783989888,1489.58618164062
1,30,-76.0749984513968,4.97499932907522,44.697427463073,21.5896634803368,20.0662036652748,14.8369402277928,15.5215455866777,2018.1494140625
