"anio","semana","precipitacion_mm","temperatura_vecino_c","temperatura_bilineal_c","radiacion_vecino_mj_m2_dia","radiacion_bilineal_mj_m2_dia","fecha"
2010,1,33.4319848110655,21.4552376291147,21.4075139382143,18.0581509587369,18.3833164793409,2010-01-01
2011,1,85.7404263707709,19.1061327631202,19.1355969996216,15.0108619361855,15.1469826086617,2011-01-01
2012,1,80.5426545219588,19.631988939669,19.6546475352073,13.5786920219399,13.7179551027259,2012-01-01
2013,1,16.2419394782959,20.6985608412295,20.6677468789215,16.1020174999626,16.319685701031,2013-01-01
2014,1,9.25208453325767,20.3820140424345,20.3744211739076,13.9872637420632,14.0973139017733,2014-01-01
2015,1,1.72801265494121,20.854529279314,20.7926808446211,18.6379570585646,18.9193553507502,2015-01-01
2016,1,59.3661525617883,21.9054478598058,21.8911110180112,14.2846563925896,14.3963821844874,2016-01-01
2017,1,71.4119978562736,20.2937359100876,20.2873903877881,14.1106102543044,14.2517199029728,2017-01-01
2018,1,54.8929074165077,19.6393020980212,19.6620687798925,15.5152438569694,15.6032900879751,2018-01-01
2019,1,71.5775989860557,21.3100954450602,21.2962742129846,16.8934341005264,17.1158670475462,2019-01-01
2020,1,16.1439569611591,20.6229573797554,20.6600324252604,17.6954222309346,17.850180395143,2020-01-01
2021,1,54.9064108442635,19.8083067051523,19.8318629070204,13.9660994318414,14.0319070009726,2021-01-01
2022,1,85.7344309456494,20.2359326129057,20.2409914172426,12.2173701486504,12.4857213031446,2022-01-01
2023,1,49.3405578828066,19.5615661609972,19.5786288125174,14.0228281118432,13.9928399341795,2023-01-01
2024,1,10.8893719497992,21.734044158424,21.7240364864338,17.19012728933,17.4131440310019,2024-01-01
2025,1,28.6656571206129,19.9218469152645,19.9312047416198,13.5781423941298,13.6755307158645,2025-01-01
2010,2,4.30597518623397,21.7698563806517,21.7450883214745,15.5376260343168,15.7804011964937,2010-01-08
2011,2,37.0344849619852,20.0043777196122,19.9822190607254,14.0060371240443,14.2656890630027,2011-01-08
2012,2,80.4589492947993,19.9076740303818,19.9134981945027,14.9025509628541,14.9974505129778,2012-01-08
2013,2,70.7712202517006,20.7586654490702,20.7547703011738,14.3440065356107,14.4797192704226,2013-01-08
2014,2,81.8305378710911,20.1197520720368,20.1034702879347,14.3222072173138,14.4519162122432,2014-01-08
2015,2,11.4577882105686,20.9871324450212,20.956257419753,14.5941880145504,14.8173024619634,2015-01-08
2016,2,110.751780273615,20.8780924544042,20.944607726339,14.1792627965744,14.2913791125439,2016-01-08
2017,2,47.0140479326943,19.9695629684293,19.9739649149836,12.8065845736957,12.8006379416663,2017-01-08
2018,2,64.0797170709938,19.3033759086542,19.3282784178375,14.9837214105678,15.0120381433137,2018-01-08
2019,2,21.5277693083961,19.8501959945301,19.8807364302543,15.4211182079927,15.3738026827487,2019-01-08
2020,2,0.0391324490916972,21.4200289395391,21.3778489171242,18.5493955361947,18.7707851565614,2020-01-08
2021,2,45.6461528960192,20.3231362045333,20.3100335702257,15.386231001195,15.4824870515495,2021-01-08
2022,2,29.3438065781885,19.8321179606824,19.8694510710135,15.328227789687,15.2665136784923,2022-01-08
2023,2,50.6529837745967,19.2622821560406,19.2750364795718,14.1477384678476,14.1289953337466,2023-01-08
2024,2,13.3381879517358,21.5847809266071,21.5864442013443,15.7627072556721,16.0379062004757,2024-01-08
2025,2,19.0230283552982,20.7222138313093,20.7211383702804,15.0476844526241,15.2458919589095,2025-01-08
2010,3,14.328843153948,22.4802182728626,22.4274060663607,16.0856622912793,16.3003459949883,2010-01-15
2011,3,54.662050279862,19.8767848445792,19.9037424454536,15.2156937588061,15.4818998147725,2011-01-15
2012,3,38.1057240900423,19.546924467337,19.5541166550216,15.1991168277952,15.1700511645993,2012-01-15
2013,3,9.17470011314915,20.4358164089414,20.456529144643,13.2797872123496,13.3845339085548,2013-01-15
2014,3,26.3698236511331,20.7953537838105,20.7759050363702,13.803163269866,13.9339647028954,2014-01-15
2015,3,77.0774758466826,19.6465116534219,19.687326222745,13.7106645837122,13.8132407171733,2015-01-15
2016,3,2.99447957350283,21.933742392515,21.9660585976203,16.2996589240805,16.5602540803025,2016-01-15
2017,3,54.4109390108648,19.6601542675808,19.6940209803011,15.3259703605585,15.1984209402657,2017-01-15
2018,3,23.4892829034488,19.5769387348053,19.5857745746134,14.5788067061421,14.5830611431911,2018-01-15
2019,3,17.9069393595176,21.2632571239861,21.2411120556534,14.132648726594,14.2046775901283,2019-01-15
2020,3,16.4167285707532,21.8348022939165,21.8048520880607,14.9873949264993,14.9372529135501,2020-01-15
2021,3,10.2057505404636,20.9495332651166,20.9517921609017,16.0749229578513,16.2704471429652,2021-01-15
2022,3,3.83969030870293,21.014622955211,21.0027939042962,15.4519511409126,15.4449021976126,2022-01-15
2023,3,75.0031518213255,19.5033649508529,19.4997181683866,14.332853092049,14.3636343750245,2023-01-15
2024,3,17.9662369089989,22.4492127387934,22.4151706250694,15.7077235814086,15.9436426371249,2024-01-15
2025,3,3.24475348760366,20.8085836349354,20.7977073046626,17.7417679833949,18.020810032725,2025-01-15
2010,4,27.3762788855995,21.0883405868931,21.095636851586,12.4584338922195,12.7409072297655,2010-01-22
2011,4,8.34790285474705,19.7511246058406,19.7631867314219,15.3508410884757,15.6210128948223,2011-01-22
2012,4,110.453472846451,19.2253480180012,19.2611498679781,14.8665702349938,14.8773951182908,2012-01-22
2013,4,45.4921448091724,21.0338340097544,21.0533411815632,13.6034940130161,13.7833158101007,2013-01-22
2014,4,55.9845335824149,20.4218968983642,20.4473496901398,14.5789921902359,14.6974549557655,2014-01-22
2015,4,48.9966851865585,19.8431216120372,19.8772828141037,14.854941445954,14.9025523975361,2015-01-22
2016,4,9.45596401684486,21.9937922447138,22.0024440198181,15.9430199114296,16.1937509959363,2016-01-22
2017,4,30.3785631265654,19.8954854192261,19.9301345397015,18.1004992643529,18.0345090137626,2017-01-22
2018,4,39.9693861535965,20.6293776125672,20.6088430707726,14.6720094819806,14.8547082155856,2018-01-22
2019,4,1.19808513742842,21.6569967269897,21.6460765666239,15.1188631474798,15.2478961916776,2019-01-22
2020,4,54.2453903665348,20.3418535644042,20.3994312105652,15.7382403643416,15.6745518525905,2020-01-22
2021,4,11.349934848335,20.8464723787224,20.8313533905296,15.3513828158031,15.3625720819301,2021-01-22
2022,4,18.7644765526491,20.2022866424249,20.2373855134836,13.8293272288131,13.8740156065271,2022-01-22
2023,4,38.2888201992991,20.0451250868706,20.0138835184081,16.5928301727807,16.7737956478019,2023-01-22
2024,4,11.9275349658363,22.7469011951814,22.7226399430033,17.8535691544891,18.2631836674304,2024-01-22
2025,4,23.163103105723,20.8747710069484,20.8398553581349,15.8566245295911,15.957771929638,2025-01-22
2010,5,97.5613004417531,22.9771263189288,22.9246673305945,16.6745337425098,16.8606022829217,2010-01-29
2011,5,67.8401295749509,20.1796312512879,20.1665230478559,15.6539691488527,15.7640932280538,2011-01-29
2012,5,36.4289746235828,19.6879822450199,19.710012321917,14.7894295964922,14.9224724477651,2012-01-29
2013,5,10.2195612133071,20.7103101908292,20.7239160120661,14.1553831628738,14.3070413600599,2013-01-29
2014,5,17.4537719971237,20.0603622180727,20.0932917859047,13.8827988149126,14.0446756768852,2014-01-29
2015,5,11.4193712368651,20.7406555459381,20.712090871772,15.0803309932742,15.0389214549051,2015-01-29
2016,5,2.60416987616536,21.3101453669912,21.3566387888294,15.7248537616897,15.949395835921,2016-01-29
2017,5,3.39280352708897,20.8516096109552,20.8538204615735,15.6318951820841,15.6708483695984,2017-01-29
2018,5,40.563270983126,21.1940065417276,21.2000417014253,14.668444278984,14.7327872045534,2018-01-29
2019,5,24.2463813731691,20.7587444789208,20.7821425779915,13.7071782701565,13.8396074612009,2019-01-29
2020,5,10.7945657902487,21.2058767229753,21.2267841555982,17.1561973018479,17.274210669904,2020-01-29
2021,5,27.9715044282963,21.4260996993707,21.3945356847246,16.5739186915295,16.7646741227575,2021-01-29
2022,5,36.315666592851,20.2899832600407,20.3330028995481,15.3281134057671,15.4416551923613,2022-01-29
2023,5,8.49462094147073,20.5206247126743,20.4863700352327,15.9594480581256,16.3210163533514,2023-01-29
2024,5,58.175037119896,22.0438088202963,22.0398429614809,14.920833023227,15.0040035623156,2024-01-29
2025,5,41.0781858959629,21.2532632065932,21.2398758490649,14.4275261514736,14.4682399051878,2025-01-29
2010,6,52.571539955306,21.3900395913305,21.4033519589171,13.0685341226116,13.2559446927062,2010-02-05
2011,6,34.7240146978951,19.6871137869254,19.7064800192941,13.0175094952041,13.1351129362256,2011-02-05
2012,6,17.862728775764,19.7111701033901,19.7132151064303,13.7681110982645,13.8541970642246,2012-02-05
2013,6,137.341966676295,19.5861495090296,19.6072894268759,12.5061993501624,12.529136730005,2013-02-05
2014,6,30.249809032974,20.3997083780717,20.4100976171021,15.567284183669,15.5239255880128,2014-02-05
2015,6,84.9354060370442,19.9205643220129,19.9368288593459,12.9464636446783,13.0509160086295,2015-02-05
2016,6,18.2712263657817,22.0820785833865,22.0687555001706,14.2090692728671,14.1832329594359,2016-02-05
2017,6,33.2849924731185,21.1500770135107,21.1476153521079,17.5903724011457,17.7816022005443,2017-02-05
2018,6,6.68109609816582,20.7459206567214,20.7698273617047,13.7504017624146,13.8061653671042,2018-02-05
2019,6,40.1997882346718,20.8778012056045,20.8676794319042,12.7643274399004,12.8417488979529,2019-02-05
2020,6,4.43859126512233,21.63335687287,21.6344337129732,18.7563200302791,19.0349053279999,2020-02-05
2021,6,31.7989678643535,21.152436414891,21.1480400708257,14.6922825307262,14.8012970877111,2021-02-05
2022,6,11.0393351921187,19.9204457216291,19.9533707838364,14.0679199466205,13.9894696366335,2022-02-05
2023,6,9.93751684395982,20.8744985452546,20.8458462762416,15.8081275520102,15.9207667984698,2023-02-05
2024,6,59.7427722719598,22.0173969936093,22.0032231383699,15.0573926124906,15.095989412191,2024-02-05
2025,6,83.2178032266155,20.2009077822849,20.2217036989618,12.8029526385204,12.7872837291862,2025-02-05
2010,7,49.1159076078988,21.8675405124186,21.8666135409831,15.2172242100663,15.3452705683583,2010-02-12
2011,7,66.2595307326525,19.6734317482039,19.696219025826,14.4189647988745,14.3915244288764,2011-02-12
2012,7,78.8872753482518,19.480834985961,19.5372604809419,17.8099538174732,17.9664053652794,2012-02-12
2013,7,18.4537541522229,19.7903808463072,19.7878200361402,14.2017157209858,14.191295330448,2013-02-12
2014,7,51.3756883220839,20.3796290100142,20.3944801297202,15.2900064248733,15.4195503840989,2014-02-12
2015,7,14.1156715147697,21.1532613709786,21.1288578433824,15.6836567272598,15.7570510230329,2015-02-12
2016,7,33.2585537068698,22.2762849657598,22.2644427635927,14.5215702918806,14.6009214431829,2016-02-12
2017,7,33.180440661511,20.5650562558855,20.5760841411335,19.7384255300805,19.6460804953172,2017-02-12
2018,7,54.1058358492726,20.4499706346162,20.4544722721111,14.4946521475433,14.4290101576825,2018-02-12
2019,7,1.60187177338336,21.2733236179407,21.2733458833166,15.6931547298376,15.8672641692982,2019-02-12
2020,7,9.49650298167596,22.2150915746439,22.2030533215047,17.9083130227581,18.0428544550526,2020-02-12
2021,7,32.8187636654857,20.5299753405957,20.5704111510741,14.7664932815396,14.7469924073178,2021-02-12
2022,7,58.1812663439759,20.3067909440911,20.3280059547536,13.323463117416,13.3887451980969,2022-02-12
2023,7,42.5441880976841,20.834154445993,20.8204985332211,13.5789274821824,13.6725928415015,2023-02-12
2024,7,12.5936036311503,22.5636152234091,22.5407678948895,17.127130722513,17.0601496710374,2024-02-12
2025,7,81.7803816781447,20.0944878047131,20.1234956163012,14.7326970072599,14.7593732728207,2025-02-12
2010,8,18.5302195521207,21.8153413933846,21.8255067942094,14.4277027341437,14.5176926243062,2010-02-19
2011,8,68.7631201424335,19.7842297554016,19.8049947777573,16.1565663473947,16.0504010731555,2011-02-19
2012,8,2.04547705177663,19.6221326252462,19.6598754457413,15.8085275182919,15.9759840395291,2012-02-19
2013,8,30.8849279387004,21.0509081832174,21.0258716466476,15.1202103389595,15.2270048505711,2013-02-19
2014,8,56.0935016606361,20.0095105741184,20.0390012424124,12.4505162072251,12.5384367242151,2014-02-19
2015,8,6.76314250755588,20.6617741682092,20.6796559175319,16.7067344529288,16.7669537811168,2015-02-19
2016,8,15.4225420260221,21.6421134993217,21.641740918507,13.6564432219236,13.6601156270886,2016-02-19
2017,8,3.51898093612827,20.1048564855281,20.1289578721405,16.8020364786376,16.8262410497526,2017-02-19
2018,8,28.5651788398754,19.843744561554,19.8671562205946,17.1346436672934,16.8581996005756,2018-02-19
2019,8,72.4620296246109,20.8550436281254,20.8465749223448,15.5757894418677,15.6536569845572,2019-02-19
2020,8,42.8307586734566,21.5176216381284,21.5364085161304,13.5001247631218,13.6101243530696,2020-02-19
2021,8,65.3427386402041,21.0160306007452,21.0327097055863,16.5378215778673,16.3702099274616,2021-02-19
2022,8,77.0769090735878,20.4680571875836,20.4857592429781,15.3330861694959,15.283121841642,2022-02-19
2023,8,51.3552076385598,20.5979508644638,20.5713623188675,14.0130319567533,14.2748782794608,2023-02-19
2024,8,26.3476611653848,21.5201414430802,21.5800926914716,17.3087881494194,17.2930389687897,2024-02-19
2025,8,41.5435805049652,20.4982631088346,20.5035233650541,14.5755748804387,14.6191181510948,2025-02-19
2010,9,58.3296590727203,21.5574822912411,21.557830321198,15.2121160273649,15.2897245876991,2010-02-26
2011,9,68.446101858734,19.6204955570899,19.6392442811682,16.086258052737,16.0329138377665,2011-02-26
2012,9,26.2446740160183,19.8846917458248,19.8989315686351,16.1886544575149,16.1920529968885,2012-02-26
2013,9,36.2824801293476,20.9404560567339,20.9340006186038,13.3278631037943,13.4038132828804,2013-02-26
2014,9,68.0603900803769,19.8929198782229,19.9282484207487,14.089156584559,14.0134305425705,2014-02-26
2015,9,30.7624050229353,20.5991379234603,20.6018167223249,15.554987853192,15.565792564748,2015-02-26
2016,9,31.9391400483885,21.5741812925645,21.6172150870454,13.0199022265287,13.0994005342267,2016-02-26
2017,9,40.3734187732285,20.2026781257318,20.2283058972817,15.9372238167521,15.9301091116302,2017-02-26
2018,9,0.901586108235507,20.4272261500011,20.4480687814273,18.0787110704027,17.9449134415162,2018-02-26
2019,9,20.84402172489,20.7562640470944,20.7489245695553,16.0504955647638,15.9195771995856,2019-02-26
2020,9,34.4980521942367,21.1355871612059,21.143733797546,15.2167950496729,15.2141220451444,2020-02-26
2021,9,35.0045220692026,20.6364932213163,20.6382630656829,14.8753809887188,14.8095594467297,2021-02-26
2022,9,55.6509742681209,19.8478466484359,19.8605191241895,13.6138903642882,13.6412745801075,2022-02-26
2023,9,20.5992694450189,21.0528693463295,21.033946409865,14.53155538014,14.6178603714479,2023-02-26
2024,9,23.1481633346213,21.1934302360601,21.2206063201059,14.9231111899062,14.9511364959072,2024-02-26
2025,9,56.2377466408226,20.5694378138284,20.5913991761277,15.0378260098115,14.9587428284804,2025-02-26
2010,10,33.9151263904294,22.2539130703006,22.2381173236725,14.6529466904287,14.6872641616243,2010-03-05
2011,10,34.7659474576527,19.4180423733792,19.4465052574091,15.5304041492696,15.5107155986152,2011-03-05
2012,10,51.6510621736766,20.2765347658719,20.2414012553045,15.4142465049254,15.4185878319921,2012-03-04
2013,10,35.7491613577823,21.3435652902453,21.333032677542,15.302578078067,15.3480195234538,2013-03-05
2014,10,47.9300969640993,19.7251749886716,19.7627681128833,13.7917785185767,13.828778722891,2014-03-05
2015,10,45.4112263803232,21.4264553448202,21.3963024456369,15.8284735387685,15.7772160424435,2015-03-05
2016,10,32.8587884777836,20.8192106780783,20.8536721554859,14.6761722606403,14.7241044239122,2016-03-04
2017,10,29.7325422138236,20.4934086813524,20.4939622906832,14.4655583759786,14.485105845393,2017-03-05
2018,10,2.8273885416915,21.0726218237474,21.0554328006489,16.6286735020296,16.7296043193028,2018-03-05
2019,10,46.0698107206439,21.1974364049928,21.1928644041278,14.4999813741567,14.4278650172598,2019-03-05
2020,10,38.9226409589584,21.8339399999502,21.8085905553301,15.3856745878392,15.4414344793158,2020-03-04
2021,10,52.479405458745,20.4048187628432,20.4107442875298,13.16370663768,13.2208003233195,2021-03-05
2022,10,56.8744413192349,20.1240128831335,20.1452714361185,18.0545790174612,17.9215147112966,2022-03-05
2023,10,21.1702664272083,20.0300273700636,20.0375255884999,12.5435217184506,12.4702100239412,2023-03-05
2024,10,3.56573491958418,22.236463838694,22.2246768273,15.2936340017847,15.264529452032,2024-03-04
2025,10,63.5140962169747,19.9932365097735,20.0474600847539,14.8741688269568,14.7522329658531,2025-03-05
2010,11,61.2975086762676,21.604059152631,21.601266115817,15.4397581534205,15.506147828116,2010-03-12
2011,11,57.7997532335732,19.8692252211946,19.9142432476967,17.788675616851,17.8025217973804,2011-03-12
2012,11,50.2037583829363,20.8402770406651,20.7886495965563,15.7477594186544,15.6889229126644,2012-03-11
2013,11,73.8921357980623,20.4776447813295,20.4847830780741,13.8480361696582,13.8949592259465,2013-03-12
2014,11,55.7900203170999,19.8391587532644,19.8883308530201,13.6013556305243,13.5867956497926,2014-03-12
2015,11,14.7237763526488,20.5184066260869,20.5370911523135,13.8394565623981,13.9260904462275,2015-03-12
2016,11,36.8528474857786,21.1541981599769,21.1682903690171,14.3556620845294,14.3201692695173,2016-03-11
2017,11,112.368723944394,20.1695855574427,20.1998324463736,15.6283422600771,15.6831545426616,2017-03-12
2018,11,10.3663741475292,20.6640776003067,20.6916580255803,16.5570824028104,16.7589385863991,2018-03-12
2019,11,53.262246643489,21.1393397111587,21.1378372904163,14.0513161834405,14.1384254655755,2019-03-12
2020,11,48.9430113346167,21.0237818125733,21.0316971147721,13.6769802883137,13.7700745885643,2020-03-11
2021,11,72.5024959936782,20.0411933740443,20.0734179513447,15.6897231858256,15.5934451592559,2021-03-12
2022,11,3.96329463327591,20.6639273062392,20.6768359331626,17.5366473601094,17.5473949082044,2022-03-12
2023,11,107.144486524621,19.5816934449332,19.6172117491853,14.868784173237,14.8592181608906,2023-03-12
2024,11,16.3885992153741,22.9468222832193,22.9159302892212,15.5428531760725,15.4670558281612,2024-03-11
2025,11,59.2578700902511,20.1335693448348,20.1708172389439,14.5983153209742,14.5768232303875,2025-03-12
2010,12,36.7796053121806,22.4751541399052,22.4414843511998,18.2929406458018,18.3989158580324,2010-03-19
2011,12,39.5453343725065,19.9839607550173,19.9860662079413,15.291251557909,15.2246880350586,2011-03-19
2012,12,67.0508776239334,19.9593856550167,19.9649525842583,13.8420932146968,13.9495504270837,2012-03-18
2013,12,77.8715532180519,20.307778127687,20.333341060505,14.9486482998373,14.9748853928146,2013-03-19
2014,12,26.7957886078615,20.7038572105652,20.7075314480084,15.7945460981252,15.7134308689885,2014-03-19
2015,12,35.1344996777637,19.9748229730234,20.0088119896091,16.5191070331429,16.4288979243954,2015-03-19
2016,12,39.8931967954941,22.0598794670216,22.0522817050055,14.9881359606373,15.0905062603186,2016-03-18
2017,12,27.273301431806,20.2148979662459,20.2442937606278,15.6463660679475,15.4972554824095,2017-03-19
2018,12,56.7970544520342,20.6184719102376,20.6156595802863,15.0537527017621,15.1854666120457,2018-03-19
2019,12,56.5394860043818,20.7032607387176,20.6933320520918,13.1927277993183,13.1888626671393,2019-03-19
2020,12,2.20805220214688,20.7495333835613,20.7459989720114,18.6956368743852,18.4757348775169,2020-03-18
2021,12,50.8678653539096,20.65128489625,20.659630259689,16.5153043443886,16.3218143952484,2021-03-19
2022,12,34.1213896288469,20.6483341695268,20.66159993497,15.2453022739978,15.2126745343556,2022-03-19
2023,12,45.3503445842176,20.4578006371812,20.4714194873332,15.5466493183948,15.5157902275508,2023-03-19
2024,12,29.9520564451162,21.8286840283141,21.8536856793106,15.8582361154584,15.906854575299,2024-03-18
2025,12,47.5043263866324,21.6648001156465,21.6316368642423,16.0374720173049,16.068018387775,2025-03-19
2010,13,21.5102545276675,21.8239544682183,21.8187433276163,15.1828404779684,15.1814913972126,2010-03-26
2011,13,55.1520099584285,20.6810308350766,20.6588366316637,16.4801147143973,16.5608888603855,2011-03-26
2012,13,80.3123044272553,20.6775884489276,20.6418232417315,15.9606309465347,15.9730743930917,2012-03-25
2013,13,36.4154577893001,21.3643459425723,21.3408846535419,15.8480758472365,15.9836716095838,2013-03-26
2014,13,70.190575135345,21.1013242927307,21.1047050932058,16.640422722341,16.7428268357547,2014-03-26
2015,13,63.9714427842343,19.989818792649,20.020779934986,14.694356321941,14.7095027484282,2015-03-26
2016,13,27.3602274016806,22.1858582510545,22.1773423981736,15.2599372974985,15.3194150229585,2016-03-25
2017,13,75.2501503448097,20.1231863561247,20.150670274006,14.7803811748938,14.9621547888041,2017-03-26
2018,13,88.6985574727851,20.4979594789511,20.500490404079,13.5741836030699,13.5382671050358,2018-03-26
2019,13,51.9603915311852,20.9740255594949,20.9602250941641,12.447734586699,12.551480875766,2019-03-26
2020,13,11.2582411779954,20.7025280443642,20.7154043436745,13.2474451245789,13.3460525368115,2020-03-25
2021,13,79.3978016821358,20.9893042839651,20.9720714196519,14.2569802745786,14.3455417649739,2021-03-26
2022,13,46.5977170307504,20.4164533920955,20.4171836549965,14.4672033626901,14.4465760406183,2022-03-26
2023,13,38.3691427353172,20.7374572170024,20.7133235875789,14.7427363923965,14.6647135008876,2023-03-26
2024,13,42.8300740086302,21.3416059427289,21.375518712636,14.5600916136806,14.4743342997381,2024-03-25
2025,13,77.2967552930204,20.6449435709517,20.672421424799,14.9721490857205,14.9936217872464,2025-03-26
2010,14,78.0339037113913,21.3849961556082,21.3908841686416,15.0194148322236,15.1248980736246,2010-04-02
2011,14,79.473718618165,20.0108145166069,20.0365545992949,15.8707663199644,15.9378557483239,2011-04-02
2012,14,42.4291103518739,20.2773615055807,20.2755593071874,15.4384592072957,15.4590269636482,2012-04-01
2013,14,45.5240978499543,21.1116661733511,21.1177263565731,14.8406895645853,14.8762606323287,2013-04-02
2014,14,43.254321974151,21.1011845975159,21.078581798876,15.5876218612271,15.567496266379,2014-04-02
2015,14,25.7686491672916,20.7258141464812,20.7015250431205,14.5020721730268,14.5372928794549,2015-04-02
2016,14,75.5580690567417,21.2100188280334,21.2227865280285,14.2769180192197,14.2840321140456,2016-04-01
2017,14,47.2886178458745,21.2239817266214,21.2148539290136,18.3501519628586,18.5254971640451,2017-04-02
2018,14,46.8470329459833,19.8170324650867,19.840217334536,16.1074258189855,16.0099335828953,2018-04-02
2019,14,54.5018409153463,20.5844793931388,20.59217680717,15.1916076643474,15.0911122716898,2019-04-02
2020,14,5.50874712828645,21.489406824807,21.4736842441837,15.6363370383794,15.5966902696704,2020-04-01
2021,14,99.0619389308785,20.903115080675,20.8671525212836,15.0398003019327,14.9872120114874,2021-04-02
2022,14,83.6561291947657,20.8864558500729,20.8691323755781,15.9246853433615,15.9804273875045,2022-04-02
2023,14,64.3714632390192,20.8754308606028,20.8636592567488,15.1337881241178,15.1091724721058,2023-04-02
2024,14,62.9784533636911,21.3294918293856,21.3352049919329,14.9536693214328,14.9537872489618,2024-04-01
2025,14,85.262687104784,21.0078026296098,21.001357495611,16.9818663138342,16.8777938403472,2025-04-02
2010,15,113.872095380511,20.9958454360072,20.9919667508095,14.3324427479558,14.4124791100838,2010-04-09
2011,15,104.333587835551,19.7544711296482,19.7741022916299,14.735329281832,14.7138077218748,2011-04-09
2012,15,83.9253545697159,19.8405788869274,19.8683590680448,15.2931632453429,15.1708025445743,2012-04-08
2013,15,54.4629463864485,21.1853498898164,21.1942381511277,15.9568238230558,15.8632178445599,2013-04-09
2014,15,47.6694188402971,21.0720656842602,21.0440539479603,15.4548230101694,15.4632115669918,2014-04-09
2015,15,91.6151273639835,21.1171097435687,21.0791910744269,16.934625211332,16.8723823919936,2015-04-09
2016,15,67.8247418195096,21.1694792255368,21.1787668984416,13.7584840757854,13.7109668331313,2016-04-08
2017,15,45.9427273391635,20.7573155606106,20.7382363299934,15.349452205024,15.2776765739953,2017-04-09
2018,15,60.2199257469733,19.8441024146344,19.8641075740403,16.10926501744,16.0049475706006,2018-04-09
2019,15,44.9895967255528,20.8992292498708,20.9055794390576,15.6034133594168,15.6295768081621,2019-04-09
2020,15,91.4964768101106,21.3510348789893,21.3491547865353,13.4773574167368,13.4967735043072,2020-04-08
2021,15,38.7105499613737,20.8288689827432,20.78673902823,15.2810536543065,15.2822799793833,2021-04-09
2022,15,48.4848488357255,21.0913952363128,21.0733846714476,15.3683821619773,15.3907470633615,2022-04-09
2023,15,48.9172053629038,21.0032886277135,20.9835822464078,14.6732254528791,14.6862228048786,2023-04-09
2024,15,25.2304735746745,22.5780134034226,22.5602501766327,17.1325969056555,17.306063058425,2024-04-08
2025,15,55.599652515556,21.0195980600296,21.0219302358155,16.8355082158792,16.8226369212737,2025-04-09
2010,16,62.1248477207328,21.5906080184803,21.5674475261143,17.3865346713942,17.4968811513384,2010-04-16
2011,16,108.682611287509,19.5071928230041,19.5316238250399,15.7816470524312,15.763361191263,2011-04-16
2012,16,50.4605707427156,20.0930424904337,20.1176854000147,15.6347666593057,15.6082737967155,2012-04-15
2013,16,77.9105228390708,20.3425365703794,20.3433559545623,15.0166324929663,15.073586526487,2013-04-16
2014,16,65.1003795337399,20.7209929001922,20.708752943545,15.7113660834621,15.7027262306769,2014-04-16
2015,16,54.9190786378377,20.6055702176108,20.5917667369453,17.4469864403194,17.3895368019971,2015-04-16
2016,16,63.3990722383772,21.7741816106413,21.734425141582,15.5352580206735,15.65597848781,2016-04-15
2017,16,80.2714350341708,20.6095603464644,20.6025615920131,16.0419553181173,15.9991495935979,2017-04-16
2018,16,41.205780570083,20.8296397768026,20.8051111566082,14.6358977073136,14.5626526810337,2018-04-16
2019,16,96.2096187380243,20.7331382818194,20.7431807782143,14.5762955329161,14.5270268367956,2019-04-16
2020,16,32.0296171733311,20.589089757847,20.6090175194921,15.9792481608711,15.8704409891245,2020-04-15
2021,16,88.8087431793658,20.4443167722607,20.4405207898109,16.914495740618,17.0228316165268,2021-04-16
2022,16,66.1627768886333,19.8217680892166,19.8392041751317,14.0603395328577,14.0316266401864,2022-04-16
2023,16,56.5420371019458,20.7656208905812,20.7782979970771,14.595727003003,14.5433954414056,2023-04-16
2024,16,70.3817639392597,21.5207664278436,21.5327879680489,14.6012204270321,14.6964580574814,2024-04-15
2025,16,35.8935787010471,21.4152434880115,21.391762900283,14.4230092565798,14.5074957619603,2025-04-16
2010,17,58.0558652391239,21.4703247609708,21.4581831884801,13.9279739210279,14.0770144824036,2010-04-23
2011,17,72.3642373592443,20.3921786730908,20.3864132669855,17.3947479898659,17.3360154677411,2011-04-23
2012,17,83.0013021769398,20.3113930009892,20.311870886355,15.1589819390989,15.2758384070661,2012-04-22
2013,17,74.2362649892579,20.4326864665173,20.4587284747088,16.5291293828202,16.7325564000766,2013-04-23
2014,17,101.330910963498,20.901868227967,20.8738326720524,15.5100146799671,15.6047115284222,2014-04-23
2015,17,34.198457558023,21.3653562395635,21.3331916353098,16.2375175097941,16.3418598828441,2015-04-23
2016,17,20.5610857246221,20.9681466188792,20.9700334565633,13.9667512863092,14.0327216348565,2016-04-22
2017,17,58.1466657468946,21.0249165737942,20.9978989748496,14.5621948839972,14.7689425535174,2017-04-23
2018,17,59.1391227182772,20.6593607048947,20.6327909102593,14.5898478566384,14.6060948538711,2018-04-23
2019,17,51.5977946856974,21.4672321647666,21.4408395561463,15.9494376766438,15.9621592165777,2019-04-23
2020,17,40.8790486776446,20.9274194678482,20.9418145977721,16.3389940859625,16.389253360537,2020-04-22
2021,17,52.0155742529877,20.5120908609285,20.5113876846024,14.6334796716451,14.6987786918618,2021-04-23
2022,17,56.4750496653009,20.4597501226486,20.4604233750101,15.3323656476969,15.3173750913525,2022-04-23
2023,17,40.4088705218568,20.8731714532257,20.8729198111042,16.8620703839005,16.7480971472604,2023-04-23
2024,17,77.918087550572,21.2326177758309,21.2413075199628,15.3548456656342,15.3311336520114,2024-04-22
2025,17,44.3861824847519,20.8916413971704,20.9013511001542,15.2739506740959,15.3028244040798,2025-04-23
2010,18,92.74142152992,20.6299457216402,20.637839759404,16.2155187317651,16.1832603921696,2010-04-30
2011,18,104.404247962351,20.9573968353494,20.9403995563963,14.7587150331836,14.770250706909,2011-04-30
2012,18,83.1763144220625,20.2545794481439,20.2373748534622,16.4387817494028,16.4309024616164,2012-04-29
2013,18,94.3594823731625,20.3328195980617,20.3486224763943,15.8300191459433,15.8094485466404,2013-04-30
2014,18,65.5888864987098,20.8110101549688,20.801070647059,15.6795045182587,15.8333807158401,2014-04-30
2015,18,41.2124990749637,20.9695040004942,20.9703588513522,15.7664866280625,15.8498325959587,2015-04-30
2016,18,57.139977020703,20.9940483076579,20.9708744805339,14.9644963498018,15.1276934835028,2016-04-29
2017,18,73.2138987004583,20.4413870931019,20.4511713397746,15.0297460389207,15.0646284676154,2017-04-30
2018,18,99.4360780437903,20.6976445951545,20.688209544813,15.9417451032744,15.9157325714045,2018-04-30
2019,18,33.13857233003,21.5110875260378,21.48521793688,16.1911954129055,16.2950251915712,2019-04-30
2020,18,47.8932931725555,21.5305313188203,21.5227507599589,15.1565327880681,15.1732856886727,2020-04-29
2021,18,60.6489577057063,20.1471988202532,20.156846097885,15.9966116243479,16.0043646976482,2021-04-30
2022,18,58.6715597550306,20.9076402764279,20.8806216862737,14.9479902381452,15.0448442826118,2022-04-30
2023,18,34.3785678033579,21.9018410663215,21.8528151998715,17.5234240901713,17.5238239577491,2023-04-30
2024,18,66.1800258291706,21.3947129680533,21.3961157479022,15.0896978600727,15.1346291133336,2024-04-29
2025,18,105.028033645786,20.4842293881119,20.4689080179954,14.6889672209848,14.7095095854111,2025-04-30
2010,19,57.9063284094758,21.9539338576203,21.8923673462937,16.0749956706522,16.1750704998873,2010-05-07
2011,19,70.7869508217792,21.0525487922023,21.0349876915401,13.8229760067108,13.9449220509988,2011-05-07
2012,19,78.8347321710503,20.319989518591,20.3082533772416,15.5915890546304,15.7265828524665,2012-05-06
2013,19,56.0495464961661,20.4844295485027,20.4900694435609,14.2886487527074,14.321698354215,2013-05-07
2014,19,75.7104583022893,20.0870302036274,20.1156980066883,15.8030613504415,15.7413880303719,2014-05-07
2015,19,36.663239919757,21.727223877309,21.69927406033,15.8040628836384,15.8537166056063,2015-05-07
2016,19,79.7027774037842,20.7416470752861,20.7323397867186,14.8764889094294,14.985157215908,2016-05-06
2017,19,97.7284278369158,20.143202851187,20.1872985411663,15.4824908592958,15.5256147134408,2017-05-07
2018,19,66.7948360735056,20.2078884141438,20.2173845038122,15.2259872383696,15.2067221441352,2018-05-07
2019,19,52.1009999767337,21.1268660959627,21.1156245473522,13.4829465043093,13.5859281189588,2019-05-07
2020,19,27.6354007635798,21.6780655808073,21.669802421036,13.9783632609309,14.0709014369864,2020-05-06
2021,19,63.641074386352,21.1808807384168,21.139243846037,16.2309017431632,16.3127254327602,2021-05-07
2022,19,26.9287769863974,20.9477008369157,20.9224684467816,14.3373407664174,14.5029842860497,2022-05-07
2023,19,19.2174595955857,21.9666264036306,21.9158017628394,16.1647857549239,16.2525372811031,2023-05-07
2024,19,64.9773390161053,21.6718701621186,21.6550056802288,13.8747499037762,14.063410565735,2024-05-06
2025,19,44.0319336440751,21.1768491414129,21.1299121331195,15.270366795209,15.2934621374392,2025-05-07
2010,20,74.5985591098797,21.8947936633585,21.8591839565133,15.7093502564611,15.9454045643264,2010-05-14
2011,20,104.312447859316,20.2166866853008,20.2293111075465,16.0599920409066,15.997872643151,2011-05-14
2012,20,72.324363232354,20.1292837840823,20.1097589901515,14.2971576629505,14.460803284937,2012-05-13
2013,20,98.741927469437,20.3881383679003,20.3754422518672,13.7126218348133,13.7270472418115,2013-05-14
2014,20,45.6738226761276,20.7306372361698,20.7142884474106,14.689608569743,14.7418356539557,2014-05-14
2015,20,120.177323244056,21.1002538503085,21.0863032021258,15.2634795455821,15.3162711007254,2015-05-14
2016,20,65.6494451528388,21.7165473988035,21.6755123444271,15.9890854643663,15.9960957769055,2016-05-13
2017,20,84.8198960362649,20.9537252615214,20.9486620961403,15.5652394211327,15.7608853832278,2017-05-14
2018,20,77.5422593226586,20.3215411355822,20.3199134665397,16.3270048469566,16.3359980346858,2018-05-14
2019,20,65.3906011511911,20.722228292126,20.7231707586839,16.0475199966319,16.065670377659,2019-05-14
2020,20,60.9080060577949,21.4422118934876,21.4345198539534,15.8792922197904,15.8345873112581,2020-05-13
2021,20,96.2643541191479,21.1744020728954,21.1439031456372,15.5768284394512,15.7232975070053,2021-05-14
2022,20,65.9731679511835,20.778467094933,20.7502131726234,13.4282298574642,13.5250066362387,2022-05-14
2023,20,49.6411861038764,21.7007683289642,21.667362257621,13.7451245541475,13.8739237243163,2023-05-14
2024,20,88.2224758665346,21.7182112852269,21.7011069750994,14.6599335753883,14.7935744875027,2024-05-13
2025,20,110.458931314007,20.5092587707342,20.5193373899766,14.9551751036686,15.0116072493461,2025-05-14
2010,21,96.9935858729282,20.65175982884,20.6745050474784,12.9963536818591,13.1525569504274,2010-05-21
2011,21,55.9915277603416,20.077376297542,20.0718805796899,14.8072323298663,14.9082688312141,2011-05-21
2012,21,41.8555716029409,20.4298936104288,20.4085076640716,15.771353347656,15.9313477176967,2012-05-20
2013,21,98.4327225156845,20.1754896842356,20.1587592186108,15.0861973637395,15.1611369246992,2013-05-21
2014,21,77.058574011305,20.8617721896825,20.8521354914407,16.0017555879087,16.1739830817843,2014-05-21
2015,21,47.6840227526061,21.0366035439183,21.0300243394368,14.9401684530275,15.040947832102,2015-05-21
2016,21,47.6511691923392,21.8402204040883,21.7896781787928,14.0949270064907,14.2223772557762,2016-05-20
2017,21,60.6665173126032,21.0656225326805,21.0608238993164,15.8615993688822,16.0050553135552,2017-05-21
2018,21,54.474672161803,20.3945732825699,20.3705904282217,14.7910848650918,14.7918049364674,2018-05-21
2019,21,85.015719269177,20.6683984595207,20.6671664721764,15.4756808155827,15.5150784222795,2019-05-21
2020,21,43.5378209175243,21.8985590114538,21.8716594206696,15.1643252887114,15.2804103189585,2020-05-20
2021,21,65.6466456571751,21.3328635630038,21.2933267309784,14.8195669560669,14.8854679004792,2021-05-21
2022,21,55.1007845853578,20.6049023466972,20.5708501373714,14.8848275262482,14.9777581531869,2022-05-21
2023,21,82.9869044056439,21.180616434392,21.1776870054684,14.6341963982096,14.7231297492981,2023-05-21
2024,21,71.8712311694643,21.8581633387085,21.8367343602306,13.9118722687657,14.000138517719,2024-05-20
2025,21,31.446123393562,21.2902310429787,21.2486088588703,15.240576689862,15.2622606274685,2025-05-21
2010,22,42.6511590578118,20.4896690046127,20.4903485656827,13.8158600087069,13.9365739752878,2010-05-28
2011,22,22.3543308663994,20.3024908015749,20.297207324915,13.4605056162131,13.5353134783642,2011-05-28
2012,22,41.1452717051214,20.978125688981,20.9333716370274,16.0343694770301,16.0100593205444,2012-05-27
2013,22,76.9841306202613,20.0764952651266,20.072325231035,15.770878826564,15.8028768422652,2013-05-28
2014,22,68.2249781425076,20.8409184853468,20.8367546237245,14.2585214053229,14.3782173690573,2014-05-28
2015,22,56.1210589624355,20.8430051608961,20.8416060372622,14.6469471336454,14.6699288176378,2015-05-28
2016,22,81.7389052143597,20.7377258806813,20.7280066770993,13.4193420604784,13.390685522174,2016-05-27
2017,22,22.448824461278,21.0241443978802,20.9962825580519,15.2120202581667,15.38702711211,2017-05-28
2018,22,63.2309251686574,20.7411306787163,20.7172189384438,15.4370198361033,15.4767056276082,2018-05-28
2019,22,58.1239340451299,20.3712372460101,20.3735253178343,14.0596855138551,14.1400674758778,2019-05-28
2020,22,87.3055775978822,20.3550044565785,20.3687088454778,13.3248249990947,13.5147969966032,2020-05-27
2021,22,50.9980921634085,20.6801288037536,20.6770725834126,15.6999143136138,15.7852058980625,2021-05-28
2022,22,54.3859990011499,20.013042576459,20.0060602777553,13.7261099801467,13.7719347914871,2022-05-28
2023,22,86.259491578483,21.2067033361763,21.1710295621577,15.9540835928291,16.0790290735206,2023-05-28
2024,22,61.3237768898205,21.9330818632254,21.8884896370134,16.6192694739072,16.6922520757069,2024-05-27
2025,22,45.5280938829695,21.0899997160664,21.0532438039085,13.7324070624638,13.7904153078708,2025-05-28
2010,23,51.9607263716595,20.676936545803,20.6239068431687,15.2022446890962,15.2509815797166,2010-06-04
2011,23,93.838780061149,20.4706828392629,20.4696839029518,15.8750415835367,15.9403817841332,2011-06-04
2012,23,51.590191061747,20.6835339799219,20.6732958120785,15.6441650348919,15.7891525262994,2012-06-03
2013,23,53.793385122156,20.4171385389723,20.3667186383951,14.8592065207812,14.9931656264703,2013-06-04
2014,23,36.0270621192699,20.9733652109307,20.9523623969743,15.005378960868,15.1274359761452,2014-06-04
2015,23,22.8967300166889,20.4978195668657,20.492086641295,14.0130049966862,14.0993578371432,2015-06-04
2016,23,38.7828226777624,20.5005144280525,20.4939559694629,16.0581111018234,16.1619842963038,2016-06-03
2017,23,39.124780731368,20.7647833281981,20.7694448159665,13.9456392377181,14.0643285203606,2017-06-04
2018,23,31.2236566029207,20.8781337599018,20.8410566582972,13.5989399025809,13.7416489020033,2018-06-04
2019,23,63.1179626405065,20.8353436820361,20.8054472837087,14.9245854146974,15.0087115521334,2019-06-04
2020,23,47.9530539887987,20.8997249783997,20.8778275859599,14.5833760211489,14.7523680428374,2020-06-03
2021,23,116.56481772331,20.2954311273536,20.2767275415426,13.3897043358828,13.4561632159152,2021-06-04
2022,23,87.7118552071708,19.7745332856915,19.7852504955436,14.1709601177071,14.2865373942317,2022-06-04
2023,23,36.2292751584734,20.9810162021537,20.95220857598,15.1618928881498,15.3077618554452,2023-06-04
2024,23,52.0830710900421,21.2719972404725,21.2385060085152,14.0554288302497,14.1354407916611,2024-06-03
2025,23,49.912553553331,20.9297458868333,20.8843557966694,14.0251936634497,14.1387039454268,2025-06-04
2010,24,43.535441145605,20.5679756420347,20.5412947290493,15.7692048222956,15.8725935627351,2010-06-11
2011,24,27.2775730181366,20.8279405849668,20.77805817301,14.5789755787863,14.7355174670762,2011-06-11
2012,24,59.8838711445255,20.3921074116543,20.3701884767404,13.6917597392558,13.7820445455546,2012-06-10
2013,24,49.6437228574002,20.7143335967995,20.6757547125524,15.1661308666707,15.2942189697622,2013-06-11
2014,24,21.6283882456688,21.2328032418521,21.1898114507469,16.4028844277296,16.4482983819945,2014-06-11
2015,24,14.9442370254166,21.3605873091228,21.3292977608328,16.1922656634806,16.1986338793363,2015-06-11
2016,24,26.7934109198456,20.6033816587821,20.5721751844223,15.7017431884743,15.7935256151694,2016-06-10
2017,24,51.9333439592717,20.3588875486969,20.3577815339447,14.0691774857635,14.2418759181965,2017-06-11
2018,24,42.8544870416903,20.5807742975196,20.5436083498919,15.3362685918113,15.4133902986265,2018-06-11
2019,24,37.1474361586501,20.9465205606844,20.9261584003882,15.4877905233956,15.5626813774554,2019-06-11
2020,24,41.4806902366894,20.4316533869974,20.430909651709,15.2313597306566,15.2549131173782,2020-06-10
2021,24,74.7148813297728,20.0360831338532,20.0239783320413,15.069614812167,15.106665326277,2021-06-11
2022,24,61.0815433913695,19.7641793882187,19.7515793166425,13.5804456830372,13.7408103595322,2022-06-11
2023,24,17.7729442540133,21.451955354596,21.4048971323508,15.7424612434543,15.7967319516329,2023-06-11
2024,24,78.9411354732235,21.1219867228071,21.0973909061087,13.9311037550167,14.0321961144317,2024-06-10
2025,24,72.9946958942246,20.3235923917231,20.3279112240316,15.4062806996938,15.4828337066028,2025-06-11
2010,25,60.9529640653738,20.4072886708874,20.3918591671713,14.2454666535291,14.4060817362616,2010-06-18
2011,25,63.8716277881544,20.3772636057684,20.3615079176322,15.1157953356862,15.2053967078295,2011-06-18
2012,25,80.386960363249,20.6727443061139,20.6604572440723,17.5883692582912,17.6749017787744,2012-06-17
2013,25,52.6007529650068,20.7689605968687,20.7360529371323,15.0619597726939,15.152329911991,2013-06-18
2014,25,24.9621420622567,20.9618140768379,20.9275765502418,14.8355703284372,14.899528688314,2014-06-18
2015,25,32.0208104713318,21.6860559229948,21.6357905829961,17.0912266166843,17.0360071429706,2015-06-18
2016,25,54.321668980073,20.5013411121535,20.4675306356336,14.89095572758,14.9357034708251,2016-06-17
2017,25,28.4579472785093,20.3977783511748,20.3855992044721,15.4586756389273,15.4643793300707,2017-06-18
2018,25,27.3275205383495,20.2004872911526,20.1776520615069,15.584883211653,15.5996168500828,2018-06-18
2019,25,39.1164289361881,21.213958481658,21.1725404978494,12.9376070548077,13.0828828575312,2019-06-18
2020,25,27.73420457959,20.9588607226447,20.9282003213643,15.751122549741,15.7648729012937,2020-06-17
2021,25,32.8162451561964,20.211428614469,20.1643459887268,15.9882195684027,16.0555368234395,2021-06-18
2022,25,71.4517342578565,20.1622905661691,20.139271934943,14.372801009142,14.4867921403824,2022-06-18
2023,25,21.1441107966636,21.597948813925,21.5563384270181,16.2658246237752,16.3538643097391,2023-06-18
2024,25,40.8147799657663,20.8198831630518,20.8010912414195,14.4703623115495,14.695527132329,2024-06-17
2025,25,31.6193039455497,20.6248856981016,20.6028115214134,14.7655768144235,14.7985201785585,2025-06-18
2010,26,33.8663273497156,20.6086380182828,20.571846676985,14.7462659827474,14.8445625680529,2010-06-25
2011,26,52.4504380657096,20.3475571373809,20.328581074584,15.5550917953513,15.6427043325352,2011-06-25
2012,26,51.2722104568871,19.7860248067984,19.7630422845179,15.3487235491894,15.3913691495667,2012-06-24
2013,26,63.8195436139844,20.1181278117544,20.1084170605629,14.5839945025764,14.7560534491136,2013-06-25
2014,26,50.2477766025171,20.7226676509957,20.7031372990622,16.0131861697828,16.0386892824757,2014-06-25
2015,26,23.9601407238763,21.6783427246806,21.6288204165311,15.7165726461494,15.5932323675461,2015-06-25
2016,26,28.3298874898833,20.8771305320562,20.8403544523278,15.0488443249516,15.1400412887595,2016-06-24
2017,26,43.7840106376059,20.5933758788484,20.5664203340736,16.2198960635127,16.2805286927404,2017-06-25
2018,26,38.2565974077052,19.7541818521461,19.7480565118373,14.7763493485075,14.8167829749883,2018-06-25
2019,26,40.9647747872522,21.1066156476302,21.0770916132468,14.7684673401079,14.8751400594461,2019-06-25
2020,26,24.9690664448822,20.7054935961354,20.6807676306966,14.7621263859918,14.8350905746482,2020-06-24
2021,26,34.8646556559527,20.1797106120051,20.1477318658078,15.9146978389417,15.9410509451485,2021-06-25
2022,26,54.4026123309622,19.9001352098871,19.8874760911347,15.8147956692443,15.8919313808919,2022-06-25
2023,26,46.3083534796801,21.3858913110227,21.343324094055,16.0626615073869,16.0634805912874,2023-06-25
2024,26,59.1133810660582,20.763835918104,20.7457578620132,14.4753433677963,14.5879036858895,2024-06-24
2025,26,32.1095509181565,20.8844857285391,20.8411392289765,15.6927925949542,15.7679306105344,2025-06-25
2010,27,77.9797512324141,19.9631550527523,19.9702598666311,14.2301308921058,14.3625787576503,2010-07-02
2011,27,54.886293937444,20.5443898748726,20.5009745912024,15.5141167974333,15.6373329259911,2011-07-02
2012,27,30.3949267711306,20.2307559727927,20.2097029380131,15.6100603428944,15.6588466118793,2012-07-01
2013,27,39.5413094734659,20.275095554552,20.2530631741004,16.3950453722095,16.4923058418074,2013-07-02
2014,27,47.5905125579055,20.9786046559192,20.9563018142656,16.4181548582917,16.4470480065304,2014-07-02
2015,27,27.1445727654171,21.104781300959,21.0844657441965,13.335579053306,13.558728540604,2015-07-02
2016,27,92.4609696858131,20.7248228534665,20.7010799052069,14.3515640862134,14.3474338089412,2016-07-01
2017,27,39.450164852615,20.6744314630247,20.6351270828581,15.2224220895906,15.3208804005437,2017-07-02
2018,27,27.6576106788118,20.4936358310043,20.4809034113981,16.4527821401813,16.4772477372395,2018-07-02
2019,27,28.4461256978116,20.868384254222,20.8357923454863,16.2607596594808,16.3656420346252,2019-07-02
2020,27,57.3753951075473,20.3613057192143,20.3513096386768,14.163968975968,14.2352320793419,2020-07-01
2021,27,13.318281909641,20.5687234533771,20.5117372382139,16.5864225268016,16.6925476341136,2021-07-02
2022,27,22.5672374730903,20.6757915318881,20.6388012869365,14.6933339163444,14.7090538806192,2022-07-02
2023,27,31.7113361820883,21.0165850469739,21.0017775293689,14.7305102779288,14.7338639111978,2023-07-02
2024,27,55.9652377426103,20.7644338357553,20.7376706634944,14.179039932896,14.3182350247664,2024-07-01
2025,27,28.1230210434244,20.484121082128,20.4339469195107,15.6000728023295,15.6397042955671,2025-07-02
2010,28,99.9897618168645,19.9851540601636,19.9878261805276,14.6161201869086,14.739115140876,2010-07-09
2011,28,36.0974175547719,19.8510934701814,19.8515039810981,13.7290548332926,13.8859474777133,2011-07-09
2012,28,49.6934383424656,20.4699851041633,20.4465682360591,14.7630507271769,14.8692756894726,2012-07-08
2013,28,20.228964338671,20.2576448743614,20.2333430006622,14.4673387538587,14.534505324183,2013-07-09
2014,28,27.2720894507695,21.095447879491,21.0504313001827,16.4033857239926,16.3503036651945,2014-07-09
2015,28,49.782084941864,20.7974719111495,20.7949347454327,14.2801020041152,14.343567503437,2015-07-09
2016,28,17.9916427121566,20.8607521251756,20.8273343177996,15.7029134372233,15.7830285859177,2016-07-08
2017,28,21.6956072865005,20.4398146620992,20.4295466453619,15.6913348995909,15.7164587877235,2017-07-09
2018,28,22.1066721545712,20.8991104896145,20.857824627234,14.8780905901517,14.977128180401,2018-07-09
2019,28,13.3685306948406,20.4538709748938,20.4403099582772,15.9297020609108,15.9643660717733,2019-07-09
2020,28,41.4483814701742,20.4305141118108,20.4075952452056,16.7773161129076,16.8137476784842,2020-07-08
2021,28,16.5593003232695,20.7574948972585,20.70437705065,15.1296459134049,15.2012922506638,2021-07-09
2022,28,9.72365473136957,20.4485817400429,20.434980264558,14.5086607794025,14.6190806630749,2022-07-09
2023,28,33.0027631542078,21.4946310415907,21.4647335658616,16.3442379712363,16.3795937894037,2023-07-09
2024,28,27.9699482285247,21.1544460138149,21.1129480325793,17.0190525777833,17.0587584451058,2024-07-08
2025,28,28.5980087098158,20.6374968856834,20.5908688164313,16.0477131712888,16.03125284017,2025-07-09
2010,29,61.7650430167729,20.3723098196024,20.3480067850897,15.2397440668445,15.4078701133283,2010-07-16
2011,29,39.2002129547798,20.3217407941123,20.2933099123896,16.5171655399111,16.6110678302998,2011-07-16
2012,29,55.9196234778135,20.6971114814803,20.6630141728126,17.1424692031593,17.1140773581346,2012-07-15
2013,29,68.2904174171453,20.3247171254617,20.305773199821,14.0482194291607,14.1529460008916,2013-07-16
2014,29,18.7432182271349,21.4583174522,21.4091020228216,15.8571595144689,15.9091487931788,2014-07-16
2015,29,20.2262700452054,20.6512450949444,20.6505305454265,15.8095524429232,15.8021649549723,2015-07-16
2016,29,15.4982352162937,20.3764868102338,20.359790241753,14.4074033119936,14.4339838264287,2016-07-15
2017,29,18.922986274558,20.4675528356702,20.4536494652662,16.2047377828259,16.2578704822863,2017-07-16
2018,29,32.9206604026149,20.7350643980955,20.7119037833923,13.9692461664406,14.0920460801083,2018-07-16
2019,29,30.3712023845914,21.1092528212522,21.0738907082783,16.276133356567,16.2991472527863,2019-07-16
2020,29,17.2766721352891,20.7682299530541,20.7338736147644,17.0764973754438,17.0798705103794,2020-07-15
2021,29,36.018977025855,21.0299043558082,20.9725628566464,15.4380091925752,15.4200600715837,2021-07-16
2022,29,14.5240044897047,20.3862036268496,20.3558967815544,14.4495000755822,14.4903391262533,2022-07-16
2023,29,24.7314034099134,21.9054955880079,21.852138291295,17.0490603433059,16.9673103090625,2023-07-16
2024,29,40.3612508737311,21.3569950223317,21.296716267444,15.446449214446,15.5460646159447,2024-07-15
2025,29,13.5361804861369,21.0007619440729,20.9651863971187,13.8819511277335,14.0202010157505,2025-07-16
2010,30,11.8842165716883,20.3238293784005,20.291506029079,14.580091608509,14.6724537190473,2010-07-23
2011,30,17.2459199195701,20.2956349217162,20.2645614807529,13.749494138334,13.8124265934914,2011-07-23
2012,30,52.8445745703083,20.9685110364641,20.934140686391,14.9835340538803,15.0150437966728,2012-07-22
2013,30,38.3300223420035,20.762808944324,20.7097456573397,16.4865829840346,16.5465536034142,2013-07-23
2014,30,26.3418665424033,21.3746607533002,21.3453372338075,16.8178512667775,16.8385720308599,2014-07-23
2015,30,22.686771517071,21.4212804591343,21.3859454313451,16.7503537186381,16.6797448580884,2015-07-23
2016,30,23.4063153640522,20.634033934368,20.6141777094182,16.0769515301674,16.0532324112539,2016-07-22
2017,30,41.8273846748619,20.8003518713459,20.77712435347,15.0208742416982,15.0569232615368,2017-07-23
2018,30,58.0147053178823,20.453873546756,20.4345198178083,14.4209661817412,14.5077673228072,2018-07-23
2019,30,35.0413567658416,20.5799128487923,20.5593365232729,15.45366539691,15.4398312526959,2019-07-23
2020,30,39.5115385602063,20.1521970773925,20.1467431821907,14.7264119195521,14.668439699679,2020-07-22
2021,30,70.7576365554298,20.3454791602866,20.3258089963618,13.7383444107656,13.8500827644726,2021-07-23
2022,30,19.5374046810862,19.8984192800939,19.8941290107482,14.3516805999133,14.4230877637168,2022-07-23
2023,30,19.936585234136,21.6005309302327,21.5832537131129,16.3365267233668,16.3691833707404,2023-07-23
2024,30,14.0641842425391,21.4573159648795,21.4174134112656,13.7418389417687,13.8359402331249,2024-07-22
2025,30,27.5255549475333,20.8927132853961,20.8617918943177,15.7378136214988,15.7889212394247,2025-07-23
2010,31,60.7794296644172,20.2118927605298,20.2022038562652,15.3675424600829,15.4289725584469,2010-07-30
2011,31,97.2999968014375,20.3479944012255,20.3444314837108,16.514877639081,16.5765922437951,2011-07-30
2012,31,54.3216115326645,20.3376652436771,20.3358060277933,15.0881194748614,15.0706247338053,2012-07-29
2013,31,31.2366116288452,20.5002645208954,20.4788118632125,15.2256704224789,15.25305259193,2013-07-30
2014,31,27.6058595468977,20.9091461226127,20.8895443535407,15.2560707278571,15.3044722907397,2014-07-30
2015,31,21.4965111331759,21.7344523393726,21.6964877715264,16.5682756796523,16.5001423199045,2015-07-30
2016,31,43.7907626083224,20.8361993962057,20.8095841518992,13.9974969900037,14.0071459970391,2016-07-29
2017,31,8.66002315665125,20.7184570996476,20.714134559687,16.27498953405,16.2768569840634,2017-07-30
2018,31,57.6647707296877,20.2507557549212,20.2206634251786,16.3532071475037,16.3697057924187,2018-07-30
2019,31,35.4571794459146,21.0290918461435,21.0057493840988,15.4374406289081,15.415960726168,2019-07-30
2020,31,6.67105836597198,21.4140523932766,21.3626410286906,17.7486214373619,17.7225187499044,2020-07-29
2021,31,57.6983437941304,20.9998038433731,20.9252192925434,16.7058474454518,16.6618007278998,2021-07-30
2022,31,73.5778165989645,20.223473732395,20.2008558848856,14.4369303352979,14.5402160344249,2022-07-30
2023,31,32.1819012658589,21.5202542727612,21.4752089400333,16.5951432319841,16.5818659028924,2023-07-30
2024,31,60.2542303473887,21.3898958145008,21.3554186751474,15.9040465883194,15.8825599375689,2024-07-29
2025,31,28.1733629140492,21.0364826775153,21.0020675978925,14.8023739848123,14.9808309363207,2025-07-30
2010,32,20.0877578119495,20.2173179148237,20.1938944849954,14.2290026370012,14.3712738178909,2010-08-06
2011,32,40.9808177614351,20.7070451422266,20.674772345985,16.4277552974467,16.5043542670091,2011-08-06
2012,32,26.4607605730827,20.5874907463007,20.576868376996,15.6619557917292,15.796401749547,2012-08-05
2013,32,93.0356935134087,19.8506559380289,19.8693454439369,13.9261724080011,14.056683162211,2013-08-06
2014,32,21.5612357981699,20.3795187952915,20.3781113485553,16.111730742385,16.1338583359565,2014-08-06
2015,32,33.2152945640831,21.054439603066,21.0464194133747,14.1754458902876,14.2272429132601,2015-08-06
2016,32,22.1411642128108,21.3790528739507,21.3451112185553,15.3885423893831,15.438930045759,2016-08-05
2017,32,12.8125150488695,20.6901792298253,20.7055884269514,14.9521887517879,15.0413920997531,2017-08-06
2018,32,16.8648216971156,20.8746273232619,20.822348299944,17.6433089870753,17.6119473474019,2018-08-06
2019,32,20.6249148119295,21.452711263829,21.4198143739394,15.8474948093425,15.8039311445142,2019-08-06
2020,32,13.8475457468116,21.1372157255345,21.096350621204,12.9052123731496,13.0613275589123,2020-08-05
2021,32,35.8454996390871,20.5930654787114,20.5708387085717,14.9399918077986,15.0857521146101,2021-08-06
2022,32,49.8272872045853,20.453380387309,20.4299314946544,15.468631937622,15.5997119408655,2022-08-06
2023,32,40.4662983907555,21.8361496132942,21.8131913888559,15.8351289106875,15.8880109856497,2023-08-06
2024,32,50.5663623594334,20.9517137232744,20.944596429608,15.1798332926136,15.2763625261735,2024-08-05
2025,32,49.1274106349611,20.4269866943359,20.4093294171481,16.2045506304972,16.2937483620713,2025-08-06
2010,33,24.8854003675477,20.1395858286421,20.1290651410384,15.3801665611934,15.4578157708527,2010-08-13
2011,33,45.1588811606777,20.1485839084703,20.1478873953527,15.7821157513833,15.8451775489674,2011-08-13
2012,33,64.6261310341059,20.0969928972228,20.0854822067061,14.7671742383662,14.7023226290333,2012-08-12
2013,33,90.9447342244251,20.321971953089,20.2999481709984,14.8955557992785,14.9750745789998,2013-08-13
2014,33,25.0533228532218,21.2220033792991,21.1821659494072,16.4376676464915,16.327733962946,2014-08-13
2015,33,26.0866940487231,21.43849005296,21.4356996463965,15.5797710001642,15.5085301593858,2015-08-13
2016,33,41.3945805922194,21.2014205309809,21.1631011295597,15.0298669678824,15.1168169641634,2016-08-12
2017,33,76.3902639202752,20.5765205861528,20.6130092887767,16.9870653736348,17.1128590628288,2017-08-13
2018,33,32.1419415367936,20.5034405455297,20.4921315863251,15.9855140485847,16.0315890534626,2018-08-13
2019,33,16.8887836352729,20.9009475902635,20.8837081739576,15.1715745342021,15.0256037044803,2019-08-13
2020,33,43.340481171455,20.7886695472562,20.8035477368547,12.7919244098941,12.9430589008609,2020-08-12
2021,33,67.1673062521932,20.352607387843,20.340222240537,14.9806599742122,15.0699295733482,2021-08-13
2022,33,18.7047769946885,20.5915101026307,20.581706081813,16.1157182465489,16.280026712501,2022-08-13
2023,33,37.2717250026002,21.1424761096521,21.1543851885782,14.8522094860021,15.0615336915842,2023-08-13
2024,33,21.7727991766554,21.7012725307364,21.665168698258,17.3189256879401,17.2877815402284,2024-08-12
2025,33,28.9639895228186,20.541738532375,20.536374887294,14.8640502298539,14.9698986228631,2025-08-13
2010,34,64.8851567009795,20.4553288579335,20.4579801017272,13.8575198699017,13.9478367605293,2010-08-20
2011,34,36.2513102331245,20.1832755161096,20.172485660186,16.3429796813876,16.2960451698859,2011-08-20
2012,34,88.1075100933498,20.272796876924,20.2926511333566,16.8441545942434,16.8748323257046,2012-08-19
2013,34,52.1538926182266,20.2849355911722,20.2768597338707,15.4812348382466,15.4514749070993,2013-08-20
2014,34,25.491400213179,20.4588171733712,20.4691245952083,14.3973033379535,14.4995438322729,2014-08-20
2015,34,32.3392330175239,21.3397356678376,21.3423487910724,15.1095709133426,15.0526239851126,2015-08-20
2016,34,32.1559252881448,21.4913702928638,21.4464622475315,17.2331989916699,17.2722508427701,2016-08-19
2017,34,58.093013673065,20.5370036297567,20.5407585666757,16.8831235868938,16.9759985698555,2017-08-20
2018,34,21.560422384134,20.7191876697818,20.6819815635681,16.6328177799636,16.6845627262015,2018-08-20
2019,34,21.90294989483,21.4463245820026,21.4195681647031,18.6910033712582,18.5072813756959,2019-08-20
2020,34,45.5190675251686,20.0983715849785,20.1216997502497,14.4026363041936,14.606521313114,2020-08-19
2021,34,36.5187406011643,20.4299312374682,20.4588246943304,15.6486654462342,15.7292933283325,2021-08-20
2022,34,25.2648345727267,20.3199478433014,20.2959337067674,15.248698680811,15.3366764168698,2022-08-20
2023,34,46.5762798907805,21.1139527673972,21.1480793549785,16.3596662015331,16.3659631629032,2023-08-20
2024,34,18.6830236265333,21.4615180040587,21.4656699266795,14.6619678516777,14.8051463230011,2024-08-19
2025,34,36.5577515617404,21.109775117813,21.0888744471024,15.8744855093886,15.9256256481649,2025-08-20
2010,35,49.412036864125,20.1461180472861,20.1480349298816,14.5633214069177,14.702860290038,2010-08-27
2011,35,62.2271409622087,20.708698506258,20.6923428165669,17.5628297488821,17.6592001080861,2011-08-27
2012,35,42.3589055816217,20.9085295818985,20.8646968418933,15.2350127676138,15.2162224627792,2012-08-26
2013,35,27.5984321068049,20.294141888966,20.2780489796452,15.6975133495498,15.7905649137914,2013-08-27
2014,35,27.1383998088169,20.8013656730207,20.7832202772357,17.4488506456158,17.4411423950084,2014-08-27
2015,35,24.9073110236718,21.6946608596223,21.6537300337855,15.8035859074606,15.7949538745268,2015-08-27
2016,35,20.42398645996,20.500716680688,20.4966464251193,15.5019200550224,15.4954377221644,2016-08-26
2017,35,21.7971444859797,20.5537422502701,20.5589652144874,16.7491458275575,16.805330359901,2017-08-27
2018,35,23.795935574843,20.6107331351011,20.6062123824139,15.5994504005499,15.657599685491,2018-08-27
2019,35,25.3144666835796,21.2854018753541,21.2817167777014,15.0019508909554,15.0948921987684,2019-08-27
2020,35,41.4334736704479,20.2163495238946,20.2278208454566,15.5352854117013,15.644786253615,2020-08-26
2021,35,62.0240909837773,20.4362909995432,20.4477975917627,16.2269034997367,16.2902245952506,2021-08-27
2022,35,28.6771316439695,20.3269157965746,20.3413582946399,16.0762534753227,16.0920412547387,2022-08-27
2023,35,45.1274699553109,22.1221970566508,22.1057475426454,18.6196313363123,18.737416395293,2023-08-27
2024,35,30.0371389199624,21.6267592816589,21.5997524595122,18.1606685482726,18.1787336783228,2024-08-26
2025,35,44.0036752088424,20.9661701524918,20.9410934740183,15.3833650555625,15.5093282749632,2025-08-27
2010,36,109.450296054429,20.0351914789517,20.0389070218923,14.8905229012403,14.9729873195682,2010-09-03
2011,36,34.2347843452376,20.2294897532672,20.2329373234563,15.2729361675919,15.4021407091235,2011-09-03
2012,36,66.511124086102,20.7622614768782,20.743575618844,15.8056888330087,15.7738152704155,2012-09-02
2013,36,58.5800633771079,20.0720574098148,20.0817320631822,16.5019052661195,16.4027557720596,2013-09-03
2014,36,40.9660945821434,21.0399767845087,21.0308684802264,15.9238712669462,15.9959942453457,2014-09-03
2015,36,17.2069366551697,21.6991045092702,21.7024505520701,15.6130926324049,15.7005213843143,2015-09-03
2016,36,78.4461206291577,20.8954601677097,20.8897524213652,16.613956714163,16.6510304723467,2016-09-02
2017,36,14.2465729716915,20.534743962413,20.5647949769268,17.0672902171188,17.156707118621,2017-09-03
2018,36,35.1478177361169,20.5570742089964,20.5495512436847,15.8877654826328,15.8919828626227,2018-09-03
2019,36,27.3842540254746,21.3930550261072,21.389791243973,16.8491358214843,16.8377030987086,2019-09-03
2020,36,32.7694877160186,20.520853607022,20.5477560921939,15.6415972765264,15.7948857410309,2020-09-02
2021,36,52.2935925704745,20.5163727223699,20.5252307649952,16.8246441415726,16.8359274850295,2021-09-03
2022,36,24.1321286307132,20.7404271506707,20.7338123279827,15.8695376857724,15.8952294925211,2022-09-03
2023,36,43.0396664455403,21.6149455034351,21.6180594391447,16.1921428591447,16.2873286380712,2023-09-03
2024,36,38.486611664469,21.8264599986396,21.8223115181436,15.4601689149617,15.5438610096367,2024-09-02
2025,36,34.1200131640142,20.5347107923413,20.5304206995505,15.0814120345491,15.0756130468741,2025-09-03
2010,37,57.8377819478338,20.2675575681748,20.2741751114759,15.5481364567148,15.6407121374725,2010-09-10
2011,37,71.7271696047602,20.3827174842879,20.3525443243911,16.9811055736709,17.0382426264682,2011-09-10
2012,37,24.0134302223042,20.9031965113937,20.880447016513,15.5342798441562,15.4987635640292,2012-09-09
2013,37,60.550082419426,20.1762390386954,20.1962528006328,15.7725843563024,15.7508680660593,2013-09-10
2014,37,46.2065094987436,20.3113098019414,20.348619194142,14.7950916749048,14.8708618013921,2014-09-10
2015,37,25.0221622308211,21.6735670962765,21.6523587585538,17.4571198304958,17.4661680088099,2015-09-10
2016,37,48.2919973548578,20.3389088294249,20.3501556176833,15.6056499550711,15.619344869786,2016-09-09
2017,37,55.3152316273475,20.7054540673081,20.7390886729382,16.6623239795251,16.7760997736072,2017-09-10
2018,37,56.2328996713933,20.1088712277982,20.1477212322002,15.0452853124969,15.0684269927333,2018-09-10
2019,37,32.1630621787063,21.3582216323986,21.3656380739573,14.9029047607333,15.0007257531058,2019-09-10
2020,37,21.0047788863279,21.0233214464549,21.0303084092655,16.8776322995956,16.9614678374532,2020-09-09
2021,37,52.5096404851352,20.857209280698,20.8299154720918,17.0547875523915,17.0663850411729,2021-09-10
2022,37,14.4200111269603,20.5282274390796,20.5491725849341,14.2657061318267,14.4527296644606,2022-09-10
2023,37,32.8765824850725,21.8394627890851,21.8355719758192,17.5712889957706,17.6350848139549,2023-09-10
2024,37,21.0596046454705,22.2355581344738,22.2381497346973,16.5014119273372,16.6996590180578,2024-09-09
2025,37,13.203585484285,21.1214806609529,21.1098977831293,14.6962327818134,14.8047166134804,2025-09-10
2010,38,39.2958586723394,19.8709369943024,19.8925946961339,13.7768909145722,13.8809055864985,2010-09-17
2011,38,60.2277682404476,20.1982654635482,20.2066521602886,16.6183024676131,16.6507181273257,2011-09-17
2012,38,43.8171919195019,20.5030549733354,20.5174487547694,15.136993109311,15.2179881212663,2012-09-16
2013,38,51.1475288680274,21.0866970918616,21.062138251591,15.5608285314488,15.5951191176478,2013-09-17
2014,38,48.0642323771997,20.2277782985142,20.2604110942985,16.5620035068634,16.6135781082398,2014-09-17
2015,38,26.2435726486907,21.379791879793,21.3750854692376,16.2841876547121,16.3157745144458,2015-09-17
2016,38,41.8490192347991,20.8656686457531,20.8328552690956,17.8104909223996,17.7604895333159,2016-09-16
2017,38,37.6091340603008,20.6913200550802,20.7197628299279,16.2785218575258,16.3548214678862,2017-09-17
2018,38,19.2323510047298,21.1729756958631,21.1498745592968,17.9501040683891,18.0793685509929,2018-09-17
2019,38,57.8103101024127,20.1372070646147,20.178027868966,14.2918304966073,14.3126203075442,2019-09-17
2020,38,33.2227262971005,20.6044481182933,20.6454398347059,17.1272013305575,17.1524569174986,2020-09-16
2021,38,26.7676926048435,20.8346373138205,20.8158433055044,17.4798730066149,17.5185549877823,2021-09-17
2022,38,42.7108775992435,20.0304392711762,20.0641715894983,16.1836673664282,16.361934077983,2022-09-17
2023,38,18.2277355699776,22.045189559981,22.0439240007984,16.8083508911355,16.8637977299815,2023-09-17
2024,38,28.5564203842736,22.0668096403339,22.066268676224,15.683340542518,15.7828643342844,2024-09-16
2025,38,57.0304033651991,20.591526392945,20.6058941276706,15.3291066812009,15.4154615805378,2025-09-17
2010,39,62.8201094104667,19.9822159300045,20.0253383411263,16.4388649901565,16.484961953177,2010-09-24
2011,39,80.2496071292777,20.6818911716472,20.6727516824928,15.4403810403785,15.5326490110281,2011-09-24
2012,39,63.8568558553913,20.3079861843899,20.3118550909504,16.0910456187524,15.9551873582445,2012-09-23
2013,39,77.9132198216964,20.5290464423488,20.5196762349098,15.7532463310064,15.8388468823002,2013-09-24
2014,39,48.4342115766453,21.0525347262013,21.0632558661369,17.8590148614377,17.945024785078,2014-09-24
2015,39,42.0431526110402,21.7430448726732,21.7397283159262,17.607390584473,17.7408620484021,2015-09-24
2016,39,55.0633286971045,20.6362577110268,20.635519333553,15.6009037682336,15.692549816721,2016-09-23
2017,39,61.1420268053216,20.2868470075179,20.3120128170047,15.8743025957669,15.884899974912,2017-09-24
2018,39,30.2144634675006,20.6665555395121,20.6585289577006,16.2916572976738,16.3269422881457,2018-09-24
2019,39,69.4114301211632,20.4400647638838,20.4666700418767,16.41175720504,16.4510033165401,2019-09-24
2020,39,12.8007743587994,20.7118887525953,20.7134318866118,15.2260623228446,15.28338013307,2020-09-23
2021,39,45.4632484141314,20.6502499385756,20.618375534914,17.2996941335695,17.3354820245904,2021-09-24
2022,39,53.0655630462024,20.3774010210621,20.3786004889463,15.6703374601314,15.7908122796706,2022-09-24
2023,39,24.8432874050502,21.8885338007535,21.9142882038483,16.5131511159958,16.5535517851048,2023-09-24
2024,39,37.0503118489991,21.0214995920832,21.0355700779239,15.1331029563882,15.2214461610199,2024-09-23
2025,39,18.5807451169623,20.7377632519247,20.7318829739407,15.2397898265294,15.4062227090663,2025-09-24
2010,40,67.7435261035452,19.9586793034834,19.9969607650712,15.291374866886,15.3322247499627,2010-10-01
2011,40,93.0632927320441,19.9188230725836,19.95540970477,15.3917076803157,15.4460857074393,2011-10-01
2012,40,87.5947535128357,20.5162223977181,20.537087421028,16.313211468844,16.2397390635299,2012-09-30
2013,40,53.1721772932103,20.7282837292196,20.7260292069905,17.1962053337876,17.2971981371109,2013-10-01
2014,40,37.0224869716967,20.8630425088955,20.8669294629778,15.5518451974274,15.6486299976316,2014-10-01
2015,40,46.2150468381431,21.4843899307029,21.4886604870721,15.8156201985418,15.8567457212999,2015-10-01
2016,40,60.2990744551834,20.3085902328046,20.3340378224676,14.9192627762219,15.0258833951922,2016-09-30
2017,40,71.142382393773,19.6704207801263,19.7168318217419,14.0340087726582,14.1436396812906,2017-10-01
2018,40,60.6369077582401,20.4025365520844,20.4092674255371,17.8011166514183,17.6999225060377,2018-10-01
2019,40,52.8560613487622,19.9700584773072,20.0237916829635,15.9850955370911,16.0448847456507,2019-10-01
2020,40,36.8614175623777,20.6357809600608,20.6378309956097,15.9142733607278,15.9455353136313,2020-09-30
2021,40,49.8355018526055,21.1218348355752,21.1305623207426,16.0602854347785,16.2199450011851,2021-10-01
2022,40,57.1105097542699,20.3862848101135,20.37072808958,15.8961746338158,16.0090206315844,2022-10-01
2023,40,53.6198365584059,21.3855250778421,21.4317560446158,15.5186338591506,15.7064920722917,2023-10-01
2024,40,70.8257420014362,21.0453996241266,21.0605451094513,16.8621700692802,16.8987692869092,2024-09-30
2025,40,59.3102385559861,20.5315555205498,20.5369149408257,15.8086175348599,15.8440135435877,2025-10-01
2010,41,99.9574404527425,20.8926881339738,20.8540929566319,15.9638296939194,16.0908016421705,2010-10-08
2011,41,118.163866501855,19.6044669679581,19.6417726441653,13.8012642234824,13.8644466692088,2011-10-08
2012,41,111.597082543999,20.1823888394993,20.2111292038298,15.1180800891131,15.2228074282321,2012-10-07
2013,41,98.1367252366536,20.0709162356207,20.0884870773849,13.9674551799763,14.0459093380252,2013-10-08
2014,41,99.4631115152954,20.0485859862569,20.054356189928,14.269594093801,14.2270911733889,2014-10-08
2015,41,52.7550510665071,20.8158684082699,20.8424686732167,14.8336005071857,14.8940721267166,2015-10-08
2016,41,85.9459273224322,20.0126048065831,20.0588423809574,14.7533633827121,14.8567851111076,2016-10-07
2017,41,72.5195568421144,20.5490984680354,20.5643897320717,14.9065138619426,14.9976936012246,2017-10-08
2018,41,56.2086639793552,19.5733675456256,19.6174290645922,17.0563202543787,16.933567223674,2018-10-08
2019,41,86.1455200100779,20.1575760104566,20.1633514927011,16.0480591381952,15.9664481652374,2019-10-08
2020,41,38.6401557421893,20.866697052825,20.8600702313571,16.7955750167891,16.7442649307473,2020-10-07
2021,41,59.4747108287088,20.9488128156078,20.9561192481928,14.8473820158066,14.9836124150468,2021-10-08
2022,41,81.4383196316377,20.0480884087677,20.0516547558954,13.8689732996437,14.0762662345397,2022-10-08
2023,41,90.5981383963159,21.45689315073,21.4668407384578,16.2932842799595,16.3608201071403,2023-10-08
2024,41,58.8772532606264,20.8594791367867,20.8702960445304,15.4876573287363,15.5927732929196,2024-10-07
2025,41,95.7582476980137,20.0033031399674,20.022866657802,14.5297919682094,14.5793284452344,2025-10-08
2010,42,85.5881005577721,19.6816892165137,19.7080326997852,14.1215537532773,14.0912645426158,2010-10-15
2011,42,141.989678652572,18.38427137981,18.4446233952358,14.9587590089692,15.0064125533702,2011-10-15
2012,42,116.263801191013,19.5481713645312,19.5793489645243,13.5360682281739,13.5862615449088,2012-10-14
2013,42,80.3666689903326,19.9555413451904,19.9808709531067,15.2496979299162,15.3832240897087,2013-10-15
2014,42,83.3695887657366,20.1349542481559,20.1349908520112,15.5034151299702,15.4711285110118,2014-10-15
2015,42,65.3584077017648,20.9985982433352,20.9814130404948,16.4038901565374,16.3784170901463,2015-10-15
2016,42,80.3157478838551,20.7255665970961,20.7249205897918,15.6902934371904,15.7742500861254,2016-10-14
2017,42,40.8953408200956,21.2842586144762,21.2817288223578,14.3720802440588,14.4857443289576,2017-10-15
2018,42,58.9568241914577,19.9650541950593,20.0057279764737,14.403109059737,14.5520307621525,2018-10-15
2019,42,67.8444662066312,19.8030841218487,19.8330480683997,15.5942357121682,15.5669347662967,2019-10-15
2020,42,54.0310848711531,20.782811073103,20.7966031805767,15.2314493829933,15.3161515341556,2020-10-14
2021,42,73.7663511896272,20.5291775656164,20.5525943433578,16.0959913181494,16.1921445551836,2021-10-15
2022,42,74.2650580322777,19.7962329408518,19.8274421886522,12.9680278113563,13.1408122413012,2022-10-15
2023,42,57.1798254491289,21.1615058632008,21.1800658584684,14.9936731730536,15.0557647516011,2023-10-15
2024,42,75.2721195749222,21.3778257369995,21.3795890113008,16.8456501307362,17.0012898653659,2024-10-14
2025,42,70.8870650505533,20.1597665280712,20.1874937190954,15.834171288215,15.8478624341092,2025-10-15
2010,43,91.0695398847841,19.217617814812,19.2760576617961,14.2588903007285,14.414003646061,2010-10-22
2011,43,40.1242398770836,19.0332757488284,19.0732229110451,14.7564930637793,14.9019821447812,2011-10-22
2012,43,83.0862543478652,19.7743376990449,19.7835939604756,15.4945543208553,15.6020471973252,2012-10-21
2013,43,103.998351124911,20.4334443220244,20.4418601850727,16.8261227399198,16.9358530100163,2013-10-22
2014,43,92.9971640728653,20.0428552057583,20.0748298383663,14.5560224257822,14.6685786900645,2014-10-22
2015,43,57.4286723873706,20.5409391086234,20.5482025090877,14.2502771633359,14.2887595235085,2015-10-22
2016,43,88.1619065343117,20.1660037082416,20.2012759589593,14.7754456545104,14.9266211965689,2016-10-21
2017,43,58.4770444572493,20.0964327595324,20.1005396773447,12.3107369425693,12.4094850120322,2017-10-22
2018,43,34.8505147726821,20.4568633977595,20.4737106356607,15.2924761758254,15.3250186352966,2018-10-22
2019,43,59.403034096209,20.0860456044055,20.1001129887194,15.6930881269472,15.7063570870602,2019-10-22
2020,43,62.5628381317628,20.6916138701814,20.7241450746275,15.0505895447801,15.1568366042379,2020-10-21
2021,43,64.6386453889897,20.4037652057392,20.4326219850657,15.3975260236868,15.4973729761974,2021-10-22
2022,43,117.098672391374,19.8448788876436,19.874514353171,12.7343026472598,12.8320985340864,2022-10-22
2023,43,44.9274013230126,20.4788732250647,20.5310913703184,13.8429319031385,13.9406226605785,2023-10-22
2024,43,34.4759103059769,21.3326051617503,21.3441857707744,15.1430675587223,15.2925178052385,2024-10-21
2025,43,86.731470120544,20.3843770791768,20.4306401233284,15.5407664421348,15.5836598991305,2025-10-22
2010,44,121.814584921122,19.3576176799073,19.3864321208209,12.8839357309369,12.9778606314701,2010-10-29
2011,44,101.938977869885,19.8987900105579,19.9099695300222,14.0886753988683,14.2860470110056,2011-10-29
2012,44,61.2061619536175,19.9172468588582,19.9243947896596,16.3963226757661,16.4966967877424,2012-10-28
2013,44,56.5755365318877,19.40742380626,19.4505421733022,13.5526154409692,13.6925425877029,2013-10-29
2014,44,88.8690328375591,19.9678344504131,20.0056496431112,15.0558807898541,15.1308117969391,2014-10-29
2015,44,58.2773031062357,20.1774635120314,20.217135476649,14.9439777771864,15.0552795093192,2015-10-29
2016,44,101.265655161688,19.9606204908721,20.0013950447994,14.8373701773997,14.959031002167,2016-10-28
2017,44,85.0354799404089,19.7402102662245,19.7874168668474,15.5025802798591,15.5455323697527,2017-10-29
2018,44,80.1190020725261,19.9494505206628,19.9562068903064,14.4140129506414,14.4505661291562,2018-10-29
2019,44,67.2650231717279,20.5041670396099,20.5277664862986,15.0132403790777,15.1258162145364,2019-10-29
2020,44,65.7498114727676,20.669358651075,20.7161440585167,16.8259512370251,16.7864003139752,2020-10-28
2021,44,74.1242245209808,20.3027781272421,20.3296591658634,16.6776571301608,16.6140490328953,2021-10-29
2022,44,241.438566494266,20.2654766633281,20.2708856274018,15.2865890886624,15.4066003251701,2022-10-29
2023,44,69.9789110078061,20.4984691428026,20.5215881934319,15.7130134335065,15.577012723806,2023-10-29
2024,44,97.8700912700798,20.9845605327506,20.9896554307409,13.4843067928236,13.645361427663,2024-10-28
2025,44,65.9674771322106,20.2547274330962,20.2960324148395,14.1621846999788,14.2470571445654,2025-10-29
2010,45,172.341469634031,19.2295062826952,19.2647700810224,13.6147043183663,13.6482164199429,2010-11-05
2011,45,76.8299546422486,19.5338982701649,19.5606737957056,14.3292127156049,14.4099810797689,2011-11-05
2012,45,117.963432886163,20.2719866110354,20.2901665490153,15.3441938881276,15.4441950884227,2012-11-04
2013,45,79.4152592764652,19.6604393508622,19.6902138665536,15.0037756536167,14.984371897083,2013-11-05
2014,45,92.6786254585311,20.2054517554125,20.2175862559772,14.6411513267384,14.7099450878777,2014-11-05
2015,45,42.1583138487082,20.4541439314973,20.4552141890234,15.6829237979633,15.6640576162422,2015-11-05
2016,45,90.7236550472916,20.3500352503607,20.3642491988468,13.7884131826395,13.8301275450704,2016-11-04
2017,45,96.3380932015511,20.0631238003166,20.0916147941056,15.3362096475095,15.3946039933852,2017-11-05
2018,45,62.8545099333493,20.3101395754355,20.3346512894589,15.4060329862656,15.4234320387548,2018-11-05
2019,45,73.2076784389707,20.4917427986078,20.4984977933478,14.6095586295726,14.6869464295946,2019-11-05
2020,45,14.130040178146,20.2292776441435,20.2838618803997,13.6109476645556,13.6888203176048,2020-11-04
2021,45,17.2970699019752,20.1640294355832,20.2076626380053,14.8223680323832,14.8820364857554,2021-11-05
2022,45,55.748898835641,19.7135047467735,19.7380531953306,13.9975862947914,14.0584624001306,2022-11-05
2023,45,87.936169613207,21.3584175721549,21.3397592872642,14.291807759955,14.3452802677544,2023-11-05
2024,45,90.6017480716761,20.5244378014834,20.5530214337496,14.4145169216412,14.4819124822366,2024-11-04
2025,45,28.823596150465,20.8712931569047,20.8915355198585,14.2331426359127,14.3198969732568,2025-11-05
2010,46,148.262731996987,18.6602937445349,18.7011357604936,12.8267617100529,12.848054308933,2010-11-12
2011,46,137.273798061182,19.1546459559449,19.1776550393063,14.4647311747248,14.5311690600203,2011-11-12
2012,46,127.914365287425,20.0771868472197,20.0923448623791,13.7318968619967,13.8001229005374,2012-11-11
2013,46,77.9224871171112,19.9615618119087,19.9770860574683,13.9388587537382,14.0404558404194,2013-11-12
2014,46,78.2781432926134,19.5893586689807,19.6065766846126,14.88859654168,14.8725005252716,2014-11-12
2015,46,116.677290794106,20.7309954201167,20.7145865888012,13.0763597071345,13.201478852475,2015-11-12
2016,46,87.2633632098273,19.9142647456845,19.9471816432719,13.7679339470043,13.8103671240737,2016-11-11
2017,46,41.8845874536837,19.5156355807802,19.5631710419502,13.36356745934,13.4807680049374,2017-11-12
2018,46,87.2731432268293,20.6428882776822,20.6593776152363,13.3344853960043,13.5123258220906,2018-11-12
2019,46,87.4250497400934,19.9578945462975,19.9908976137812,12.5361933499662,12.6001418700371,2019-11-12
2020,46,62.5151913562252,19.8642604344093,19.9075915834299,14.5022198451851,14.3987763908097,2020-11-11
2021,46,56.9532290700573,20.1086008138629,20.1482991852496,13.890655970782,14.0559743931273,2021-11-12
2022,46,124.083927104494,19.7943336595252,19.821511256104,12.7960226945905,13.0056026086168,2022-11-12
2023,46,60.6803908024863,21.4560117248891,21.4422957834627,14.2872072531252,14.4408161438589,2023-11-12
2024,46,13.6630529898596,19.7841795637726,19.8426368535434,15.1329071306279,15.0731671155368,2024-11-11
2025,46,63.6183788977976,20.2099813511351,20.2272861372278,13.6146356162802,13.6621115131211,2025-11-12
2010,47,107.497534298688,18.9193585718338,18.9519630993768,14.1772301829591,14.2507826760628,2010-11-19
2011,47,86.9610809139886,19.2058975689613,19.2294712886866,15.2733194821082,15.2755624184456,2011-11-19
2012,47,45.4037346210841,20.1574157069793,20.191254198725,13.9738298991679,14.1079280216562,2012-11-18
2013,47,115.080676153867,19.58299041698,19.6089443062207,13.7368117004372,13.7186840324291,2013-11-19
2014,47,69.5717876263332,19.6451562083497,19.6833194018105,13.5477632767257,13.692791046276,2014-11-19
2015,47,112.862477258065,20.5701458711318,20.5899331979779,16.0236109283158,16.0771554121123,2015-11-19
2016,47,79.5707613330541,19.9538172118518,19.9889396884351,16.7037586568048,16.5421507365502,2016-11-18
2017,47,78.2781895896089,19.7276675749798,19.7788164970131,14.3909392509794,14.5313869398467,2017-11-19
2018,47,87.3100113284831,20.5652731264298,20.5773116464865,14.5259165110463,14.5771941026515,2018-11-19
2019,47,36.3823620070521,20.1874615249411,20.2065402008702,16.1461081059959,16.1115544071698,2019-11-19
2020,47,72.6847604050928,20.0024799508187,20.0354062503003,13.3803538358594,13.5029479783061,2020-11-18
2021,47,22.9502596347742,19.7008348998801,19.7274012871456,13.0884256654856,13.2344351899172,2021-11-19
2022,47,73.1562580923297,20.0835361939478,20.0974096348265,13.6581425235848,13.7368634894012,2022-11-19
2023,47,81.5713864123508,20.8252039094708,20.8457878629946,16.4362599606417,16.4469284594233,2023-11-19
2024,47,32.9506566566211,20.0610684125138,20.0815777347665,13.1018262354348,13.1314931430205,2024-11-18
2025,47,74.0916848669247,20.2415244127502,20.2548014665832,13.4657704433964,13.5721207415745,2025-11-19
2010,48,79.0906866604663,18.8653685733806,18.911744466676,13.4670156528929,13.5595934870639,2010-11-26
2011,48,83.8587918962751,19.2522241784254,19.2896237957234,13.5846564387441,13.6421907844766,2011-11-26
2012,48,74.1431601707859,19.5408683865828,19.5709154195758,14.4278611302723,14.5631366832611,2012-11-25
2013,48,42.8688052089847,19.5347334803367,19.5622386459706,14.8836941858075,14.8572364840494,2013-11-26
2014,48,46.4080254823056,20.7577528856239,20.7368377123908,15.2890817125059,15.4060005863623,2014-11-26
2015,48,55.0411617769792,21.5454227764474,21.5219119269368,15.0516326865371,15.0859472466627,2015-11-26
2016,48,30.0972702225165,19.8023512273071,19.8283026322679,11.9459433986564,12.0089733635371,2016-11-25
2017,48,23.5441816464805,20.0457704769279,20.0777840961868,13.0011580636828,13.2104145250237,2017-11-26
2018,48,75.7335043009099,19.9725261888421,20.0093730184149,13.5593521699266,13.6600751612694,2018-11-26
2019,48,21.2329517189337,20.7984130097548,20.7985265275827,13.3037254553147,13.4130103706271,2019-11-26
2020,48,57.6864573072762,20.4536022959228,20.4713382776555,13.7435211843374,13.8337804096433,2020-11-25
2021,48,92.494307720974,20.2523196556825,20.2775977832583,14.6221303411545,14.8371954422998,2021-11-26
2022,48,52.1113528190479,19.2195148551429,19.263783213001,12.7407536492751,12.8642208888996,2022-11-26
2023,48,47.7969467911011,21.6579699168747,21.6359877238816,15.4654999238061,15.6009682316127,2023-11-26
2024,48,24.713132727598,20.8344878371881,20.8274113040624,14.4129526066015,14.5632729266197,2024-11-25
2025,48,81.6725178571206,20.2169783539397,20.2312693540278,12.1444712116141,12.2611641911654,2025-11-26
2010,49,99.1335895026738,19.4557163861333,19.4583416735813,13.1220158863346,13.1781230654035,2010-12-03
2011,49,94.8229963939322,19.0621656565207,19.101231055079,13.6855290999565,13.7183779224362,2011-12-03
2012,49,50.2097342737215,19.5517532415362,19.5947877964542,15.0399085564794,15.0212193578047,2012-12-02
2013,49,130.041520252172,19.726586505901,19.7292447729639,13.6754228297197,13.7855408810318,2013-12-03
2014,49,64.8597033809295,20.140645647188,20.1355575945217,13.3004516234551,13.4033145598698,2014-12-03
2015,49,57.0829421799663,21.094689591633,21.0879440835892,14.4821947948578,14.6442305715022,2015-12-03
2016,49,67.1737663280165,19.5647476921971,19.5814696984805,13.2879882734649,13.4534705359456,2016-12-02
2017,49,33.8880351507281,20.3380922172925,20.3554312883939,15.1900728742861,15.3333301168837,2017-12-03
2018,49,12.1828028286859,20.0765682809902,20.0788200047551,15.5265224556881,15.5710388189155,2018-12-03
2019,49,44.9727904789649,20.3629571425324,20.369299974803,14.8762246735242,14.9871659251066,2019-12-03
2020,49,65.2432160975287,20.4435733928625,20.4734764738611,14.515830970019,14.6486430613015,2020-12-02
2021,49,68.1579051483477,21.0267386950835,21.0235310073497,12.957956818728,13.1356479850524,2021-12-03
2022,49,54.1234722867304,19.2481715839041,19.2814446635566,14.0138753440568,13.9845725787972,2022-12-03
2023,49,34.209237994675,21.8080885445064,21.7884058604783,15.0315346787344,15.1375944524048,2023-12-03
2024,49,8.18059521861396,20.40996880434,20.4495338211949,13.4212370725137,13.6273796815566,2024-12-02
2025,49,43.2226484954878,20.1009080152817,20.1290786898866,16.9298414210884,17.0435460232437,2025-12-03
2010,50,69.2055393822339,19.0457309939771,19.0839642630374,13.2713742645419,13.3826810667188,2010-12-10
2011,50,109.972175469551,18.9611307191432,19.00663201941,12.5439215776872,12.7609625863612,2011-12-10
2012,50,61.5367842151542,19.9441022872925,19.9640718284918,13.7182530314165,13.8591364535229,2012-12-09
2013,50,31.4193032170176,20.2021242619951,20.2000664330085,14.3924636882526,14.4902028231162,2013-12-10
2014,50,78.3059484492933,19.6502186216349,19.6586206772585,15.7670929021808,15.7358135926828,2014-12-10
2015,50,51.1608015712427,21.3124323614137,21.2952298756591,16.150826911537,16.2077618006715,2015-12-10
2016,50,30.9051703315435,20.0213201011235,20.0400242972304,15.510972752863,15.6893362568002,2016-12-09
2017,50,34.3580752051606,20.2242169282874,20.2439930056692,15.2381424292183,15.3465123343398,2017-12-10
2018,50,37.1780761595023,20.5881259573444,20.5648661215868,14.5512308712951,14.6614113451788,2018-12-10
2019,50,38.5309131917036,20.1963474535038,20.212171906285,13.8789256571333,13.8855759200827,2019-12-10
2020,50,40.2967548589317,20.4893172961977,20.5231038001814,15.4663493556809,15.5753443136855,2020-12-09
2021,50,73.1498357589321,19.965697663866,20.0143003088392,11.335878561259,11.5796069959857,2021-12-10
2022,50,22.7448192337859,19.878365256696,19.8637081235213,14.026215903613,14.1582181530166,2022-12-10
2023,50,42.3913425599868,21.6484071742689,21.6455485202133,12.603350786704,12.757455593643,2023-12-10
2024,50,36.1953359595541,20.9805102028583,20.9757067983422,12.0264367876526,12.1444271062623,2024-12-09
2025,50,10.4954296044636,20.4396795600913,20.4589276828154,13.1727906149261,13.4252519148779,2025-12-10
2010,51,143.810950081828,18.6872324039915,18.7168289787915,13.1133236843365,13.1782620377165,2010-12-17
2011,51,51.2992125697456,19.5798918679574,19.593414380321,13.7976362420241,13.9741777831542,2011-12-17
2012,51,85.5480089917475,19.7243418512817,19.7520793228038,14.4276803172365,14.5174843799269,2012-12-16
2013,51,24.2846163132448,19.7234840184537,19.7529142007188,12.518535758594,12.5469636138605,2013-12-17
2014,51,16.5185920232934,20.1499310401716,20.1619336653729,14.9096439517274,15.032330857769,2014-12-17
2015,51,58.6502854441762,21.6762851153449,21.6437440516302,16.2134818154938,16.2856987391547,2015-12-17
2016,51,22.1938066009877,20.0019406869182,20.0066294656203,13.8345771656092,13.9635965928392,2016-12-16
2017,51,0.428524362102542,20.8039276467815,20.7953094198822,15.6210722756455,15.7439936701827,2017-12-17
2018,51,23.5872986890137,20.5112012774187,20.5077809008495,14.985951572396,15.1608015552554,2018-12-17
2019,51,38.8432702163218,20.9068452067695,20.8949171655727,13.7312079407383,13.8323234149388,2019-12-17
2020,51,29.6076877304833,20.4343314240347,20.4559819913814,14.9835858915012,15.0625447907184,2020-12-16
2021,51,6.18243719676493,19.9416344840047,19.989282279946,12.319073286418,12.4598573442798,2021-12-17
2022,51,13.443542439458,20.0260931090085,20.0188007841305,14.6198208352915,14.8357940860114,2022-12-17
2023,51,70.3546854191549,21.5754936874434,21.5728940685706,13.3159207547024,13.3296415868375,2023-12-17
2024,51,69.1366531800251,20.9968991877386,20.9716713908115,13.4834984384542,13.4986579383427,2024-12-16
2025,51,44.5997180744093,20.0190359788455,20.0536051853058,12.3364765525907,12.5595337197662,2025-12-17
2010,52,12.6362229603025,19.6258499754414,19.6286219785929,14.4148000544779,14.5368049123892,2010-12-24
2011,52,15.6847996642221,20.4533817914067,20.4346810513266,14.0237631881202,14.116013289193,2011-12-24
2012,52,17.2876946182362,20.3993563777156,20.3757426481553,13.0562559550427,13.2147757735961,2012-12-23
2013,52,44.8160358504026,20.579766659973,20.5647321011513,16.2278298136097,16.3175439681673,2013-12-24
2014,52,4.03935167254234,20.9886712416268,20.9656782205876,15.3802458273774,15.5446152937308,2014-12-24
2015,52,33.4261256887336,22.3901270902539,22.3458444272812,17.83582247659,17.9942313853228,2015-12-24
2016,52,61.8730284493449,19.9492127554757,19.9771192970498,14.2082108631078,14.3561181660644,2016-12-23
2017,52,19.0600199344902,19.594529595389,19.6081690607544,12.6984363088802,12.7195232046589,2017-12-24
2018,52,20.7402100597804,21.1986111093193,21.1718826766612,16.5274339889993,16.7553811045499,2018-12-24
2019,52,36.5576639432601,21.2599229645799,21.242756148469,13.5750875236689,13.7448793486325,2019-12-24
2020,52,86.5508888789586,19.5654748994477,19.6192851817295,14.300695593086,14.2853198301688,2020-12-23
2021,52,19.4000471809515,20.361516032205,20.3865648108391,13.6249706682589,13.7194542578984,2021-12-24
2022,52,27.6504763820081,19.8324593941602,19.8411665560553,13.9412620741841,14.196928606784,2022-12-24
2023,52,47.6309278935802,20.6402061228849,20.665882333027,13.8408932199284,13.8466992253117,2023-12-24
2024,52,53.3204488448429,20.0379115986059,20.0557047007035,12.3457872360163,12.4655408275371,2024-12-23
2025,52,52.4780207556121,20.4245502093791,20.4329742912648,13.4709162489666,13.5989417195668,2025-12-24
