"celda","x","y","fraccion_dentro","centro_dentro"
30,-76.0749984513968,4.97499932907522,0.842962961294688,TRUE
31,-76.0249984506518,4.97499932907522,0.207407406996936,FALSE
66,-76.1249984521419,4.92499932833016,0.154074073769152,FALSE
67,-76.0749984513968,4.92499932833016,0.93333333148621,TRUE
68,-76.0249984506518,4.92499932833016,0.758518517017365,TRUE
69,-75.9749984499067,4.92499932833016,0.0785185183631256,FALSE
103,-76.1249984521419,4.8749993275851,0.471111110178754,TRUE
104,-76.0749984513968,4.8749993275851,0.99999999802094,TRUE
105,-76.0249984506518,4.8749993275851,0.99999999802094,TRUE
106,-75.9749984499067,4.8749993275851,0.45037036947906,FALSE
107,-75.9249984491616,4.8749993275851,0.235555555089377,FALSE
138,-76.224998453632,4.82499932684004,0.462222221307456,TRUE
139,-76.1749984528869,4.82499932684004,0.706666665268131,TRUE
140,-76.1249984521419,4.82499932684004,0.943703701836057,TRUE
141,-76.0749984513968,4.82499932684004,0.99999999802094,TRUE
142,-76.0249984506518,4.82499932684004,0.99999999802094,TRUE
143,-75.9749984499067,4.82499932684004,0.99999999802094,TRUE
144,-75.9249984491616,4.82499932684004,0.717037035617977,TRUE
173,-76.3249984551221,4.77499932609499,0.0148148147854954,FALSE
174,-76.2749984543771,4.77499932609499,0.512592591578141,FALSE
175,-76.224998453632,4.77499932609499,0.992592590628192,TRUE
176,-76.1749984528869,4.77499932609499,0.99999999802094,TRUE
177,-76.1249984521419,4.77499932609499,0.99999999802094,TRUE
178,-76.0749984513968,4.77499932609499,0.99999999802094,TRUE
179,-76.0249984506518,4.77499932609499,0.99999999802094,TRUE
180,-75.9749984499067,4.77499932609499,0.99999999802094,TRUE
181,-75.9249984491616,4.77499932609499,0.583703702548519,FALSE
182,-75.8749984484166,4.77499932609499,0.348148147459142,FALSE
183,-75.8249984476715,4.77499932609499,0.038518518442288,FALSE
210,-76.3249984551221,4.72499932534993,0.0311111110495403,FALSE
211,-76.2749984543771,4.72499932534993,0.86814814643003,TRUE
212,-76.224998453632,4.72499932534993,0.99999999802094,TRUE
213,-76.1749984528869,4.72499932534993,0.99999999802094,TRUE
214,-76.1249984521419,4.72499932534993,0.99999999802094,TRUE
215,-76.0749984513968,4.72499932534993,0.99999999802094,TRUE
216,-76.0249984506518,4.72499932534993,0.99999999802094,TRUE
217,-75.9749984499067,4.72499932534993,0.99999999802094,TRUE
218,-75.9249984491616,4.72499932534993,0.99999999802094,TRUE
219,-75.8749984484166,4.72499932534993,0.991111109149642,TRUE
220,-75.8249984476715,4.72499932534993,0.639999998733401,TRUE
221,-75.7749984469265,4.72499932534993,0.331851851195097,FALSE
222,-75.7249984461814,4.72499932534993,0.15999999968335,FALSE
247,-76.3249984551221,4.67499932460487,0.0222222221782431,FALSE
248,-76.2749984543771,4.67499932460487,0.985185183235444,TRUE
249,-76.224998453632,4.67499932460487,0.99999999802094,TRUE
250,-76.1749984528869,4.67499932460487,0.99999999802094,TRUE
251,-76.1249984521419,4.67499932460487,0.99999999802094,TRUE
252,-76.0749984513968,4.67499932460487,0.99999999802094,TRUE
253,-76.0249984506518,4.67499932460487,0.99999999802094,TRUE
254,-75.9749984499067,4.67499932460487,0.99999999802094,TRUE
255,-75.9249984491616,4.67499932460487,0.99999999802094,TRUE
256,-75.8749984484166,4.67499932460487,0.99999999802094,TRUE
257,-75.8249984476715,4.67499932460487,0.878518516779877,TRUE
258,-75.7749984469265,4.67499932460487,0.893333331565373,TRUE
259,-75.7249984461814,4.67499932460487,0.782222220674157,TRUE
284,-76.3249984551221,4.62499932385981,0.296296295709908,FALSE
285,-76.2749984543771,4.62499932385981,0.99999999802094,TRUE
286,-76.224998453632,4.62499932385981,0.99999999802094,TRUE
287,-76.1749984528869,4.62499932385981,0.99999999802094,TRUE
288,-76.1249984521419,4.62499932385981,0.99999999802094,TRUE
289,-76.0749984513968,4.62499932385981,0.99999999802094,TRUE
290,-76.0249984506518,4.62499932385981,0.99999999802094,TRUE
291,-75.9749984499067,4.62499932385981,0.99999999802094,TRUE
292,-75.9249984491616,4.62499932385981,0.99999999802094,TRUE
293,-75.8749984484166,4.62499932385981,0.884444442694075,TRUE
294,-75.8249984476715,4.62499932385981,0.054814814706333,FALSE
320,-76.3749984558672,4.57499932311475,0.0474074073135853,FALSE
321,-76.3249984551221,4.57499932311475,0.819259257637896,TRUE
322,-76.2749984543771,4.57499932311475,0.99999999802094,TRUE
323,-76.224998453632,4.57499932311475,0.99999999802094,TRUE
324,-76.1749984528869,4.57499932311475,0.99999999802094,TRUE
325,-76.1249984521419,4.57499932311475,0.99999999802094,TRUE
326,-76.0749984513968,4.57499932311475,0.99999999802094,TRUE
327,-76.0249984506518,4.57499932311475,0.99999999802094,TRUE
328,-75.9749984499067,4.57499932311475,0.99999999802094,TRUE
329,-75.9249984491616,4.57499932311475,0.99999999802094,TRUE
330,-75.8749984484166,4.57499932311475,0.623703702469356,TRUE
357,-76.3749984558672,4.52499932236969,0.459259258350357,FALSE
358,-76.3249984551221,4.52499932236969,0.99999999802094,TRUE
359,-76.2749984543771,4.52499932236969,0.99999999802094,TRUE
360,-76.224998453632,4.52499932236969,0.99999999802094,TRUE
361,-76.1749984528869,4.52499932236969,0.99999999802094,TRUE
362,-76.1249984521419,4.52499932236969,0.99999999802094,TRUE
363,-76.0749984513968,4.52499932236969,0.99999999802094,TRUE
364,-76.0249984506518,4.52499932236969,0.99999999802094,TRUE
365,-75.9749984499067,4.52499932236969,0.99999999802094,TRUE
366,-75.9249984491616,4.52499932236969,0.99999999802094,TRUE
367,-75.8749984484166,4.52499932236969,0.517037036013789,TRUE
393,-76.4249984566122,4.47499932162464,0.0074074073927477,FALSE
394,-76.3749984558672,4.47499932162464,0.694814813439734,TRUE
395,-76.3249984551221,4.47499932162464,0.99999999802094,TRUE
396,-76.2749984543771,4.47499932162464,0.99999999802094,TRUE
397,-76.224998453632,4.47499932162464,0.99999999802094,TRUE
398,-76.1749984528869,4.47499932162464,0.99999999802094,TRUE
399,-76.1249984521419,4.47499932162464,0.99999999802094,TRUE
400,-76.0749984513968,4.47499932162464,0.99999999802094,TRUE
401,-76.0249984506518,4.47499932162464,0.99999999802094,TRUE
402,-75.9749984499067,4.47499932162464,0.99999999802094,TRUE
403,-75.9249984491616,4.47499932162464,0.99999999802094,TRUE
404,-75.8749984484166,4.47499932162464,0.487407406442799,TRUE
428,-76.5249984581023,4.42499932087958,0.038518518442288,FALSE
429,-76.4749984573573,4.42499932087958,0.306666666059755,FALSE
430,-76.4249984566122,4.42499932087958,0.685925924568437,TRUE
431,-76.3749984558672,4.42499932087958,0.99999999802094,TRUE
432,-76.3249984551221,4.42499932087958,0.99999999802094,TRUE
433,-76.2749984543771,4.42499932087958,0.99999999802094,TRUE
434,-76.224998453632,4.42499932087958,0.99999999802094,TRUE
435,-76.1749984528869,4.42499932087958,0.99999999802094,TRUE
436,-76.1249984521419,4.42499932087958,0.99999999802094,TRUE
437,-76.0749984513968,4.42499932087958,0.99999999802094,TRUE
438,-76.0249984506518,4.42499932087958,0.99999999802094,TRUE
439,-75.9749984499067,4.42499932087958,0.99999999802094,TRUE
440,-75.9249984491616,4.42499932087958,0.99999999802094,TRUE
441,-75.8749984484166,4.42499932087958,0.394074073294178,FALSE
442,-75.8249984476715,4.42499932087958,0.0518518517492339,FALSE
465,-76.5249984581023,4.37499932013452,0.893333331565373,TRUE
466,-76.4749984573573,4.37499932013452,0.99999999802094,TRUE
467,-76.4249984566122,4.37499932013452,0.99999999802094,TRUE
468,-76.3749984558672,4.37499932013452,0.99999999802094,TRUE
469,-76.3249984551221,4.37499932013452,0.99999999802094,TRUE
470,-76.2749984543771,4.37499932013452,0.99999999802094,TRUE
471,-76.224998453632,4.37499932013452,0.99999999802094,TRUE
472,-76.1749984528869,4.37499932013452,0.99999999802094,TRUE
473,-76.1249984521419,4.37499932013452,0.99999999802094,TRUE
474,-76.0749984513968,4.37499932013452,0.99999999802094,TRUE
475,-76.0249984506518,4.37499932013452,0.99999999802094,TRUE
476,-75.9749984499067,4.37499932013452,0.99999999802094,TRUE
477,-75.9249984491616,4.37499932013452,0.99999999802094,TRUE
478,-75.8749984484166,4.37499932013452,0.99999999802094,TRUE
479,-75.8249984476715,4.37499932013452,0.946666664793156,TRUE
480,-75.7749984469265,4.37499932013452,0.038518518442288,FALSE
502,-76.5249984581023,4.32499931938946,0.924444442614913,TRUE
503,-76.4749984573573,4.32499931938946,0.99999999802094,TRUE
504,-76.4249984566122,4.32499931938946,0.99999999802094,TRUE
505,-76.3749984558672,4.32499931938946,0.99999999802094,TRUE
506,-76.3249984551221,4.32499931938946,0.99999999802094,TRUE
507,-76.2749984543771,4.32499931938946,0.99999999802094,TRUE
508,-76.224998453632,4.32499931938946,0.99999999802094,TRUE
509,-76.1749984528869,4.32499931938946,0.99999999802094,TRUE
510,-76.1249984521419,4.32499931938946,0.99999999802094,TRUE
511,-76.0749984513968,4.32499931938946,0.99999999802094,TRUE
512,-76.0249984506518,4.32499931938946,0.99999999802094,TRUE
513,-75.9749984499067,4.32499931938946,0.99999999802094,TRUE
514,-75.9249984491616,4.32499931938946,0.99999999802094,TRUE
515,-75.8749984484166,4.32499931938946,0.99999999802094,TRUE
516,-75.8249984476715,4.32499931938946,0.99999999802094,TRUE
517,-75.7749984469265,4.32499931938946,0.119999999762513,FALSE
539,-76.5249984581023,4.2749993186444,0.653333332040347,TRUE
540,-76.4749984573573,4.2749993186444,0.99999999802094,TRUE
541,-76.4249984566122,4.2749993186444,0.99999999802094,TRUE
542,-76.3749984558672,4.2749993186444,0.99999999802094,TRUE
543,-76.3249984551221,4.2749993186444,0.99999999802094,TRUE
544,-76.2749984543771,4.2749993186444,0.99999999802094,TRUE
545,-76.224998453632,4.2749993186444,0.99999999802094,TRUE
546,-76.1749984528869,4.2749993186444,0.99999999802094,TRUE
547,-76.1249984521419,4.2749993186444,0.99999999802094,TRUE
548,-76.0749984513968,4.2749993186444,0.99999999802094,TRUE
549,-76.0249984506518,4.2749993186444,0.99999999802094,TRUE
550,-75.9749984499067,4.2749993186444,0.99999999802094,TRUE
551,-75.9249984491616,4.2749993186444,0.99999999802094,TRUE
552,-75.8749984484166,4.2749993186444,0.99999999802094,TRUE
553,-75.8249984476715,4.2749993186444,0.9659259240143,TRUE
554,-75.7749984469265,4.2749993186444,0.0992592590628192,FALSE
561,-77.2749984692782,4.22499931789935,0.402962962165475,TRUE
562,-77.2249984685332,4.22499931789935,0.00444444443564862,FALSE
576,-76.5249984581023,4.22499931789935,0.0311111110495403,FALSE
577,-76.4749984573573,4.22499931789935,0.466666665743105,FALSE
578,-76.4249984566122,4.22499931789935,0.99999999802094,TRUE
579,-76.3749984558672,4.22499931789935,0.99999999802094,TRUE
580,-76.3249984551221,4.22499931789935,0.99999999802094,TRUE
581,-76.2749984543771,4.22499931789935,0.99999999802094,TRUE
582,-76.224998453632,4.22499931789935,0.99999999802094,TRUE
583,-76.1749984528869,4.22499931789935,0.99999999802094,TRUE
584,-76.1249984521419,4.22499931789935,0.99999999802094,TRUE
585,-76.0749984513968,4.22499931789935,0.99999999802094,TRUE
586,-76.0249984506518,4.22499931789935,0.99999999802094,TRUE
587,-75.9749984499067,4.22499931789935,0.99999999802094,TRUE
588,-75.9249984491616,4.22499931789935,0.99999999802094,TRUE
589,-75.8749984484166,4.22499931789935,0.99999999802094,TRUE
590,-75.8249984476715,4.22499931789935,0.671111109782942,TRUE
596,-77.3749984707683,4.17499931715429,0.524444443406537,TRUE
597,-77.3249984700233,4.17499931715429,0.631111109862104,TRUE
598,-77.2749984692782,4.17499931715429,0.874074072344229,TRUE
599,-77.2249984685332,4.17499931715429,0.336296295630746,FALSE
600,-77.1749984677881,4.17499931715429,0.552592591498978,TRUE
601,-77.124998467043,4.17499931715429,0.0903703701915219,FALSE
614,-76.4749984573573,4.17499931715429,0.247407406917773,FALSE
615,-76.4249984566122,4.17499931715429,0.99999999802094,TRUE
616,-76.3749984558672,4.17499931715429,0.99999999802094,TRUE
617,-76.3249984551221,4.17499931715429,0.99999999802094,TRUE
618,-76.2749984543771,4.17499931715429,0.99999999802094,TRUE
619,-76.224998453632,4.17499931715429,0.99999999802094,TRUE
620,-76.1749984528869,4.17499931715429,0.99999999802094,TRUE
621,-76.1249984521419,4.17499931715429,0.99999999802094,TRUE
622,-76.0749984513968,4.17499931715429,0.99999999802094,TRUE
623,-76.0249984506518,4.17499931715429,0.99999999802094,TRUE
624,-75.9749984499067,4.17499931715429,0.99999999802094,TRUE
625,-75.9249984491616,4.17499931715429,0.99999999802094,TRUE
626,-75.8749984484166,4.17499931715429,0.99999999802094,TRUE
627,-75.8249984476715,4.17499931715429,0.365925925201736,FALSE
632,-77.4249984715134,4.12499931640923,0.681481480132788,TRUE
633,-77.3749984707683,4.12499931640923,0.988148146192543,TRUE
634,-77.3249984700233,4.12499931640923,0.99999999802094,TRUE
635,-77.2749984692782,4.12499931640923,0.995555553585291,TRUE
636,-77.2249984685332,4.12499931640923,0.99999999802094,TRUE
637,-77.1749984677881,4.12499931640923,0.99999999802094,TRUE
638,-77.124998467043,4.12499931640923,0.67703703569714,TRUE
639,-77.074998466298,4.12499931640923,0.179259258904494,FALSE
640,-77.0249984655529,4.12499931640923,0.00592592591419816,FALSE
641,-76.9749984648079,4.12499931640923,0.365925925201736,FALSE
642,-76.9249984640628,4.12499931640923,0.105185184977017,FALSE
651,-76.4749984573573,4.12499931640923,0.222222221782431,FALSE
652,-76.4249984566122,4.12499931640923,0.99999999802094,TRUE
653,-76.3749984558672,4.12499931640923,0.99999999802094,TRUE
654,-76.3249984551221,4.12499931640923,0.99999999802094,TRUE
655,-76.2749984543771,4.12499931640923,0.99999999802094,TRUE
656,-76.224998453632,4.12499931640923,0.99999999802094,TRUE
657,-76.1749984528869,4.12499931640923,0.99999999802094,TRUE
658,-76.1249984521419,4.12499931640923,0.99999999802094,TRUE
659,-76.0749984513968,4.12499931640923,0.99999999802094,TRUE
660,-76.0249984506518,4.12499931640923,0.99999999802094,TRUE
661,-75.9749984499067,4.12499931640923,0.99999999802094,TRUE
662,-75.9249984491616,4.12499931640923,0.99999999802094,TRUE
663,-75.8749984484166,4.12499931640923,0.99999999802094,TRUE
664,-75.8249984476715,4.12499931640923,0.207407406996936,FALSE
669,-77.4249984715134,4.07499931566417,0.591111109941266,TRUE
670,-77.3749984707683,4.07499931566417,0.99999999802094,TRUE
671,-77.3249984700233,4.07499931566417,0.99999999802094,TRUE
672,-77.2749984692782,4.07499931566417,0.813333331723697,TRUE
673,-77.2249984685332,4.07499931566417,0.672592591261491,TRUE
674,-77.1749984677881,4.07499931566417,0.955555553664453,TRUE
675,-77.124998467043,4.07499931566417,0.99999999802094,TRUE
676,-77.074998466298,4.07499931566417,0.989629627671093,TRUE
677,-77.0249984655529,4.07499931566417,0.980740738799796,TRUE
678,-76.9749984648079,4.07499931566417,0.99851851654239,TRUE
679,-76.9249984640628,4.07499931566417,0.96740740549285,TRUE
680,-76.8749984633178,4.07499931566417,0.22518518473953,FALSE
687,-76.5249984581023,4.07499931566417,0,FALSE
688,-76.4749984573573,4.07499931566417,0.594074072898366,TRUE
689,-76.4249984566122,4.07499931566417,0.99999999802094,TRUE
690,-76.3749984558672,4.07499931566417,0.99999999802094,TRUE
691,-76.3249984551221,4.07499931566417,0.99999999802094,TRUE
692,-76.2749984543771,4.07499931566417,0.99999999802094,TRUE
693,-76.224998453632,4.07499931566417,0.99999999802094,TRUE
694,-76.1749984528869,4.07499931566417,0.99999999802094,TRUE
695,-76.1249984521419,4.07499931566417,0.99999999802094,TRUE
696,-76.0749984513968,4.07499931566417,0.99999999802094,TRUE
697,-76.0249984506518,4.07499931566417,0.99999999802094,TRUE
698,-75.9749984499067,4.07499931566417,0.99999999802094,TRUE
699,-75.9249984491616,4.07499931566417,0.99999999802094,TRUE
700,-75.8749984484166,4.07499931566417,0.99999999802094,TRUE
701,-75.8249984476715,4.07499931566417,0.943703701836057,TRUE
702,-75.7749984469265,4.07499931566417,0.602962961769663,FALSE
703,-75.7249984461814,4.07499931566417,0.0518518517492339,FALSE
706,-77.4249984715134,4.02499931491911,0.662222220911644,TRUE
707,-77.3749984707683,4.02499931491911,0.99999999802094,TRUE
708,-77.3249984700233,4.02499931491911,0.77185185032431,TRUE
709,-77.2749984692782,4.02499931491911,0.109629629412666,FALSE
710,-77.2249984685332,4.02499931491911,0.208888888475485,FALSE
711,-77.1749984677881,4.02499931491911,0.961481479578651,TRUE
712,-77.124998467043,4.02499931491911,0.99999999802094,TRUE
713,-77.074998466298,4.02499931491911,0.99999999802094,TRUE
714,-77.0249984655529,4.02499931491911,0.99999999802094,TRUE
715,-76.9749984648079,4.02499931491911,0.99999999802094,TRUE
716,-76.9249984640628,4.02499931491911,0.99999999802094,TRUE
717,-76.8749984633178,4.02499931491911,0.823703702073544,TRUE
718,-76.8249984625727,4.02499931491911,0.469629628700204,FALSE
719,-76.7749984618276,4.02499931491911,0.0459259258350357,FALSE
720,-76.7249984610826,4.02499931491911,0,FALSE
721,-76.6749984603375,4.02499931491911,0.213333332911134,FALSE
722,-76.6249984595925,4.02499931491911,0.488888887921348,FALSE
723,-76.5749984588474,4.02499931491911,0.410370369558223,FALSE
724,-76.5249984581023,4.02499931491911,0.576296295155771,TRUE
725,-76.4749984573573,4.02499931491911,0.99999999802094,TRUE
726,-76.4249984566122,4.02499931491911,0.99999999802094,TRUE
727,-76.3749984558672,4.02499931491911,0.99999999802094,TRUE
728,-76.3249984551221,4.02499931491911,0.99999999802094,TRUE
729,-76.2749984543771,4.02499931491911,0.99999999802094,TRUE
730,-76.224998453632,4.02499931491911,0.99999999802094,TRUE
731,-76.1749984528869,4.02499931491911,0.99999999802094,TRUE
732,-76.1249984521419,4.02499931491911,0.99999999802094,TRUE
733,-76.0749984513968,4.02499931491911,0.99999999802094,TRUE
734,-76.0249984506518,4.02499931491911,0.99999999802094,TRUE
735,-75.9749984499067,4.02499931491911,0.99999999802094,TRUE
736,-75.9249984491616,4.02499931491911,0.99999999802094,TRUE
737,-75.8749984484166,4.02499931491911,0.99999999802094,TRUE
738,-75.8249984476715,4.02499931491911,0.99999999802094,TRUE
739,-75.7749984469265,4.02499931491911,0.699259257875383,TRUE
740,-75.7249984461814,4.02499931491911,0.0207407406996936,FALSE
743,-77.4249984715134,3.97499931417406,0.0711111109703779,FALSE
744,-77.3749984707683,3.97499931417406,0.725925924489275,TRUE
745,-77.3249984700233,3.97499931417406,0.4844444434857,TRUE
746,-77.2749984692782,3.97499931417406,0.616296295076609,TRUE
747,-77.2249984685332,3.97499931417406,0.915555553743616,TRUE
748,-77.1749984677881,3.97499931417406,0.99999999802094,TRUE
749,-77.124998467043,3.97499931417406,0.99999999802094,TRUE
750,-77.074998466298,3.97499931417406,0.99999999802094,TRUE
751,-77.0249984655529,3.97499931417406,0.99999999802094,TRUE
752,-76.9749984648079,3.97499931417406,0.99999999802094,TRUE
753,-76.9249984640628,3.97499931417406,0.99999999802094,TRUE
754,-76.8749984633178,3.97499931417406,0.99999999802094,TRUE
755,-76.8249984625727,3.97499931417406,0.99999999802094,TRUE
756,-76.7749984618276,3.97499931417406,0.961481479578651,TRUE
757,-76.7249984610826,3.97499931417406,0.911111109307967,TRUE
758,-76.6749984603375,3.97499931417406,0.99999999802094,TRUE
759,-76.6249984595925,3.97499931417406,0.99999999802094,TRUE
760,-76.5749984588474,3.97499931417406,0.99999999802094,TRUE
761,-76.5249984581023,3.97499931417406,0.99999999802094,TRUE
762,-76.4749984573573,3.97499931417406,0.99999999802094,TRUE
763,-76.4249984566122,3.97499931417406,0.99999999802094,TRUE
764,-76.3749984558672,3.97499931417406,0.99999999802094,TRUE
765,-76.3249984551221,3.97499931417406,0.99999999802094,TRUE
766,-76.2749984543771,3.97499931417406,0.99999999802094,TRUE
767,-76.224998453632,3.97499931417406,0.99999999802094,TRUE
768,-76.1749984528869,3.97499931417406,0.99999999802094,TRUE
769,-76.1249984521419,3.97499931417406,0.99999999802094,TRUE
770,-76.0749984513968,3.97499931417406,0.99999999802094,TRUE
771,-76.0249984506518,3.97499931417406,0.99999999802094,TRUE
772,-75.9749984499067,3.97499931417406,0.99999999802094,TRUE
773,-75.9249984491616,3.97499931417406,0.99999999802094,TRUE
774,-75.8749984484166,3.97499931417406,0.99999999802094,TRUE
775,-75.8249984476715,3.97499931417406,0.986666664713994,TRUE
776,-75.7749984469265,3.97499931417406,0.100740740541369,FALSE
781,-77.3749984707683,3.924999313429,0.191111110732891,FALSE
782,-77.3249984700233,3.924999313429,0.361481480766088,FALSE
783,-77.2749984692782,3.924999313429,0.992592590628192,TRUE
784,-77.2249984685332,3.924999313429,0.99999999802094,TRUE
785,-77.1749984677881,3.924999313429,0.99999999802094,TRUE
786,-77.124998467043,3.924999313429,0.99999999802094,TRUE
787,-77.074998466298,3.924999313429,0.919999998179264,TRUE
788,-77.0249984655529,3.924999313429,0.936296294443309,TRUE
789,-76.9749984648079,3.924999313429,0.99999999802094,TRUE
790,-76.9249984640628,3.924999313429,0.99999999802094,TRUE
791,-76.8749984633178,3.924999313429,0.99999999802094,TRUE
792,-76.8249984625727,3.924999313429,0.99999999802094,TRUE
793,-76.7749984618276,3.924999313429,0.99999999802094,TRUE
794,-76.7249984610826,3.924999313429,0.99999999802094,TRUE
795,-76.6749984603375,3.924999313429,0.99999999802094,TRUE
796,-76.6249984595925,3.924999313429,0.99999999802094,TRUE
797,-76.5749984588474,3.924999313429,0.99999999802094,TRUE
798,-76.5249984581023,3.924999313429,0.99999999802094,TRUE
799,-76.4749984573573,3.924999313429,0.99999999802094,TRUE
800,-76.4249984566122,3.924999313429,0.99999999802094,TRUE
801,-76.3749984558672,3.924999313429,0.99999999802094,TRUE
802,-76.3249984551221,3.924999313429,0.99999999802094,TRUE
803,-76.2749984543771,3.924999313429,0.99999999802094,TRUE
804,-76.224998453632,3.924999313429,0.99999999802094,TRUE
805,-76.1749984528869,3.924999313429,0.99999999802094,TRUE
806,-76.1249984521419,3.924999313429,0.99999999802094,TRUE
807,-76.0749984513968,3.924999313429,0.99999999802094,TRUE
808,-76.0249984506518,3.924999313429,0.99999999802094,TRUE
809,-75.9749984499067,3.924999313429,0.99999999802094,TRUE
810,-75.9249984491616,3.924999313429,0.99999999802094,TRUE
811,-75.8749984484166,3.924999313429,0.99999999802094,TRUE
812,-75.8249984476715,3.924999313429,0.70814814674668,TRUE
818,-77.3749984707683,3.87499931268394,0.00296296295709908,FALSE
819,-77.3249984700233,3.87499931268394,0.019259259221144,FALSE
820,-77.2749984692782,3.87499931268394,0.851851850165986,TRUE
821,-77.2249984685332,3.87499931268394,0.99999999802094,TRUE
822,-77.1749984677881,3.87499931268394,0.974814812885597,TRUE
823,-77.124998467043,3.87499931268394,0.574814813677222,TRUE
824,-77.074998466298,3.87499931268394,0.428148147300817,FALSE
825,-77.0249984655529,3.87499931268394,0.927407405572012,TRUE
826,-76.9749984648079,3.87499931268394,0.99999999802094,TRUE
827,-76.9249984640628,3.87499931268394,0.99999999802094,TRUE
828,-76.8749984633178,3.87499931268394,0.99999999802094,TRUE
829,-76.8249984625727,3.87499931268394,0.99999999802094,TRUE
830,-76.7749984618276,3.87499931268394,0.99999999802094,TRUE
831,-76.7249984610826,3.87499931268394,0.99999999802094,TRUE
832,-76.6749984603375,3.87499931268394,0.99999999802094,TRUE
833,-76.6249984595925,3.87499931268394,0.99999999802094,TRUE
834,-76.5749984588474,3.87499931268394,0.99999999802094,TRUE
835,-76.5249984581023,3.87499931268394,0.99999999802094,TRUE
836,-76.4749984573573,3.87499931268394,0.99999999802094,TRUE
837,-76.4249984566122,3.87499931268394,0.99999999802094,TRUE
838,-76.3749984558672,3.87499931268394,0.99999999802094,TRUE
839,-76.3249984551221,3.87499931268394,0.99999999802094,TRUE
840,-76.2749984543771,3.87499931268394,0.99999999802094,TRUE
841,-76.224998453632,3.87499931268394,0.99999999802094,TRUE
842,-76.1749984528869,3.87499931268394,0.99999999802094,TRUE
843,-76.1249984521419,3.87499931268394,0.99999999802094,TRUE
844,-76.0749984513968,3.87499931268394,0.99999999802094,TRUE
845,-76.0249984506518,3.87499931268394,0.99999999802094,TRUE
846,-75.9749984499067,3.87499931268394,0.99999999802094,TRUE
847,-75.9249984491616,3.87499931268394,0.99999999802094,TRUE
848,-75.8749984484166,3.87499931268394,0.866666664951481,TRUE
849,-75.8249984476715,3.87499931268394,0.0222222221782431,FALSE
857,-77.2749984692782,3.82499931193888,0.19259259221144,FALSE
858,-77.2249984685332,3.82499931193888,0.312592591973953,FALSE
859,-77.1749984677881,3.82499931193888,0.198518518125638,FALSE
860,-77.124998467043,3.82499931193888,0.370370369637385,FALSE
861,-77.074998466298,3.82499931193888,0.976296294364147,TRUE
862,-77.0249984655529,3.82499931193888,0.99999999802094,TRUE
863,-76.9749984648079,3.82499931193888,0.99999999802094,TRUE
864,-76.9249984640628,3.82499931193888,0.99999999802094,TRUE
865,-76.8749984633178,3.82499931193888,0.99999999802094,TRUE
866,-76.8249984625727,3.82499931193888,0.99999999802094,TRUE
867,-76.7749984618276,3.82499931193888,0.99999999802094,TRUE
868,-76.7249984610826,3.82499931193888,0.99999999802094,TRUE
869,-76.6749984603375,3.82499931193888,0.99999999802094,TRUE
870,-76.6249984595925,3.82499931193888,0.99999999802094,TRUE
871,-76.5749984588474,3.82499931193888,0.99999999802094,TRUE
872,-76.5249984581023,3.82499931193888,0.99999999802094,TRUE
873,-76.4749984573573,3.82499931193888,0.99999999802094,TRUE
874,-76.4249984566122,3.82499931193888,0.99999999802094,TRUE
875,-76.3749984558672,3.82499931193888,0.99999999802094,TRUE
876,-76.3249984551221,3.82499931193888,0.99999999802094,TRUE
877,-76.2749984543771,3.82499931193888,0.99999999802094,TRUE
878,-76.224998453632,3.82499931193888,0.99999999802094,TRUE
879,-76.1749984528869,3.82499931193888,0.99999999802094,TRUE
880,-76.1249984521419,3.82499931193888,0.99999999802094,TRUE
881,-76.0749984513968,3.82499931193888,0.99999999802094,TRUE
882,-76.0249984506518,3.82499931193888,0.99999999802094,TRUE
883,-75.9749984499067,3.82499931193888,0.99999999802094,TRUE
884,-75.9249984491616,3.82499931193888,0.99999999802094,TRUE
885,-75.8749984484166,3.82499931193888,0.481481480528601,TRUE
896,-77.1749984677881,3.77499931119382,0.365925925201736,FALSE
897,-77.124998467043,3.77499931119382,0.80592592433095,TRUE
898,-77.074998466298,3.77499931119382,0.99999999802094,TRUE
899,-77.0249984655529,3.77499931119382,0.99999999802094,TRUE
900,-76.9749984648079,3.77499931119382,0.99999999802094,TRUE
901,-76.9249984640628,3.77499931119382,0.99999999802094,TRUE
902,-76.8749984633178,3.77499931119382,0.99999999802094,TRUE
903,-76.8249984625727,3.77499931119382,0.99999999802094,TRUE
904,-76.7749984618276,3.77499931119382,0.99999999802094,TRUE
905,-76.7249984610826,3.77499931119382,0.99999999802094,TRUE
906,-76.6749984603375,3.77499931119382,0.99999999802094,TRUE
907,-76.6249984595925,3.77499931119382,0.99999999802094,TRUE
908,-76.5749984588474,3.77499931119382,0.99999999802094,TRUE
909,-76.5249984581023,3.77499931119382,0.99999999802094,TRUE
910,-76.4749984573573,3.77499931119382,0.99999999802094,TRUE
911,-76.4249984566122,3.77499931119382,0.99999999802094,TRUE
912,-76.3749984558672,3.77499931119382,0.99999999802094,TRUE
913,-76.3249984551221,3.77499931119382,0.99999999802094,TRUE
914,-76.2749984543771,3.77499931119382,0.99999999802094,TRUE
915,-76.224998453632,3.77499931119382,0.99999999802094,TRUE
916,-76.1749984528869,3.77499931119382,0.99999999802094,TRUE
917,-76.1249984521419,3.77499931119382,0.99999999802094,TRUE
918,-76.0749984513968,3.77499931119382,0.99999999802094,TRUE
919,-76.0249984506518,3.77499931119382,0.99999999802094,TRUE
920,-75.9749984499067,3.77499931119382,0.99999999802094,TRUE
921,-75.9249984491616,3.77499931119382,0.829629627987742,TRUE
922,-75.8749984484166,3.77499931119382,0.00148148147854954,FALSE
933,-77.1749984677881,3.72499931044877,0.746666665188968,TRUE
934,-77.124998467043,3.72499931044877,0.897777776001021,TRUE
935,-77.074998466298,3.72499931044877,0.99999999802094,TRUE
936,-77.0249984655529,3.72499931044877,0.99999999802094,TRUE
937,-76.9749984648079,3.72499931044877,0.99999999802094,TRUE
938,-76.9249984640628,3.72499931044877,0.99999999802094,TRUE
939,-76.8749984633178,3.72499931044877,0.99999999802094,TRUE
940,-76.8249984625727,3.72499931044877,0.99999999802094,TRUE
941,-76.7749984618276,3.72499931044877,0.99999999802094,TRUE
942,-76.7249984610826,3.72499931044877,0.99999999802094,TRUE
943,-76.6749984603375,3.72499931044877,0.99999999802094,TRUE
944,-76.6249984595925,3.72499931044877,0.99999999802094,TRUE
945,-76.5749984588474,3.72499931044877,0.99999999802094,TRUE
946,-76.5249984581023,3.72499931044877,0.99999999802094,TRUE
947,-76.4749984573573,3.72499931044877,0.99999999802094,TRUE
948,-76.4249984566122,3.72499931044877,0.99999999802094,TRUE
949,-76.3749984558672,3.72499931044877,0.99999999802094,TRUE
950,-76.3249984551221,3.72499931044877,0.99999999802094,TRUE
951,-76.2749984543771,3.72499931044877,0.99999999802094,TRUE
952,-76.224998453632,3.72499931044877,0.99999999802094,TRUE
953,-76.1749984528869,3.72499931044877,0.99999999802094,TRUE
954,-76.1249984521419,3.72499931044877,0.99999999802094,TRUE
955,-76.0749984513968,3.72499931044877,0.99999999802094,TRUE
956,-76.0249984506518,3.72499931044877,0.99999999802094,TRUE
957,-75.9749984499067,3.72499931044877,0.954074072185904,TRUE
958,-75.9249984491616,3.72499931044877,0.222222221782431,FALSE
970,-77.1749984677881,3.67499930970371,0.391111110337079,FALSE
971,-77.124998467043,3.67499930970371,0.915555553743616,TRUE
972,-77.074998466298,3.67499930970371,0.99999999802094,TRUE
973,-77.0249984655529,3.67499930970371,0.99999999802094,TRUE
974,-76.9749984648079,3.67499930970371,0.99999999802094,TRUE
975,-76.9249984640628,3.67499930970371,0.99999999802094,TRUE
976,-76.8749984633178,3.67499930970371,0.99999999802094,TRUE
977,-76.8249984625727,3.67499930970371,0.99999999802094,TRUE
978,-76.7749984618276,3.67499930970371,0.99999999802094,TRUE
979,-76.7249984610826,3.67499930970371,0.99999999802094,TRUE
980,-76.6749984603375,3.67499930970371,0.99999999802094,TRUE
981,-76.6249984595925,3.67499930970371,0.99999999802094,TRUE
982,-76.5749984588474,3.67499930970371,0.99999999802094,TRUE
983,-76.5249984581023,3.67499930970371,0.99999999802094,TRUE
984,-76.4749984573573,3.67499930970371,0.99999999802094,TRUE
985,-76.4249984566122,3.67499930970371,0.99999999802094,TRUE
986,-76.3749984558672,3.67499930970371,0.99999999802094,TRUE
987,-76.3249984551221,3.67499930970371,0.99999999802094,TRUE
988,-76.2749984543771,3.67499930970371,0.99999999802094,TRUE
989,-76.224998453632,3.67499930970371,0.99999999802094,TRUE
990,-76.1749984528869,3.67499930970371,0.99999999802094,TRUE
991,-76.1249984521419,3.67499930970371,0.99999999802094,TRUE
992,-76.0749984513968,3.67499930970371,0.99999999802094,TRUE
993,-76.0249984506518,3.67499930970371,0.99999999802094,TRUE
994,-75.9749984499067,3.67499930970371,0.785185183631256,TRUE
1006,-77.2249984685332,3.62499930895865,0.019259259221144,FALSE
1007,-77.1749984677881,3.62499930895865,0.797037035459653,FALSE
1008,-77.124998467043,3.62499930895865,0.964444442535751,TRUE
1009,-77.074998466298,3.62499930895865,0.99999999802094,TRUE
1010,-77.0249984655529,3.62499930895865,0.99999999802094,TRUE
1011,-76.9749984648079,3.62499930895865,0.99999999802094,TRUE
1012,-76.9249984640628,3.62499930895865,0.99999999802094,TRUE
1013,-76.8749984633178,3.62499930895865,0.99999999802094,TRUE
1014,-76.8249984625727,3.62499930895865,0.99999999802094,TRUE
1015,-76.7749984618276,3.62499930895865,0.99999999802094,TRUE
1016,-76.7249984610826,3.62499930895865,0.99999999802094,TRUE
1017,-76.6749984603375,3.62499930895865,0.99999999802094,TRUE
1018,-76.6249984595925,3.62499930895865,0.99999999802094,TRUE
1019,-76.5749984588474,3.62499930895865,0.99999999802094,TRUE
1020,-76.5249984581023,3.62499930895865,0.99999999802094,TRUE
1021,-76.4749984573573,3.62499930895865,0.99999999802094,TRUE
1022,-76.4249984566122,3.62499930895865,0.99999999802094,TRUE
1023,-76.3749984558672,3.62499930895865,0.99999999802094,TRUE
1024,-76.3249984551221,3.62499930895865,0.99999999802094,TRUE
1025,-76.2749984543771,3.62499930895865,0.99999999802094,TRUE
1026,-76.224998453632,3.62499930895865,0.99999999802094,TRUE
1027,-76.1749984528869,3.62499930895865,0.99999999802094,TRUE
1028,-76.1249984521419,3.62499930895865,0.99999999802094,TRUE
1029,-76.0749984513968,3.62499930895865,0.99999999802094,TRUE
1030,-76.0249984506518,3.62499930895865,0.99999999802094,TRUE
1031,-75.9749984499067,3.62499930895865,0.228148147696629,FALSE
1041,-77.3249984700233,3.57499930821359,0.0488888887921348,FALSE
1042,-77.2749984692782,3.57499930821359,0.394074073294178,FALSE
1043,-77.2249984685332,3.57499930821359,0.746666665188968,TRUE
1044,-77.1749984677881,3.57499930821359,0.99703703506384,TRUE
1045,-77.124998467043,3.57499930821359,0.99999999802094,TRUE
1046,-77.074998466298,3.57499930821359,0.99999999802094,TRUE
1047,-77.0249984655529,3.57499930821359,0.99999999802094,TRUE
1048,-76.9749984648079,3.57499930821359,0.99999999802094,TRUE
1049,-76.9249984640628,3.57499930821359,0.99999999802094,TRUE
1050,-76.8749984633178,3.57499930821359,0.99999999802094,TRUE
1051,-76.8249984625727,3.57499930821359,0.99999999802094,TRUE
1052,-76.7749984618276,3.57499930821359,0.99999999802094,TRUE
1053,-76.7249984610826,3.57499930821359,0.99999999802094,TRUE
1054,-76.6749984603375,3.57499930821359,0.99999999802094,TRUE
1055,-76.6249984595925,3.57499930821359,0.99999999802094,TRUE
1056,-76.5749984588474,3.57499930821359,0.99999999802094,TRUE
1057,-76.5249984581023,3.57499930821359,0.99999999802094,TRUE
1058,-76.4749984573573,3.57499930821359,0.99999999802094,TRUE
1059,-76.4249984566122,3.57499930821359,0.99999999802094,TRUE
1060,-76.3749984558672,3.57499930821359,0.99999999802094,TRUE
1061,-76.3249984551221,3.57499930821359,0.99999999802094,TRUE
1062,-76.2749984543771,3.57499930821359,0.99999999802094,TRUE
1063,-76.224998453632,3.57499930821359,0.99999999802094,TRUE
1064,-76.1749984528869,3.57499930821359,0.99999999802094,TRUE
1065,-76.1249984521419,3.57499930821359,0.99999999802094,TRUE
1066,-76.0749984513968,3.57499930821359,0.99999999802094,TRUE
1067,-76.0249984506518,3.57499930821359,0.99999999802094,TRUE
1068,-75.9749984499067,3.57499930821359,0.25777777726762,FALSE
1078,-77.3249984700233,3.52499930746853,0.552592591498978,TRUE
1079,-77.2749984692782,3.52499930746853,0.955555553664453,TRUE
1080,-77.2249984685332,3.52499930746853,0.99999999802094,TRUE
1081,-77.1749984677881,3.52499930746853,0.99999999802094,TRUE
1082,-77.124998467043,3.52499930746853,0.99999999802094,TRUE
1083,-77.074998466298,3.52499930746853,0.99999999802094,TRUE
1084,-77.0249984655529,3.52499930746853,0.99999999802094,TRUE
1085,-76.9749984648079,3.52499930746853,0.99999999802094,TRUE
1086,-76.9249984640628,3.52499930746853,0.99999999802094,TRUE
1087,-76.8749984633178,3.52499930746853,0.99999999802094,TRUE
1088,-76.8249984625727,3.52499930746853,0.99999999802094,TRUE
1089,-76.7749984618276,3.52499930746853,0.99999999802094,TRUE
1090,-76.7249984610826,3.52499930746853,0.99999999802094,TRUE
1091,-76.6749984603375,3.52499930746853,0.99999999802094,TRUE
1092,-76.6249984595925,3.52499930746853,0.99999999802094,TRUE
1093,-76.5749984588474,3.52499930746853,0.99999999802094,TRUE
1094,-76.5249984581023,3.52499930746853,0.99999999802094,TRUE
1095,-76.4749984573573,3.52499930746853,0.99999999802094,TRUE
1096,-76.4249984566122,3.52499930746853,0.99999999802094,TRUE
1097,-76.3749984558672,3.52499930746853,0.99999999802094,TRUE
1098,-76.3249984551221,3.52499930746853,0.99999999802094,TRUE
1099,-76.2749984543771,3.52499930746853,0.99999999802094,TRUE
1100,-76.224998453632,3.52499930746853,0.99999999802094,TRUE
1101,-76.1749984528869,3.52499930746853,0.99999999802094,TRUE
1102,-76.1249984521419,3.52499930746853,0.99999999802094,TRUE
1103,-76.0749984513968,3.52499930746853,0.99999999802094,TRUE
1104,-76.0249984506518,3.52499930746853,0.893333331565373,TRUE
1105,-75.9749984499067,3.52499930746853,0.0296296295709908,FALSE
1114,-77.3749984707683,3.47499930672348,0.239999999525025,FALSE
1115,-77.3249984700233,3.47499930672348,0.99999999802094,TRUE
1116,-77.2749984692782,3.47499930672348,0.99999999802094,TRUE
1117,-77.2249984685332,3.47499930672348,0.99999999802094,TRUE
1118,-77.1749984677881,3.47499930672348,0.99999999802094,TRUE
1119,-77.124998467043,3.47499930672348,0.99999999802094,TRUE
1120,-77.074998466298,3.47499930672348,0.99999999802094,TRUE
1121,-77.0249984655529,3.47499930672348,0.99999999802094,TRUE
1122,-76.9749984648079,3.47499930672348,0.99999999802094,TRUE
1123,-76.9249984640628,3.47499930672348,0.99999999802094,TRUE
1124,-76.8749984633178,3.47499930672348,0.99999999802094,TRUE
1125,-76.8249984625727,3.47499930672348,0.99999999802094,TRUE
1126,-76.7749984618276,3.47499930672348,0.99999999802094,TRUE
1127,-76.7249984610826,3.47499930672348,0.99999999802094,TRUE
1128,-76.6749984603375,3.47499930672348,0.99999999802094,TRUE
1129,-76.6249984595925,3.47499930672348,0.99999999802094,TRUE
1130,-76.5749984588474,3.47499930672348,0.99999999802094,TRUE
1131,-76.5249984581023,3.47499930672348,0.99999999802094,TRUE
1132,-76.4749984573573,3.47499930672348,0.99999999802094,TRUE
1133,-76.4249984566122,3.47499930672348,0.99999999802094,TRUE
1134,-76.3749984558672,3.47499930672348,0.99999999802094,TRUE
1135,-76.3249984551221,3.47499930672348,0.99999999802094,TRUE
1136,-76.2749984543771,3.47499930672348,0.99999999802094,TRUE
1137,-76.224998453632,3.47499930672348,0.99999999802094,TRUE
1138,-76.1749984528869,3.47499930672348,0.99999999802094,TRUE
1139,-76.1249984521419,3.47499930672348,0.99999999802094,TRUE
1140,-76.0749984513968,3.47499930672348,0.99999999802094,TRUE
1141,-76.0249984506518,3.47499930672348,0.4844444434857,TRUE
1151,-77.3749984707683,3.42499930597842,0.561481480370276,TRUE
1152,-77.3249984700233,3.42499930597842,0.99999999802094,TRUE
1153,-77.2749984692782,3.42499930597842,0.99999999802094,TRUE
1154,-77.2249984685332,3.42499930597842,0.99999999802094,TRUE
1155,-77.1749984677881,3.42499930597842,0.99999999802094,TRUE
1156,-77.124998467043,3.42499930597842,0.99999999802094,TRUE
1157,-77.074998466298,3.42499930597842,0.99999999802094,TRUE
1158,-77.0249984655529,3.42499930597842,0.99999999802094,TRUE
1159,-76.9749984648079,3.42499930597842,0.99999999802094,TRUE
1160,-76.9249984640628,3.42499930597842,0.99999999802094,TRUE
1161,-76.8749984633178,3.42499930597842,0.99999999802094,TRUE
1162,-76.8249984625727,3.42499930597842,0.99999999802094,TRUE
1163,-76.7749984618276,3.42499930597842,0.99999999802094,TRUE
1164,-76.7249984610826,3.42499930597842,0.99999999802094,TRUE
1165,-76.6749984603375,3.42499930597842,0.99999999802094,TRUE
1166,-76.6249984595925,3.42499930597842,0.99999999802094,TRUE
1167,-76.5749984588474,3.42499930597842,0.99999999802094,TRUE
1168,-76.5249984581023,3.42499930597842,0.99999999802094,TRUE
1169,-76.4749984573573,3.42499930597842,0.99999999802094,TRUE
1170,-76.4249984566122,3.42499930597842,0.99999999802094,TRUE
1171,-76.3749984558672,3.42499930597842,0.99999999802094,TRUE
1172,-76.3249984551221,3.42499930597842,0.99999999802094,TRUE
1173,-76.2749984543771,3.42499930597842,0.99999999802094,TRUE
1174,-76.224998453632,3.42499930597842,0.99999999802094,TRUE
1175,-76.1749984528869,3.42499930597842,0.99999999802094,TRUE
1176,-76.1249984521419,3.42499930597842,0.99999999802094,TRUE
1177,-76.0749984513968,3.42499930597842,0.99999999802094,TRUE
1178,-76.0249984506518,3.42499930597842,0.195555555168539,FALSE
1187,-77.4249984715134,3.37499930523336,0.189629629254341,FALSE
1188,-77.3749984707683,3.37499930523336,0.976296294364147,TRUE
1189,-77.3249984700233,3.37499930523336,0.99999999802094,TRUE
1190,-77.2749984692782,3.37499930523336,0.99999999802094,TRUE
1191,-77.2249984685332,3.37499930523336,0.99999999802094,TRUE
1192,-77.1749984677881,3.37499930523336,0.99999999802094,TRUE
1193,-77.124998467043,3.37499930523336,0.99999999802094,TRUE
1194,-77.074998466298,3.37499930523336,0.99999999802094,TRUE
1195,-77.0249984655529,3.37499930523336,0.99999999802094,TRUE
1196,-76.9749984648079,3.37499930523336,0.99999999802094,TRUE
1197,-76.9249984640628,3.37499930523336,0.99999999802094,TRUE
1198,-76.8749984633178,3.37499930523336,0.99999999802094,TRUE
1199,-76.8249984625727,3.37499930523336,0.99999999802094,TRUE
1200,-76.7749984618276,3.37499930523336,0.99999999802094,TRUE
1201,-76.7249984610826,3.37499930523336,0.99999999802094,TRUE
1202,-76.6749984603375,3.37499930523336,0.99999999802094,TRUE
1203,-76.6249984595925,3.37499930523336,0.99999999802094,TRUE
1204,-76.5749984588474,3.37499930523336,0.99999999802094,TRUE
1205,-76.5249984581023,3.37499930523336,0.99999999802094,TRUE
1206,-76.4749984573573,3.37499930523336,0.99999999802094,TRUE
1207,-76.4249984566122,3.37499930523336,0.99999999802094,TRUE
1208,-76.3749984558672,3.37499930523336,0.99999999802094,TRUE
1209,-76.3249984551221,3.37499930523336,0.99999999802094,TRUE
1210,-76.2749984543771,3.37499930523336,0.99999999802094,TRUE
1211,-76.224998453632,3.37499930523336,0.99999999802094,TRUE
1212,-76.1749984528869,3.37499930523336,0.99999999802094,TRUE
1213,-76.1249984521419,3.37499930523336,0.99999999802094,TRUE
1214,-76.0749984513968,3.37499930523336,0.954074072185904,TRUE
1215,-76.0249984506518,3.37499930523336,0.148148147854954,FALSE
1223,-77.4749984722584,3.3249993044883,0.426666665822268,FALSE
1224,-77.4249984715134,3.3249993044883,0.96740740549285,TRUE
1225,-77.3749984707683,3.3249993044883,0.99703703506384,TRUE
1226,-77.3249984700233,3.3249993044883,0.99999999802094,TRUE
1227,-77.2749984692782,3.3249993044883,0.99999999802094,TRUE
1228,-77.2249984685332,3.3249993044883,0.99999999802094,TRUE
1229,-77.1749984677881,3.3249993044883,0.99999999802094,TRUE
1230,-77.124998467043,3.3249993044883,0.99999999802094,TRUE
1231,-77.074998466298,3.3249993044883,0.99999999802094,TRUE
1232,-77.0249984655529,3.3249993044883,0.99999999802094,TRUE
1233,-76.9749984648079,3.3249993044883,0.99999999802094,TRUE
1234,-76.9249984640628,3.3249993044883,0.99999999802094,TRUE
1235,-76.8749984633178,3.3249993044883,0.99999999802094,TRUE
1236,-76.8249984625727,3.3249993044883,0.99999999802094,TRUE
1237,-76.7749984618276,3.3249993044883,0.99999999802094,TRUE
1238,-76.7249984610826,3.3249993044883,0.99999999802094,TRUE
1239,-76.6749984603375,3.3249993044883,0.99999999802094,TRUE
1240,-76.6249984595925,3.3249993044883,0.99999999802094,TRUE
1241,-76.5749984588474,3.3249993044883,0.99999999802094,TRUE
1242,-76.5249984581023,3.3249993044883,0.99999999802094,TRUE
1243,-76.4749984573573,3.3249993044883,0.780740739195608,TRUE
1244,-76.4249984566122,3.3249993044883,0.798518516938202,TRUE
1245,-76.3749984558672,3.3249993044883,0.99999999802094,TRUE
1246,-76.3249984551221,3.3249993044883,0.99999999802094,TRUE
1247,-76.2749984543771,3.3249993044883,0.99999999802094,TRUE
1248,-76.224998453632,3.3249993044883,0.99999999802094,TRUE
1249,-76.1749984528869,3.3249993044883,0.99999999802094,TRUE
1250,-76.1249984521419,3.3249993044883,0.99999999802094,TRUE
1251,-76.0749984513968,3.3249993044883,0.961481479578651,TRUE
1252,-76.0249984506518,3.3249993044883,0.0711111109703779,FALSE
1259,-77.5249984730035,3.27499930374324,0.324444443802349,FALSE
1260,-77.4749984722584,3.27499930374324,0.99851851654239,TRUE
1261,-77.4249984715134,3.27499930374324,0.989629627671093,TRUE
1262,-77.3749984707683,3.27499930374324,0.99999999802094,TRUE
1263,-77.3249984700233,3.27499930374324,0.99999999802094,TRUE
1264,-77.2749984692782,3.27499930374324,0.99999999802094,TRUE
1265,-77.2249984685332,3.27499930374324,0.99999999802094,TRUE
1266,-77.1749984677881,3.27499930374324,0.99999999802094,TRUE
1267,-77.124998467043,3.27499930374324,0.99999999802094,TRUE
1268,-77.074998466298,3.27499930374324,0.99999999802094,TRUE
1269,-77.0249984655529,3.27499930374324,0.99999999802094,TRUE
1270,-76.9749984648079,3.27499930374324,0.99999999802094,TRUE
1271,-76.9249984640628,3.27499930374324,0.99999999802094,TRUE
1272,-76.8749984633178,3.27499930374324,0.99999999802094,TRUE
1273,-76.8249984625727,3.27499930374324,0.99999999802094,TRUE
1274,-76.7749984618276,3.27499930374324,0.99999999802094,TRUE
1275,-76.7249984610826,3.27499930374324,0.99999999802094,TRUE
1276,-76.6749984603375,3.27499930374324,0.99999999802094,TRUE
1277,-76.6249984595925,3.27499930374324,0.99999999802094,TRUE
1278,-76.5749984588474,3.27499930374324,0.99999999802094,TRUE
1279,-76.5249984581023,3.27499930374324,0.99999999802094,TRUE
1280,-76.4749984573573,3.27499930374324,0.522962961927988,TRUE
1281,-76.4249984566122,3.27499930374324,0.00444444443564862,FALSE
1282,-76.3749984558672,3.27499930374324,0.189629629254341,FALSE
1283,-76.3249984551221,3.27499930374324,0.318518517888151,FALSE
1284,-76.2749984543771,3.27499930374324,0.383703702944331,FALSE
1285,-76.224998453632,3.27499930374324,0.614814813598059,TRUE
1286,-76.1749984528869,3.27499930374324,0.99999999802094,TRUE
1287,-76.1249984521419,3.27499930374324,0.99999999802094,TRUE
1288,-76.0749984513968,3.27499930374324,0.99999999802094,TRUE
1289,-76.0249984506518,3.27499930374324,0.0977777775842696,FALSE
1296,-77.5249984730035,3.22499930299819,0.608888887683861,TRUE
1297,-77.4749984722584,3.22499930299819,0.562962961848825,TRUE
1298,-77.4249984715134,3.22499930299819,0.202962962561287,FALSE
1299,-77.3749984707683,3.22499930299819,0.921481479657814,TRUE
1300,-77.3249984700233,3.22499930299819,0.99999999802094,TRUE
1301,-77.2749984692782,3.22499930299819,0.99999999802094,TRUE
1302,-77.2249984685332,3.22499930299819,0.99999999802094,TRUE
1303,-77.1749984677881,3.22499930299819,0.99999999802094,TRUE
1304,-77.124998467043,3.22499930299819,0.99999999802094,TRUE
1305,-77.074998466298,3.22499930299819,0.99999999802094,TRUE
1306,-77.0249984655529,3.22499930299819,0.99999999802094,TRUE
1307,-76.9749984648079,3.22499930299819,0.99999999802094,TRUE
1308,-76.9249984640628,3.22499930299819,0.99999999802094,TRUE
1309,-76.8749984633178,3.22499930299819,0.99999999802094,TRUE
1310,-76.8249984625727,3.22499930299819,0.99999999802094,TRUE
1311,-76.7749984618276,3.22499930299819,0.99999999802094,TRUE
1312,-76.7249984610826,3.22499930299819,0.99999999802094,TRUE
1313,-76.6749984603375,3.22499930299819,0.99999999802094,TRUE
1314,-76.6249984595925,3.22499930299819,0.99999999802094,TRUE
1315,-76.5749984588474,3.22499930299819,0.99999999802094,TRUE
1316,-76.5249984581023,3.22499930299819,0.99999999802094,TRUE
1317,-76.4749984573573,3.22499930299819,0.420740739908069,TRUE
1322,-76.224998453632,3.22499930299819,0.0118518518283963,FALSE
1323,-76.1749984528869,3.22499930299819,0.346666665980592,FALSE
1324,-76.1249984521419,3.22499930299819,0.491851850878447,TRUE
1325,-76.0749984513968,3.22499930299819,0.589629628462717,TRUE
1326,-76.0249984506518,3.22499930299819,0.0118518518283963,FALSE
1336,-77.3749984707683,3.17499930225313,0.497777776792645,TRUE
1337,-77.3249984700233,3.17499930225313,0.77333333180286,TRUE
1338,-77.2749984692782,3.17499930225313,0.927407405572012,TRUE
1339,-77.2249984685332,3.17499930225313,0.99999999802094,TRUE
1340,-77.1749984677881,3.17499930225313,0.814814813202247,TRUE
1341,-77.124998467043,3.17499930225313,0.582222221069969,TRUE
1342,-77.074998466298,3.17499930225313,0.477037036092952,FALSE
1343,-77.0249984655529,3.17499930225313,0.783703702152707,TRUE
1344,-76.9749984648079,3.17499930225313,0.989629627671093,TRUE
1345,-76.9249984640628,3.17499930225313,0.99999999802094,TRUE
1346,-76.8749984633178,3.17499930225313,0.99999999802094,TRUE
1347,-76.8249984625727,3.17499930225313,0.99999999802094,TRUE
1348,-76.7749984618276,3.17499930225313,0.99999999802094,TRUE
1349,-76.7249984610826,3.17499930225313,0.99999999802094,TRUE
1350,-76.6749984603375,3.17499930225313,0.99999999802094,TRUE
1351,-76.6249984595925,3.17499930225313,0.99999999802094,TRUE
1352,-76.5749984588474,3.17499930225313,0.99999999802094,TRUE
1353,-76.5249984581023,3.17499930225313,0.970370368449949,TRUE
1354,-76.4749984573573,3.17499930225313,0.0962962961057201,FALSE
1373,-77.3749984707683,3.12499930150807,0.0370370369637385,FALSE
1374,-77.3249984700233,3.12499930150807,0.0251851851353422,FALSE
1375,-77.2749984692782,3.12499930150807,0.263703703181818,FALSE
1376,-77.2249984685332,3.12499930150807,0.54814814706333,TRUE
1377,-77.1749984677881,3.12499930150807,0.0311111110495403,FALSE
1381,-76.9749984648079,3.12499930150807,0.426666665822268,TRUE
1382,-76.9249984640628,3.12499930150807,0.961481479578651,TRUE
1383,-76.8749984633178,3.12499930150807,0.99999999802094,TRUE
1384,-76.8249984625727,3.12499930150807,0.980740738799796,TRUE
1385,-76.7749984618276,3.12499930150807,0.639999998733401,TRUE
1386,-76.7249984610826,3.12499930150807,0.509629628621042,TRUE
1387,-76.6749984603375,3.12499930150807,0.897777776001021,TRUE
1388,-76.6249984595925,3.12499930150807,0.8044444428524,TRUE
1389,-76.5749984588474,3.12499930150807,0.74074073927477,FALSE
1390,-76.5249984581023,3.12499930150807,0.437037036172114,TRUE
1419,-76.9249984640628,3.07499930076301,0.152592592290603,FALSE
1420,-76.8749984633178,3.07499930076301,0.684444443089887,TRUE
1421,-76.8249984625727,3.07499930076301,0.365925925201736,FALSE
1424,-76.6749984603375,3.07499930076301,0,FALSE
1425,-76.6249984595925,3.07499930076301,0.0503703702706844,FALSE
1426,-76.5749984588474,3.07499930076301,0.0207407406996936,FALSE
