"id_celda","x","y","residual"
1,-76.0749984513968,4.97499932907522,-0.302452113710745
2,-76.0749984513968,4.92499932833016,-0.444554555409935
3,-76.0249984506518,4.92499932833016,-0.382322029362724
4,-76.1249984521419,4.8749993275851,0.0475755625918215
5,-76.0749984513968,4.8749993275851,-0.268965255192837
6,-76.0249984506518,4.8749993275851,-0.696275779916718
7,-76.224998453632,4.82499932684005,0.713730685689588
8,-76.1749984528869,4.82499932684005,-0.172036134533629
9,-76.1249984521419,4.82499932684005,-0.104531727766578
10,-76.0749984513968,4.82499932684005,-0.509019274965016
11,-76.0249984506518,4.82499932684005,-0.80600766258644
12,-75.9749984499067,4.82499932684005,-0.692731703521606
13,-75.9249984491616,4.82499932684005,-0.512578543456713
14,-76.224998453632,4.77499932609499,0.509950841821208
15,-76.1749984528869,4.77499932609499,0.558913311914071
16,-76.1249984521419,4.77499932609499,-0.535938596636105
17,-76.0749984513968,4.77499932609499,-0.606502818600512
18,-76.0249984506518,4.77499932609499,-0.495048149836777
19,-75.9749984499067,4.77499932609499,-0.758923553241187
20,-76.2749984543771,4.72499932534993,0.798812420093135
21,-76.224998453632,4.72499932534993,0.595796758995531
22,-76.1749984528869,4.72499932534993,-0.799874711596744
23,-76.1249984521419,4.72499932534993,-1.4317759251303
24,-76.0749984513968,4.72499932534993,-0.178251775712064
25,-76.0249984506518,4.72499932534993,-0.494227108526929
26,-75.9749984499067,4.72499932534993,0.311775923553957
27,-75.9249984491616,4.72499932534993,-0.169466368479915
28,-75.8749984484166,4.72499932534993,0.215997458790913
29,-75.8249984476715,4.72499932534993,0.516489840157261
30,-76.2749984543771,4.67499932460487,-0.225281998655542
31,-76.224998453632,4.67499932460487,-0.91666937719532
32,-76.1749984528869,4.67499932460487,-0.862747750253588
33,-76.1249984521419,4.67499932460487,-0.944619027594209
34,-76.0749984513968,4.67499932460487,-1.07973444360675
35,-76.0249984506518,4.67499932460487,-0.640226659427682
36,-75.9749984499067,4.67499932460487,0.806097722193801
37,-75.9249984491616,4.67499932460487,-0.41077818207091
38,-75.8749984484166,4.67499932460487,-0.289083177817569
39,-75.8249984476715,4.67499932460487,0.082504226263937
40,-75.7749984469265,4.67499932460487,-0.769957727230904
41,-75.7249984461814,4.67499932460487,0.436285071719818
42,-76.2749984543771,4.62499932385981,-0.0537061400280853
43,-76.224998453632,4.62499932385981,-0.248406773270172
44,-76.1749984528869,4.62499932385981,-0.516552176813291
45,-76.1249984521419,4.62499932385981,-0.829786332994451
46,-76.0749984513968,4.62499932385981,-0.948978390140424
47,-76.0249984506518,4.62499932385981,-1.06047972018573
48,-75.9749984499067,4.62499932385981,-0.0944233030050566
49,-75.9249984491616,4.62499932385981,0.20103595507574
50,-75.8749984484166,4.62499932385981,0.249597808645401
51,-76.3249984551221,4.57499932311476,-0.146550512973424
52,-76.2749984543771,4.57499932311476,-0.68909028585556
53,-76.224998453632,4.57499932311476,-0.231744009481279
54,-76.1749984528869,4.57499932311476,-0.979182543546186
55,-76.1249984521419,4.57499932311476,-0.754277410979233
56,-76.0749984513968,4.57499932311476,-0.894000139125805
57,-76.0249984506518,4.57499932311476,-1.3009383103986
58,-75.9749984499067,4.57499932311476,-0.13880214726807
59,-75.9249984491616,4.57499932311476,0.808642510265073
60,-75.8749984484166,4.57499932311476,0.385974297049203
61,-76.3249984551221,4.5249993223697,0.180901588181485
62,-76.2749984543771,4.5249993223697,-0.0498434998298737
63,-76.224998453632,4.5249993223697,-0.42072393427026
64,-76.1749984528869,4.5249993223697,-0.55680706073594
65,-76.1249984521419,4.5249993223697,-0.461989392296078
66,-76.0749984513968,4.5249993223697,-0.675343175350192
67,-76.0249984506518,4.5249993223697,-1.09333581176547
68,-75.9749984499067,4.5249993223697,0.0178090423561603
69,-75.9249984491616,4.5249993223697,0.473824757538338
70,-75.8749984484166,4.5249993223697,-0.0519798110788061
71,-76.3749984558672,4.47499932162464,0.790066992475224
72,-76.3249984551221,4.47499932162464,0.93574624085232
73,-76.2749984543771,4.47499932162464,0.39089970181576
74,-76.224998453632,4.47499932162464,0.488437557878965
75,-76.1749984528869,4.47499932162464,0.354671616114729
76,-76.1249984521419,4.47499932162464,0.0867583823596433
77,-76.0749984513968,4.47499932162464,-0.74309910958182
78,-76.0249984506518,4.47499932162464,0.0976569579025103
79,-75.9749984499067,4.47499932162464,0.687401424355195
80,-75.9249984491616,4.47499932162464,0.598761380512483
81,-75.8749984484166,4.47499932162464,0.563923658201971
82,-76.4249984566122,4.42499932087958,0.857126309193111
83,-76.3749984558672,4.42499932087958,1.26131757716179
84,-76.3249984551221,4.42499932087958,1.60716366228625
85,-76.2749984543771,4.42499932087958,0.7855410620328
86,-76.224998453632,4.42499932087958,0.351352926677191
87,-76.1749984528869,4.42499932087958,0.408037368574143
88,-76.1249984521419,4.42499932087958,-0.151322739564232
89,-76.0749984513968,4.42499932087958,-0.509264136063176
90,-76.0249984506518,4.42499932087958,-0.667759119552402
91,-75.9749984499067,4.42499932087958,0.826952238982487
92,-75.9249984491616,4.42499932087958,0.908094541298505
93,-76.5249984581023,4.37499932013452,1.56650228962196
94,-76.4749984573573,4.37499932013452,1.08030803389007
95,-76.4249984566122,4.37499932013452,1.54339433737824
96,-76.3749984558672,4.37499932013452,1.57052202819253
97,-76.3249984551221,4.37499932013452,1.60148532534766
98,-76.2749984543771,4.37499932013452,0.32369302434864
99,-76.224998453632,4.37499932013452,0.0289055322208556
100,-76.1749984528869,4.37499932013452,0.258962351099074
101,-76.1249984521419,4.37499932013452,-0.379797577890281
102,-76.0749984513968,4.37499932013452,-0.593370420315459
103,-76.0249984506518,4.37499932013452,-0.86034990258201
104,-75.9749984499067,4.37499932013452,0.00706364905414313
105,-75.9249984491616,4.37499932013452,-0.138956798722571
106,-75.8749984484166,4.37499932013452,-0.75339376995594
107,-75.8249984476715,4.37499932013452,-1.04301741113322
108,-76.5249984581023,4.32499931938946,1.32873861884518
109,-76.4749984573573,4.32499931938946,1.49149008633085
110,-76.4249984566122,4.32499931938946,1.40299842616847
111,-76.3749984558672,4.32499931938946,1.35845914951999
112,-76.3249984551221,4.32499931938946,1.02867476021812
113,-76.2749984543771,4.32499931938946,0.274063829713766
114,-76.224998453632,4.32499931938946,0.274315626570315
115,-76.1749984528869,4.32499931938946,0.299711130022142
116,-76.1249984521419,4.32499931938946,-0.182218898755926
117,-76.0749984513968,4.32499931938946,-0.412212580554385
118,-76.0249984506518,4.32499931938946,-0.417635101211791
119,-75.9749984499067,4.32499931938946,0.358955880034698
120,-75.9249984491616,4.32499931938946,0.438019213842068
121,-75.8749984484166,4.32499931938946,0.0416545650254392
122,-75.8249984476715,4.32499931938946,-0.541909396963338
123,-76.5249984581023,4.27499931864441,2.33152930006814
124,-76.4749984573573,4.27499931864441,2.50298663849531
125,-76.4249984566122,4.27499931864441,1.89702414573019
126,-76.3749984558672,4.27499931864441,0.942262346933005
127,-76.3249984551221,4.27499931864441,0.837584083450532
128,-76.2749984543771,4.27499931864441,0.906856280745327
129,-76.224998453632,4.27499931864441,0.908466020989747
130,-76.1749984528869,4.27499931864441,0.642758328209121
131,-76.1249984521419,4.27499931864441,0.0456528387169955
132,-76.0749984513968,4.27499931864441,-0.145864541929457
133,-76.0249984506518,4.27499931864441,-0.418088562989497
134,-75.9749984499067,4.27499931864441,1.07672026695586
135,-75.9249984491616,4.27499931864441,1.65347274322215
136,-75.8749984484166,4.27499931864441,1.88255301019288
137,-75.8249984476715,4.27499931864441,0.787410203268081
138,-77.2749984692782,4.22499931789935,0.0581680789517049
139,-76.4249984566122,4.22499931789935,1.99992830479823
140,-76.3749984558672,4.22499931789935,0.978853477772276
141,-76.3249984551221,4.22499931789935,0.909862958725086
142,-76.2749984543771,4.22499931789935,0.747603923085379
143,-76.224998453632,4.22499931789935,0.694280955281047
144,-76.1749984528869,4.22499931789935,0.456530344155199
145,-76.1249984521419,4.22499931789935,0.112758851015516
146,-76.0749984513968,4.22499931789935,-0.0306054502472068
147,-76.0249984506518,4.22499931789935,-0.358540418385782
148,-75.9749984499067,4.22499931789935,0.701736155346545
149,-75.9249984491616,4.22499931789935,1.16415734515401
150,-75.8749984484166,4.22499931789935,1.93061961754276
151,-75.8249984476715,4.22499931789935,0.922676635129835
152,-77.3749984707683,4.17499931715429,-1.11741111954243
153,-77.3249984700232,4.17499931715429,-0.950677754025251
154,-77.2749984692782,4.17499931715429,-0.566055051281577
155,-77.1749984677881,4.17499931715429,-0.175085736682912
156,-76.4249984566122,4.17499931715429,1.57409002241904
157,-76.3749984558672,4.17499931715429,0.656303752338643
158,-76.3249984551221,4.17499931715429,0.741425896214914
159,-76.2749984543771,4.17499931715429,0.535700262133324
160,-76.224998453632,4.17499931715429,0.244268314056313
161,-76.1749984528869,4.17499931715429,0.429243437543602
162,-76.1249984521419,4.17499931715429,0.0822406706032763
163,-76.0749984513968,4.17499931715429,0.477100301765135
164,-76.0249984506518,4.17499931715429,0.139228588441333
165,-75.9749984499067,4.17499931715429,0.197829101952224
166,-75.9249984491616,4.17499931715429,0.38988025440525
167,-75.8749984484166,4.17499931715429,1.10581596096518
168,-77.4249984715133,4.12499931640923,-1.60530848201382
169,-77.3749984707683,4.12499931640923,-1.26923735176118
170,-77.3249984700232,4.12499931640923,-1.03079827033841
171,-77.2749984692782,4.12499931640923,-0.479169547568122
172,-77.2249984685331,4.12499931640923,-0.26469264842875
173,-77.1749984677881,4.12499931640923,-0.258279251133234
174,-77.124998467043,4.12499931640923,-0.362155475302196
175,-76.4249984566122,4.12499931640923,1.27536535563659
176,-76.3749984558672,4.12499931640923,0.560917080498502
177,-76.3249984551221,4.12499931640923,0.703661745801507
178,-76.2749984543771,4.12499931640923,0.335405647463533
179,-76.224998453632,4.12499931640923,0.263577574258972
180,-76.1749984528869,4.12499931640923,-0.0461788101955746
181,-76.1249984521419,4.12499931640923,-0.00243570634974039
182,-76.0749984513968,4.12499931640923,0.459452667067488
183,-76.0249984506518,4.12499931640923,0.0772297639734649
184,-75.9749984499067,4.12499931640923,0.181254979209906
185,-75.9249984491616,4.12499931640923,0.420034185340552
186,-75.8749984484166,4.12499931640923,0.0102459819559166
187,-77.4249984715133,4.07499931566417,-0.897346230462001
188,-77.3749984707683,4.07499931566417,-1.33074646877112
189,-77.3249984700232,4.07499931566417,-0.719747692372903
190,-77.2749984692782,4.07499931566417,-0.655373689445576
191,-77.2249984685331,4.07499931566417,-0.211148496648191
192,-77.1749984677881,4.07499931566417,-0.142268139115134
193,-77.124998467043,4.07499931566417,-0.145761667222081
194,-77.074998466298,4.07499931566417,-0.0133092440730674
195,-77.0249984655529,4.07499931566417,0.0298652922681838
196,-76.9749984648078,4.07499931566417,0.635753086323389
197,-76.9249984640628,4.07499931566417,0.543842774047666
198,-76.4749984573573,4.07499931566417,1.35708709758565
199,-76.4249984566122,4.07499931566417,0.47743768851478
200,-76.3749984558672,4.07499931566417,0.190301691311579
201,-76.3249984551221,4.07499931566417,-0.0317096505285142
202,-76.2749984543771,4.07499931566417,0.101811803721324
203,-76.224998453632,4.07499931566417,-0.121490734263797
204,-76.1749984528869,4.07499931566417,0.204539076336491
205,-76.1249984521419,4.07499931566417,-0.0947403076456156
206,-76.0749984513968,4.07499931566417,-0.402325307794672
207,-76.0249984506518,4.07499931566417,-0.430151122553567
208,-75.9749984499067,4.07499931566417,0.400033217124322
209,-75.9249984491616,4.07499931566417,0.0157901171416714
210,-75.8749984484166,4.07499931566417,-0.790087472434558
211,-75.8249984476715,4.07499931566417,-1.15126261052869
212,-77.4249984715133,4.02499931491912,0.359053484441917
213,-77.3749984707683,4.02499931491912,-0.747018651124697
214,-77.3249984700232,4.02499931491912,-0.401811890784563
215,-77.1749984677881,4.02499931491912,0.303322614098922
216,-77.124998467043,4.02499931491912,0.13341902206675
217,-77.074998466298,4.02499931491912,-0.265908578696542
218,-77.0249984655529,4.02499931491912,-0.490300857864396
219,-76.9749984648078,4.02499931491912,0.0319065937152894
220,-76.9249984640628,4.02499931491912,-0.00854936376536499
221,-76.8749984633177,4.02499931491912,-0.386330707783756
222,-76.5249984581023,4.02499931491912,0.969017967681521
223,-76.4749984573573,4.02499931491912,0.27190914280134
224,-76.4249984566122,4.02499931491912,-0.163260881600202
225,-76.3749984558672,4.02499931491912,-0.441508227771576
226,-76.3249984551221,4.02499931491912,-0.403417093248625
227,-76.2749984543771,4.02499931491912,-0.125815894173165
228,-76.224998453632,4.02499931491912,-0.249923307841093
229,-76.1749984528869,4.02499931491912,-0.0400035173571478
230,-76.1249984521419,4.02499931491912,-0.323453208637777
231,-76.0749984513968,4.02499931491912,-0.185146225906747
232,-76.0249984506518,4.02499931491912,-0.316340776086052
233,-75.9749984499067,4.02499931491912,0.646305520764497
234,-75.9249984491616,4.02499931491912,0.676629512621617
235,-75.8749984484166,4.02499931491912,-0.930414002510698
236,-75.8249984476715,4.02499931491912,-1.63641425021532
237,-75.7749984469265,4.02499931491912,-1.39801739611474
238,-77.3749984707683,3.97499931417406,1.11920720426532
239,-77.3249984700232,3.97499931417406,0.213008912879763
240,-77.2749984692782,3.97499931417406,0.693190906629917
241,-77.2249984685331,3.97499931417406,1.14784236314876
242,-77.1749984677881,3.97499931417406,0.914606972539515
243,-77.124998467043,3.97499931417406,0.870344563094223
244,-77.074998466298,3.97499931417406,0.234379029344857
245,-77.0249984655529,3.97499931417406,0.290314006365263
246,-76.9749984648078,3.97499931417406,0.338190187638963
247,-76.9249984640628,3.97499931417406,-0.545368646116115
248,-76.8749984633177,3.97499931417406,-0.444432578615873
249,-76.8249984625727,3.97499931417406,-0.324444480974347
250,-76.7749984618276,3.97499931417406,-0.421238165310121
251,-76.7249984610826,3.97499931417406,-0.281107287812635
252,-76.6749984603375,3.97499931417406,-0.281258145904095
253,-76.6249984595924,3.97499931417406,-0.422765560990388
254,-76.5749984588474,3.97499931417406,0.0711073685285144
255,-76.5249984581023,3.97499931417406,-0.365351301220134
256,-76.4749984573573,3.97499931417406,-0.557911099445199
257,-76.4249984566122,3.97499931417406,-0.889595266219696
258,-76.3749984558672,3.97499931417406,-0.770267089091934
259,-76.3249984551221,3.97499931417406,-0.606622293923722
260,-76.2749984543771,3.97499931417406,-0.257773349201809
261,-76.224998453632,3.97499931417406,-0.425494999444633
262,-76.1749984528869,3.97499931417406,0.194136532164492
263,-76.1249984521419,3.97499931417406,-0.199113693353257
264,-76.0749984513968,3.97499931417406,-0.119875235858119
265,-76.0249984506518,3.97499931417406,0.576440873246177
266,-75.9749984499067,3.97499931417406,0.545692146890717
267,-75.9249984491616,3.97499931417406,0.0794432244010257
268,-75.8749984484166,3.97499931417406,-0.933078009486153
269,-75.8249984476715,3.97499931417406,-1.62669584755066
270,-77.2749984692782,3.924999313429,1.74551496477281
271,-77.2249984685331,3.924999313429,1.3272382240061
272,-77.1749984677881,3.924999313429,0.727010032651477
273,-77.124998467043,3.924999313429,0.854375543707602
274,-77.074998466298,3.924999313429,0.21105849401794
275,-77.0249984655529,3.924999313429,-0.307181238056017
276,-76.9749984648078,3.924999313429,0.121029445050273
277,-76.9249984640628,3.924999313429,-1.00767186518361
278,-76.8749984633177,3.924999313429,-0.83222458169803
279,-76.8249984625727,3.924999313429,-0.392318994886047
280,-76.7749984618276,3.924999313429,-0.804852985122976
281,-76.7249984610826,3.924999313429,-0.587364358761311
282,-76.6749984603375,3.924999313429,-0.881491613745987
283,-76.6249984595924,3.924999313429,-3.31707570455425
284,-76.5749984588474,3.924999313429,-0.795404504653447
285,-76.5249984581023,3.924999313429,-1.06413469240798
286,-76.4749984573573,3.924999313429,-1.27054810480337
287,-76.4249984566122,3.924999313429,-1.04956627245511
288,-76.3749984558672,3.924999313429,-1.06421801020584
289,-76.3249984551221,3.924999313429,-0.808955123947131
290,-76.2749984543771,3.924999313429,0.947579533332569
291,-76.224998453632,3.924999313429,0.644314880223146
292,-76.1749984528869,3.924999313429,1.86250938695861
293,-76.1249984521419,3.924999313429,1.15275491780647
294,-76.0749984513968,3.924999313429,0.0924972455868905
295,-76.0249984506518,3.924999313429,-0.296418833457593
296,-75.9749984499067,3.924999313429,-0.117239825645536
297,-75.9249984491616,3.924999313429,-0.559304377272041
298,-75.8749984484166,3.924999313429,-0.925482849688173
299,-75.8249984476715,3.924999313429,-1.67527787359817
300,-77.2749984692782,3.87499931268394,1.75563596268025
301,-77.2249984685331,3.87499931268394,1.5665902394813
302,-77.1749984677881,3.87499931268394,1.3422838943323
303,-77.124998467043,3.87499931268394,1.13597306922052
304,-77.0249984655529,3.87499931268394,-0.243020074435095
305,-76.9749984648078,3.87499931268394,-0.0164525124748978
306,-76.9249984640628,3.87499931268394,-0.571938183363854
307,-76.8749984633177,3.87499931268394,-0.615706369705024
308,-76.8249984625727,3.87499931268394,-0.230567208482095
309,-76.7749984618276,3.87499931268394,-0.497084089009909
310,-76.7249984610826,3.87499931268394,-0.519127401302493
311,-76.6749984603375,3.87499931268394,-0.789449255299015
312,-76.6249984595924,3.87499931268394,-3.09011308588373
313,-76.5749984588474,3.87499931268394,-1.18786581957916
314,-76.5249984581023,3.87499931268394,-1.10424692622299
315,-76.4749984573573,3.87499931268394,-1.61341804445961
316,-76.4249984566122,3.87499931268394,-1.33618331453718
317,-76.3749984558672,3.87499931268394,-1.13637270408958
318,-76.3249984551221,3.87499931268394,-0.746409650021909
319,-76.2749984543771,3.87499931268394,0.448742436875141
320,-76.224998453632,3.87499931268394,0.574230727926778
321,-76.1749984528869,3.87499931268394,0.775752203849394
322,-76.1249984521419,3.87499931268394,2.283201934785
323,-76.0749984513968,3.87499931268394,0.874044056636394
324,-76.0249984506518,3.87499931268394,0.537039371430412
325,-75.9749984499067,3.87499931268394,0.468481179768683
326,-75.9249984491616,3.87499931268394,0.27440719563786
327,-75.8749984484166,3.87499931268394,-0.497207034371929
328,-77.074998466298,3.82499931193888,0.60027807474173
329,-77.0249984655529,3.82499931193888,0.176962971929129
330,-76.9749984648078,3.82499931193888,0.471281082204866
331,-76.9249984640628,3.82499931193888,-0.289961759361078
332,-76.8749984633177,3.82499931193888,-0.218769376488144
333,-76.8249984625727,3.82499931193888,-0.319125302130454
334,-76.7749984618276,3.82499931193888,-0.307501164378083
335,-76.7249984610826,3.82499931193888,-0.435370274053422
336,-76.6749984603375,3.82499931193888,-0.577710229416527
337,-76.6249984595924,3.82499931193888,-3.00690810980566
338,-76.5749984588474,3.82499931193888,-1.22415346421596
339,-76.5249984581023,3.82499931193888,-1.21324827434915
340,-76.4749984573573,3.82499931193888,-1.75875800979569
341,-76.4249984566122,3.82499931193888,-0.591908206850153
342,-76.3749984558672,3.82499931193888,-0.0787335645998233
343,-76.3249984551221,3.82499931193888,-0.388613203790425
344,-76.2749984543771,3.82499931193888,-0.168904269798067
345,-76.224998453632,3.82499931193888,0.0609256607806679
346,-76.1749984528869,3.82499931193888,1.69322788881886
347,-76.1249984521419,3.82499931193888,2.46223946830624
348,-76.0749984513968,3.82499931193888,1.78290262740072
349,-76.0249984506518,3.82499931193888,0.547953781292156
350,-75.9749984499067,3.82499931193888,0.346799431061035
351,-75.9249984491616,3.82499931193888,0.146442012420888
352,-75.8749984484166,3.82499931193888,-0.940782579514979
353,-77.124998467043,3.77499931119382,1.72900871614033
354,-77.074998466298,3.77499931119382,0.889331448707013
355,-77.0249984655529,3.77499931119382,0.374766734624946
356,-76.9749984648078,3.77499931119382,0.480996466655146
357,-76.9249984640628,3.77499931119382,-0.455298257903633
358,-76.8749984633177,3.77499931119382,-0.308713823782746
359,-76.8249984625727,3.77499931119382,0.038401892447507
360,-76.7749984618276,3.77499931119382,-0.406020364331988
361,-76.7249984610826,3.77499931119382,-0.788778146771115
362,-76.6749984603375,3.77499931119382,-1.18322656815208
363,-76.6249984595924,3.77499931119382,-1.5484799338838
364,-76.5749984588474,3.77499931119382,-1.37109299075139
365,-76.5249984581023,3.77499931119382,-1.03421323235675
366,-76.4749984573573,3.77499931119382,-0.549645542819627
367,-76.4249984566122,3.77499931119382,-0.331461248198394
368,-76.3749984558672,3.77499931119382,-0.229391442080013
369,-76.3249984551221,3.77499931119382,0.31097432955865
370,-76.2749984543771,3.77499931119382,0.803289454208105
371,-76.224998453632,3.77499931119382,1.68863345744091
372,-76.1749984528869,3.77499931119382,1.33719877898642
373,-76.1249984521419,3.77499931119382,2.02600735921688
374,-76.0749984513968,3.77499931119382,1.35989026409677
375,-76.0249984506518,3.77499931119382,1.00965801057322
376,-75.9749984499067,3.77499931119382,0.27293023025523
377,-75.9249984491616,3.77499931119382,-0.474873713432165
378,-77.1749984677881,3.72499931044877,1.43503079743414
379,-77.124998467043,3.72499931044877,1.47898769706157
380,-77.074998466298,3.72499931044877,1.08874998529644
381,-77.0249984655529,3.72499931044877,0.476742652908027
382,-76.9749984648078,3.72499931044877,0.522103815369405
383,-76.9249984640628,3.72499931044877,-0.114374843084708
384,-76.8749984633177,3.72499931044877,-0.134527075902833
385,-76.8249984625727,3.72499931044877,0.368035485495944
386,-76.7749984618276,3.72499931044877,-0.211496833147801
387,-76.7249984610826,3.72499931044877,-0.456802588388931
388,-76.6749984603375,3.72499931044877,-2.9472203814765
389,-76.6249984595924,3.72499931044877,-1.26461533950785
390,-76.5749984588474,3.72499931044877,-0.950064173785708
391,-76.5249984581023,3.72499931044877,-0.968440772276506
392,-76.4749984573573,3.72499931044877,-0.471300636800953
393,-76.4249984566122,3.72499931044877,-0.0449880717589922
394,-76.3749984558672,3.72499931044877,0.275308520646102
395,-76.3249984551221,3.72499931044877,0.601627735556991
396,-76.2749984543771,3.72499931044877,1.63369775279639
397,-76.224998453632,3.72499931044877,0.823206014120817
398,-76.1749984528869,3.72499931044877,1.58739980247143
399,-76.1249984521419,3.72499931044877,1.85039630457627
400,-76.0749984513968,3.72499931044877,0.674132871381849
401,-76.0249984506518,3.72499931044877,0.528214678227841
402,-75.9749984499067,3.72499931044877,0.175330475024386
403,-77.124998467043,3.67499930970371,2.24268792624393
404,-77.074998466298,3.67499930970371,1.18203644804277
405,-77.0249984655529,3.67499930970371,0.565833465807033
406,-76.9749984648078,3.67499930970371,0.775420241365034
407,-76.9249984640628,3.67499930970371,-0.0751805857675141
408,-76.8749984633177,3.67499930970371,0.102967968277624
409,-76.8249984625727,3.67499930970371,0.735860570446666
410,-76.7749984618276,3.67499930970371,0.215572364476786
411,-76.7249984610826,3.67499930970371,-0.603118725662903
412,-76.6749984603375,3.67499930970371,-2.39120164985836
413,-76.6249984595924,3.67499930970371,-0.918021983365242
414,-76.5749984588474,3.67499930970371,-0.540208301227144
415,-76.5249984581023,3.67499930970371,-0.676029172910394
416,-76.4749984573573,3.67499930970371,-0.363151746774311
417,-76.4249984566122,3.67499930970371,-0.389632814307415
418,-76.3749984558672,3.67499930970371,-0.143441457071051
419,-76.3249984551221,3.67499930970371,0.228402869995208
420,-76.2749984543771,3.67499930970371,0.673982147113852
421,-76.224998453632,3.67499930970371,0.682428196222635
422,-76.1749984528869,3.67499930970371,1.52413583939045
423,-76.1249984521419,3.67499930970371,1.2847474406072
424,-76.0749984513968,3.67499930970371,0.351828584033481
425,-76.0249984506518,3.67499930970371,0.0064955471918231
426,-75.9749984499067,3.67499930970371,-0.78109052852307
427,-77.124998467043,3.62499930895865,1.79758983149062
428,-77.074998466298,3.62499930895865,0.670500954144778
429,-77.0249984655529,3.62499930895865,0.0726931228309748
430,-76.9749984648078,3.62499930895865,0.637457885647139
431,-76.9249984640628,3.62499930895865,0.177452199348347
432,-76.8749984633177,3.62499930895865,-0.607976402954956
433,-76.8249984625727,3.62499930895865,0.638496494903732
434,-76.7749984618276,3.62499930895865,0.187710330129516
435,-76.7249984610826,3.62499930895865,-2.65098071282441
436,-76.6749984603375,3.62499930895865,-2.76012055122809
437,-76.6249984595924,3.62499930895865,-2.6933857460205
438,-76.5749984588474,3.62499930895865,-0.17590417018127
439,-76.5249984581023,3.62499930895865,-0.427394798823142
440,-76.4749984573573,3.62499930895865,-0.540604320258615
441,-76.4249984566122,3.62499930895865,-0.81885951082696
442,-76.3749984558672,3.62499930895865,-1.04868402125329
443,-76.3249984551221,3.62499930895865,-0.619519103691752
444,-76.2749984543771,3.62499930895865,-0.101560859121832
445,-76.224998453632,3.62499930895865,0.23751143015744
446,-76.1749984528869,3.62499930895865,1.01385762793807
447,-76.1249984521419,3.62499930895865,0.238713698293584
448,-76.0749984513968,3.62499930895865,-0.249853221178915
449,-76.0249984506518,3.62499930895865,-1.02262820518685
450,-77.2249984685331,3.57499930821359,1.13030947924623
451,-77.1749984677881,3.57499930821359,1.37328170307336
452,-77.124998467043,3.57499930821359,1.3397644014926
453,-77.074998466298,3.57499930821359,0.687548181061499
454,-77.0249984655529,3.57499930821359,0.515510922695783
455,-76.9749984648078,3.57499930821359,0.999548973898525
456,-76.9249984640628,3.57499930821359,0.364374905392347
457,-76.8749984633177,3.57499930821359,-0.166224299428118
458,-76.8249984625727,3.57499930821359,-0.10158837806724
459,-76.7749984618276,3.57499930821359,-5.96426573078875
460,-76.7249984610826,3.57499930821359,-5.49276365050078
461,-76.6749984603375,3.57499930821359,-5.39167302884594
462,-76.6249984595924,3.57499930821359,-5.06488425130471
463,-76.5749984588474,3.57499930821359,-0.271985890177266
464,-76.5249984581023,3.57499930821359,-0.137375880450111
465,-76.4749984573573,3.57499930821359,-0.347281553508081
466,-76.4249984566122,3.57499930821359,-0.934763009121068
467,-76.3749984558672,3.57499930821359,-0.851910324488745
468,-76.3249984551221,3.57499930821359,-0.83097174960397
469,-76.2749984543771,3.57499930821359,-0.217985996366737
470,-76.224998453632,3.57499930821359,0.0361382552273326
471,-76.1749984528869,3.57499930821359,0.589321413975407
472,-76.1249984521419,3.57499930821359,0.2784958693644
473,-76.0749984513968,3.57499930821359,-0.19704029125537
474,-76.0249984506518,3.57499930821359,-1.65107779510122
475,-77.3249984700232,3.52499930746853,-0.369221308261514
476,-77.2749984692782,3.52499930746853,-0.189019173865013
477,-77.2249984685331,3.52499930746853,1.04171386701247
478,-77.1749984677881,3.52499930746853,1.17667440541953
479,-77.124998467043,3.52499930746853,0.992046644760806
480,-77.074998466298,3.52499930746853,0.127183646743027
481,-77.0249984655529,3.52499930746853,-0.0209340558307535
482,-76.9749984648078,3.52499930746853,0.600707206828526
483,-76.9249984640628,3.52499930746853,0.477014657206545
484,-76.8749984633177,3.52499930746853,0.274954755456624
485,-76.8249984625727,3.52499930746853,0.155953361378319
486,-76.7749984618276,3.52499930746853,-5.7717678079018
487,-76.7249984610826,3.52499930746853,-5.40040773931263
488,-76.6749984603375,3.52499930746853,-5.17539675648036
489,-76.6249984595924,3.52499930746853,-4.92133191776899
490,-76.5749984588474,3.52499930746853,-0.377526549453693
491,-76.5249984581023,3.52499930746853,-0.223715161631415
492,-76.4749984573573,3.52499930746853,-0.934508959929262
493,-76.4249984566122,3.52499930746853,-0.874011767861445
494,-76.3749984558672,3.52499930746853,-0.554569591924601
495,-76.3249984551221,3.52499930746853,-0.982739116746864
496,-76.2749984543771,3.52499930746853,-0.69369834418319
497,-76.224998453632,3.52499930746853,0.276859440997301
498,-76.1749984528869,3.52499930746853,0.331123308002837
499,-76.1249984521419,3.52499930746853,-0.999298336105663
500,-76.0749984513968,3.52499930746853,-0.390357770215692
501,-76.0249984506518,3.52499930746853,-0.898754876056737
502,-77.3249984700232,3.47499930672347,0.10364464372358
503,-77.2749984692782,3.47499930672347,0.112278016935014
504,-77.2249984685331,3.47499930672347,0.602444755403496
505,-77.1749984677881,3.47499930672347,0.406744089820268
506,-77.124998467043,3.47499930672347,0.276423785903441
507,-77.074998466298,3.47499930672347,0.540319002169486
508,-77.0249984655529,3.47499930672347,0.0468186006145787
509,-76.9749984648078,3.47499930672347,0.865816996367062
510,-76.9249984640628,3.47499930672347,0.677241941864562
511,-76.8749984633177,3.47499930672347,0.189518121862669
512,-76.8249984625727,3.47499930672347,0.137567694853472
513,-76.7749984618276,3.47499930672347,0.551687983490011
514,-76.7249984610826,3.47499930672347,0.896878377523842
515,-76.6749984603375,3.47499930672347,-4.8838501448728
516,-76.6249984595924,3.47499930672347,0.0082374492480352
517,-76.5749984588474,3.47499930672347,-0.105173484095499
518,-76.5249984581023,3.47499930672347,-0.79628360450381
519,-76.4749984573573,3.47499930672347,-0.632499224274233
520,-76.4249984566122,3.47499930672347,-0.131940971900625
521,-76.3749984558672,3.47499930672347,0.00573364646285297
522,-76.3249984551221,3.47499930672347,-0.209481838294013
523,-76.2749984543771,3.47499930672347,-0.625217056278164
524,-76.224998453632,3.47499930672347,0.405933535882166
525,-76.1749984528869,3.47499930672347,0.411818967164522
526,-76.1249984521419,3.47499930672347,-0.167264701163736
527,-76.0749984513968,3.47499930672347,-0.804004134751103
528,-76.0249984506518,3.47499930672347,-1.16501113347279
529,-77.3749984707683,3.42499930597842,-0.313798275917966
530,-77.3249984700232,3.42499930597842,0.174541052535701
531,-77.2749984692782,3.42499930597842,0.180554182817843
532,-77.2249984685331,3.42499930597842,0.017660278156559
533,-77.1749984677881,3.42499930597842,0.317005456638954
534,-77.124998467043,3.42499930597842,0.570694322743191
535,-77.074998466298,3.42499930597842,0.869589290627482
536,-77.0249984655529,3.42499930597842,0.600079217432625
537,-76.9749984648078,3.42499930597842,1.03299179761668
538,-76.9249984640628,3.42499930597842,0.459565633152985
539,-76.8749984633177,3.42499930597842,0.101533571630291
540,-76.8249984625727,3.42499930597842,0.573307688301646
541,-76.7749984618276,3.42499930597842,0.726040317569011
542,-76.7249984610826,3.42499930597842,1.24487599158229
543,-76.6749984603375,3.42499930597842,1.74012140332308
544,-76.6249984595924,3.42499930597842,1.65196892386046
545,-76.5749984588474,3.42499930597842,0.0019060367079852
546,-76.5249984581023,3.42499930597842,-0.50242396517503
547,-76.4749984573573,3.42499930597842,0.360555156727112
548,-76.4249984566122,3.42499930597842,0.498136842465358
549,-76.3749984558672,3.42499930597842,0.0292240855772019
550,-76.3249984551221,3.42499930597842,-0.437129333349021
551,-76.2749984543771,3.42499930597842,-0.557189947798012
552,-76.224998453632,3.42499930597842,0.0617473204231976
553,-76.1749984528869,3.42499930597842,-0.49885042636966
554,-76.1249984521419,3.42499930597842,-0.562674995058274
555,-76.0749984513968,3.42499930597842,-0.539110012740142
556,-77.3749984707683,3.37499930523336,-0.522158435205207
557,-77.3249984700232,3.37499930523336,0.0943294405607681
558,-77.2749984692782,3.37499930523336,-0.0247663955704418
559,-77.2249984685331,3.37499930523336,-0.0709196129529741
560,-77.1749984677881,3.37499930523336,0.317873771464922
561,-77.124998467043,3.37499930523336,0.877719595528289
562,-77.074998466298,3.37499930523336,0.565456521874335
563,-77.0249984655529,3.37499930523336,0.45436101537883
564,-76.9749984648078,3.37499930523336,0.660497730961664
565,-76.9249984640628,3.37499930523336,1.090814001434
566,-76.8749984633177,3.37499930523336,0.556814258016758
567,-76.8249984625727,3.37499930523336,0.845796217055935
568,-76.7749984618276,3.37499930523336,0.940971616884929
569,-76.7249984610826,3.37499930523336,1.45147341798685
570,-76.6749984603375,3.37499930523336,2.2879783821821
571,-76.6249984595924,3.37499930523336,1.19346445950588
572,-76.5749984588474,3.37499930523336,1.32313029259139
573,-76.5249984581023,3.37499930523336,0.623680819990003
574,-76.4749984573573,3.37499930523336,0.715431894885429
575,-76.4249984566122,3.37499930523336,0.322053938694752
576,-76.3749984558672,3.37499930523336,-0.0849762587291631
577,-76.3249984551221,3.37499930523336,0.391728009918173
578,-76.2749984543771,3.37499930523336,0.372820048952742
579,-76.224998453632,3.37499930523336,-1.02356589428257
580,-76.1749984528869,3.37499930523336,-0.493374375655023
581,-76.1249984521419,3.37499930523336,-0.308495848119201
582,-76.0749984513968,3.37499930523336,-0.473410326881766
583,-77.4249984715133,3.3249993044883,-1.09679592878391
584,-77.3749984707683,3.3249993044883,-0.56989304473533
585,-77.3249984700232,3.3249993044883,0.0344920850228372
586,-77.2749984692782,3.3249993044883,0.140077730503946
587,-77.2249984685331,3.3249993044883,0.532935532561978
588,-77.1749984677881,3.3249993044883,0.412176020536746
589,-77.124998467043,3.3249993044883,0.919274763036086
590,-77.074998466298,3.3249993044883,0.625717981339058
591,-77.0249984655529,3.3249993044883,0.53381287938847
592,-76.9749984648078,3.3249993044883,0.871292670515644
593,-76.9249984640628,3.3249993044883,0.417391994397752
594,-76.8749984633177,3.3249993044883,0.363867030457299
595,-76.8249984625727,3.3249993044883,0.662501540159034
596,-76.7749984618276,3.3249993044883,0.829444360262994
597,-76.7249984610826,3.3249993044883,1.50498059830653
598,-76.6749984603375,3.3249993044883,2.12990696144685
599,-76.6249984595924,3.3249993044883,1.38348180766666
600,-76.5749984588474,3.3249993044883,0.744691726164686
601,-76.5249984581023,3.3249993044883,1.15313619045357
602,-76.4749984573573,3.3249993044883,0.804918813231996
603,-76.4249984566122,3.3249993044883,0.694024554485076
604,-76.3749984558672,3.3249993044883,1.00940616476035
605,-76.3249984551221,3.3249993044883,0.671525708710972
606,-76.2749984543771,3.3249993044883,0.58503025325144
607,-76.224998453632,3.3249993044883,0.761152962923529
608,-76.1749984528869,3.3249993044883,-0.591034893701766
609,-76.1249984521419,3.3249993044883,-0.779226523550412
610,-76.0749984513968,3.3249993044883,-0.578504868020379
611,-77.4749984722584,3.27499930374324,-1.55938847241981
612,-77.4249984715133,3.27499930374324,-1.32402173815231
613,-77.3749984707683,3.27499930374324,-0.766487293191454
614,-77.3249984700232,3.27499930374324,-0.204791806336489
615,-77.2749984692782,3.27499930374324,0.164727934538325
616,-77.2249984685331,3.27499930374324,-0.0644503909285286
617,-77.1749984677881,3.27499930374324,0.055467330269306
618,-77.124998467043,3.27499930374324,0.416355231897892
619,-77.074998466298,3.27499930374324,0.119959378118735
620,-77.0249984655529,3.27499930374324,-0.480089843594535
621,-76.9749984648078,3.27499930374324,0.580754885443226
622,-76.9249984640628,3.27499930374324,-0.464209603798028
623,-76.8749984633177,3.27499930374324,-0.121885975526284
624,-76.8249984625727,3.27499930374324,0.137736147017852
625,-76.7749984618276,3.27499930374324,0.354530462219412
626,-76.7249984610826,3.27499930374324,1.01132317429728
627,-76.6749984603375,3.27499930374324,1.33687353954075
628,-76.6249984595924,3.27499930374324,1.35273149229554
629,-76.5749984588474,3.27499930374324,0.884397398069485
630,-76.5249984581023,3.27499930374324,1.13810019744282
631,-76.4749984573573,3.27499930374324,0.900177917995406
632,-76.224998453632,3.27499930374324,-0.0337605865191293
633,-76.1749984528869,3.27499930374324,-0.103485050191903
634,-76.1249984521419,3.27499930374324,-0.23418580914308
635,-76.0749984513968,3.27499930374324,-0.559386831601549
636,-77.5249984730035,3.22499930299818,-2.04526339137741
637,-77.4749984722584,3.22499930299818,-1.22550589821259
638,-77.3749984707683,3.22499930299818,-0.406835668751731
639,-77.3249984700232,3.22499930299818,0.11818416314098
640,-77.2749984692782,3.22499930299818,-0.24649104652218
641,-77.2249984685331,3.22499930299818,-0.100010446202872
642,-77.1749984677881,3.22499930299818,-0.058868506607915
643,-77.124998467043,3.22499930299818,-0.121562642181919
644,-77.074998466298,3.22499930299818,-0.155627037413739
645,-77.0249984655529,3.22499930299818,-0.309349193091931
646,-76.9749984648078,3.22499930299818,0.384660509513811
647,-76.9249984640628,3.22499930299818,-0.467441120877043
648,-76.8749984633177,3.22499930299818,-0.74086833986496
649,-76.8249984625727,3.22499930299818,-0.0708709425403339
650,-76.7749984618276,3.22499930299818,0.630076035559365
651,-76.7249984610826,3.22499930299818,1.28425682965575
652,-76.6749984603375,3.22499930299818,1.0845395372986
653,-76.6249984595924,3.22499930299818,0.86971277269714
654,-76.5749984588474,3.22499930299818,0.564159717804594
655,-76.5249984581023,3.22499930299818,1.03153816355518
656,-76.4749984573573,3.22499930299818,1.22947286290095
657,-76.1249984521419,3.22499930299818,0.0209223725038684
658,-76.0749984513968,3.22499930299818,-0.524654097101489
659,-77.3749984707683,3.17499930225313,-0.201130151149311
660,-77.3249984700232,3.17499930225313,0.230078450139058
661,-77.2749984692782,3.17499930225313,-0.3075500977845
662,-77.2249984685331,3.17499930225313,-0.250538656165768
663,-77.1749984677881,3.17499930225313,-0.217084664534298
664,-77.124998467043,3.17499930225313,-0.52710972687143
665,-77.0249984655529,3.17499930225313,-0.49165649378318
666,-76.9749984648078,3.17499930225313,-0.0927158560861831
667,-76.9249984640628,3.17499930225313,-0.811192197301777
668,-76.8749984633177,3.17499930225313,-0.479678699769285
669,-76.8249984625727,3.17499930225313,-0.0577393960770247
670,-76.7749984618276,3.17499930225313,0.0632356201616855
671,-76.7249984610826,3.17499930225313,0.679077670652943
672,-76.6749984603375,3.17499930225313,0.857209716709313
673,-76.6249984595924,3.17499930225313,0.817934459681691
674,-76.5749984588474,3.17499930225313,0.706001962048386
675,-76.5249984581023,3.17499930225313,1.23988540008949
676,-77.2249984685331,3.12499930150807,0.189088438369358
677,-76.9749984648078,3.12499930150807,-0.601935086553191
678,-76.9249984640628,3.12499930150807,-0.777433417681935
679,-76.8749984633177,3.12499930150807,-1.25003620454336
680,-76.8249984625727,3.12499930150807,-0.601446780279393
681,-76.7749984618276,3.12499930150807,-0.0938520451035289
682,-76.7249984610826,3.12499930150807,0.54974679970411
683,-76.6749984603375,3.12499930150807,0.331876297890168
684,-76.6249984595924,3.12499930150807,0.59436771765962
685,-76.5249984581023,3.12499930150807,1.13634065242008
686,-76.8749984633177,3.07499930076301,-1.32028443051122
