"id_celda","x","y","observado_mm","predicho_mm","error_mm","varianza_kriging","tipo_kriging"
1,-76.0749984513968,4.97499932907522,36.6411552429199,38.2168347497815,-1.57567950686162,0.543608212899312,"ordinario"
2,-76.0749984513968,4.92499932833016,35.1811752319336,37.7851682550741,-2.60399302314053,0.320507127932629,"ordinario"
3,-76.0249984506518,4.92499932833016,39.3821258544922,35.9174756339613,3.46465022053085,0.393945494690988,"ordinario"
4,-76.1249984521419,4.8749993275851,40.123348236084,37.9736438414233,2.14970439466069,0.365953274769904,"ordinario"
5,-76.0749984513968,4.8749993275851,37.5581474304199,36.1469138618563,1.4112335685636,0.29517838387633,"ordinario"
6,-76.0249984506518,4.8749993275851,35.3913536071777,37.2768342240991,-1.88548061692138,0.318396604044664,"ordinario"
7,-76.224998453632,4.82499932684005,49.4644088745117,46.4899920236554,2.97441685085631,0.422863923446524,"ordinario"
8,-76.1749984528869,4.82499932684005,38.4299125671387,46.0200758900761,-7.5901633229374,0.31953257531535,"ordinario"
9,-76.1249984521419,4.82499932684005,38.515552520752,38.1350726324011,0.380479888350841,0.294574049920328,"ordinario"
10,-76.0749984513968,4.82499932684005,36.1139640808105,36.3355080936714,-0.221544012860882,0.293548277819154,"ordinario"
11,-76.0249984506518,4.82499932684005,34.8911514282227,37.360557532427,-2.46940610420435,0.294691109474569,"ordinario"
12,-75.9749984499067,4.82499932684005,39.1186370849609,38.8231864579437,0.29545062701726,0.319952376763879,"ordinario"
13,-75.9249984491616,4.82499932684005,43.216625213623,44.6015938334181,-1.38496861979507,0.482231380663747,"ordinario"
14,-76.224998453632,4.77499932609499,48.059196472168,50.6784069756828,-2.61921050351486,0.318915942374166,"ordinario"
15,-76.1749984528869,4.77499932609499,49.6201362609863,38.8343897974258,10.7857464635606,0.293575598199171,"ordinario"
16,-76.1249984521419,4.77499932609499,34.6992492675781,35.8040500712407,-1.10480080366261,0.293191587546841,"ordinario"
17,-76.0749984513968,4.77499932609499,35.4868011474609,36.9851052453232,-1.49830409786227,0.293206483864398,"ordinario"
18,-76.0249984506518,4.77499932609499,39.7876129150391,38.2243306812482,1.56328223379084,0.293425252852598,"ordinario"
19,-75.9749984499067,4.77499932609499,38.9098358154297,43.8811355106669,-4.97129969523724,0.310796608362648,"ordinario"
20,-76.2749984543771,4.72499932534993,51.0581893920898,45.526557422916,5.53163196917381,0.393413410738228,"ordinario"
21,-76.224998453632,4.72499932534993,51.1941947937012,41.4144051562908,9.77978963741036,0.294257487057213,"ordinario"
22,-76.1749984528869,4.72499932534993,33.7123260498047,37.8521268886826,-4.13980083887788,0.292991084612282,"ordinario"
23,-76.1249984521419,4.72499932534993,25.6690845489502,34.2892226350447,-8.62013808609448,0.29295566005655,"ordinario"
24,-76.0749984513968,4.72499932534993,41.1002426147461,32.7356051335651,8.36463748118104,0.293193732922025,"ordinario"
25,-76.0249984506518,4.72499932534993,40.4412689208984,42.7076746794454,-2.26640575854692,0.293302156582096,"ordinario"
26,-75.9749984499067,4.72499932534993,53.5390205383301,45.3892594478839,8.14976109044619,0.294569593514373,"ordinario"
27,-75.9249984491616,4.72499932534993,47.6831245422363,49.3411340853113,-1.65800954307498,0.315044596778419,"ordinario"
28,-75.8749984484166,4.72499932534993,53.646614074707,49.9500740063383,3.69654006836869,0.324919835354669,"ordinario"
29,-75.8249984476715,4.72499932534993,59.5572662353516,50.9412354064478,8.6160308289038,0.391090004853893,"ordinario"
30,-76.2749984543771,4.67499932460487,38.2534103393555,43.972720634593,-5.71931029523757,0.329590714819198,"ordinario"
31,-76.224998453632,4.67499932460487,32.6792984008789,41.3237439285236,-8.6444455276447,0.293131763008798,"ordinario"
32,-76.1749984528869,4.67499932460487,33.6406478881836,33.4504909300147,0.190156958168899,0.292790043738433,"ordinario"
33,-76.1249984521419,4.67499932460487,30.5341510772705,30.6417531673082,-0.107602090037734,0.293205901642889,"ordinario"
34,-76.0749984513968,4.67499932460487,31.6925830841064,35.1530479320566,-3.46046484795013,0.293149896157724,"ordinario"
35,-76.0249984506518,4.67499932460487,39.6946487426758,42.3719108153143,-2.67726207263849,0.293322260766872,"ordinario"
36,-75.9749984499067,4.67499932460487,61.1983070373535,46.2545754037134,14.9437316336401,0.293213311802551,"ordinario"
37,-75.9249984491616,4.67499932460487,44.1488189697266,52.8668549524802,-8.71803598275362,0.292724054080226,"ordinario"
38,-75.8749984484166,4.67499932460487,45.731876373291,51.8834737579118,-6.15159738462083,0.294121411372214,"ordinario"
39,-75.8249984476715,4.67499932460487,53.245044708252,50.1711656049262,3.07387910332571,0.318499970551539,"ordinario"
40,-75.7749984469265,4.67499932460487,42.7127494812012,57.6449555351511,-14.9322060539499,0.355612754038538,"ordinario"
41,-75.7249984461814,4.67499932460487,61.2600402832031,43.6399499867479,17.6200902964552,0.590045782969225,"ordinario"
42,-76.2749984543771,4.62499932385981,42.9301147460938,38.9184551787379,4.01165956735586,0.317593915559348,"ordinario"
43,-76.224998453632,4.62499932385981,42.0722503662109,36.5776959442544,5.49455442195654,0.293000955262682,"ordinario"
44,-76.1749984528869,4.62499932385981,36.5986061096191,33.621370590718,2.9772355189011,0.294140494375106,"ordinario"
45,-76.1249984521419,4.62499932385981,32.9421081542969,32.8572741064881,0.0848340478087835,0.294469435823284,"ordinario"
46,-76.0749984513968,4.62499932385981,34.7756729125977,32.7892839537697,1.98638895882791,0.294517391722885,"ordinario"
47,-76.0249984506518,4.62499932385981,34.9085235595703,39.1031100087086,-4.19458644913832,0.294295109584438,"ordinario"
48,-75.9749984499067,4.62499932385981,48.0012283325195,47.8851504425607,0.116077889958881,0.293227810087029,"ordinario"
49,-75.9249984491616,4.62499932385981,51.8606948852539,52.4977473612678,-0.637052476013849,0.292704280548116,"ordinario"
50,-75.8749984484166,4.62499932385981,52.6089172363281,52.9886805378807,-0.379763301552565,0.317220994877819,"ordinario"
51,-76.3249984551221,4.57499932311476,41.1486167907715,44.8315816682629,-3.68296487749139,0.386944733452671,"ordinario"
52,-76.2749984543771,4.57499932311476,36.5909118652344,41.949316811475,-5.35840494624058,0.293718868253873,"ordinario"
53,-76.224998453632,4.57499932311476,40.1131324768066,35.9797723309058,4.1333601459008,0.294041095516069,"ordinario"
54,-76.1749984528869,4.57499932311476,29.6827983856201,36.5725674465723,-6.88976906095213,0.294463839377313,"ordinario"
55,-76.1249984521419,4.57499932311476,34.6451606750488,34.0380618278435,0.607098847205343,0.294511167554234,"ordinario"
56,-76.0749984513968,4.57499932311476,36.0216484069824,33.9636463403272,2.05800206665518,0.294498854440728,"ordinario"
57,-76.0249984506518,4.57499932311476,32.3201637268066,38.0647631308513,-5.74459940404467,0.294475887739706,"ordinario"
58,-75.9749984499067,4.57499932311476,47.3914108276367,45.9315728081132,1.4598380195235,0.294240712552088,"ordinario"
59,-75.9249984491616,4.57499932311476,60.5735702514648,52.2810547102628,8.292515541202,0.292874239212966,"ordinario"
60,-75.8749984484166,4.57499932311476,54.9611206054688,53.7361895621511,1.22493104331766,0.32838393857534,"ordinario"
61,-76.3249984551221,4.5249993223697,47.8347244262695,46.7723156396021,1.06240878666742,0.317919091766572,"ordinario"
62,-76.2749984543771,4.5249993223697,43.6841773986816,42.7000518753296,0.984125523352013,0.293895348240087,"ordinario"
63,-76.224998453632,4.5249993223697,38.0939674377441,40.9492425655874,-2.85527512784323,0.294421147194526,"ordinario"
64,-76.1749984528869,4.5249993223697,35.8625526428223,39.1350029534028,-3.27245031058051,0.294483389808033,"ordinario"
65,-76.1249984521419,4.5249993223697,39.6851196289062,38.4881047190781,1.19701490982811,0.294507618259362,"ordinario"
66,-76.0749984513968,4.5249993223697,39.4853401184082,36.8108496556455,2.67449046276275,0.294483306832509,"ordinario"
67,-76.0249984506518,4.5249993223697,34.884651184082,42.4035190725767,-7.51886788849465,0.294457323375833,"ordinario"
68,-75.9749984499067,4.5249993223697,49.8101501464844,49.5281887641141,0.281961382370262,0.294433549440529,"ordinario"
69,-75.9249984491616,4.5249993223697,56.0639877319336,55.5516133212055,0.512374410728128,0.293325737882489,"ordinario"
70,-75.8749984484166,4.5249993223697,49.8213081359863,56.587203724298,-6.76589558831168,0.330723869521989,"ordinario"
71,-76.3749984558672,4.47499932162464,54.9071273803711,53.3950339232887,1.51209345708239,0.36561374506785,"ordinario"
72,-76.3249984551221,4.47499932162464,55.367504119873,53.2639798081805,2.10352431169252,0.293894776552214,"ordinario"
73,-76.2749984543771,4.47499932162464,46.4273910522461,49.0475579131556,-2.62016686090953,0.294464936827332,"ordinario"
74,-76.224998453632,4.47499932162464,48.8215408325195,43.4730198952497,5.34852093726987,0.294476487131487,"ordinario"
75,-76.1749984528869,4.47499932162464,47.8320426940918,44.3712843422551,3.4607583518367,0.294476034171662,"ordinario"
76,-76.1249984521419,4.47499932162464,47.3580093383789,42.319550376182,5.03845896219686,0.294533351296257,"ordinario"
77,-76.0749984513968,4.47499932162464,38.5742416381836,43.0595917098057,-4.48535007162214,0.294510899587227,"ordinario"
78,-76.0249984506518,4.47499932162464,50.3164672851562,43.3184063090818,6.99806097607442,0.294465762215136,"ordinario"
79,-75.9749984499067,4.47499932162464,59.8482627868652,54.9821061732487,4.8661566136165,0.294479844810848,"ordinario"
80,-75.9249984491616,4.47499932162464,58.8312301635742,60.7301829075429,-1.89895274396871,0.294396208382293,"ordinario"
81,-75.8749984484166,4.47499932162464,60.4811134338379,51.5232532424404,8.95786019139745,0.367708616757428,"ordinario"
82,-76.4249984566122,4.42499932087958,55.437183380127,57.898785521808,-2.46160214168102,0.365834043445829,"ordinario"
83,-76.3749984558672,4.42499932087958,56.1239128112793,58.3931356710436,-2.26922285976433,0.293747143851359,"ordinario"
84,-76.3249984551221,4.42499932087958,60.386474609375,54.5899586313737,5.79651597800126,0.293326506296793,"ordinario"
85,-76.2749984543771,4.42499932087958,47.5570068359375,48.0724359879834,-0.515429152045876,0.294460486899019,"ordinario"
86,-76.224998453632,4.42499932087958,43.0300064086914,45.4696428821295,-2.43963647343808,0.29447379423278,"ordinario"
87,-76.1749984528869,4.42499932087958,48.6592903137207,45.1916757472751,3.46761456644563,0.294520000948204,"ordinario"
88,-76.1249984521419,4.42499932087958,44.4797134399414,44.1637141256432,0.315999314298175,0.294555574237615,"ordinario"
89,-76.0749984513968,4.42499932087958,40.8434066772461,40.2315392387793,0.611867438466767,0.29452378793386,"ordinario"
90,-76.0249984506518,4.42499932087958,39.5651664733887,46.9913472532226,-7.42618077983397,0.294481408301546,"ordinario"
91,-75.9749984499067,4.42499932087958,61.9356727600098,53.0094463148027,8.92622644520711,0.294507128026459,"ordinario"
92,-75.9249984491616,4.42499932087958,64.6640319824219,56.4365715405898,8.22746044183207,0.310300780234854,"ordinario"
93,-76.5249984581023,4.37499932013452,69.7870178222656,57.5580173089312,12.2290005133344,0.426707762354147,"ordinario"
94,-76.4749984573573,4.37499932013452,58.1464080810547,61.8310506796313,-3.68464259857657,0.318085355494634,"ordinario"
95,-76.4249984566122,4.37499932013452,60.593994140625,56.4634091876608,4.13058495296424,0.293805376048513,"ordinario"
96,-76.3749984558672,4.37499932013452,58.260612487793,57.5302398071946,0.7303726805984,0.292687852585229,"ordinario"
97,-76.3249984551221,4.37499932013452,59.0272483825684,51.2341378596334,7.79311052293497,0.293765632525676,"ordinario"
98,-76.2749984543771,4.37499932013452,40.6070213317871,45.9529765403184,-5.34595520853131,0.294489280371575,"ordinario"
99,-76.224998453632,4.37499932013452,39.1309852600098,42.5239212780283,-3.3929360180185,0.294491578079932,"ordinario"
100,-76.1749984528869,4.37499932013452,46.025562286377,43.0674617155352,2.95810057084174,0.294558337533299,"ordinario"
101,-76.1249984521419,4.37499932013452,40.4879035949707,42.9576782668457,-2.46977467187502,0.294552416403688,"ordinario"
102,-76.0749984513968,4.37499932013452,39.1286849975586,38.9823260374188,0.146358960139786,0.294535797682773,"ordinario"
103,-76.0249984506518,4.37499932013452,37.1436424255371,43.2693851678356,-6.12574274229847,0.294493064165198,"ordinario"
104,-75.9749984499067,4.37499932013452,50.2130584716797,50.6319176088593,-0.418859137179616,0.294504607265855,"ordinario"
105,-75.9249984491616,4.37499932013452,49.4452209472656,54.8701187762302,-5.42489782896455,0.294283383560984,"ordinario"
106,-75.8749984484166,4.37499932013452,44.6594924926758,50.7992021151714,-6.13970962249559,0.313973464851771,"ordinario"
107,-75.8249984476715,4.37499932013452,44.2312126159668,50.3640336075461,-6.13282099157932,0.40599103794055,"ordinario"
108,-76.5249984581023,4.32499931938946,60.4852676391602,66.8423087455006,-6.35704110634049,0.332938639083542,"ordinario"
109,-76.4749984573573,4.32499931938946,60.1876106262207,60.9984638705722,-0.810853244351513,0.293557575786771,"ordinario"
110,-76.4249984566122,4.32499931938946,54.4532318115234,56.8249175554347,-2.37168574391128,0.292668528406106,"ordinario"
111,-76.3749984558672,4.32499931938946,53.0776977539062,51.2931083622786,1.78458939162768,0.292614567711541,"ordinario"
112,-76.3249984551221,4.32499931938946,47.4797515869141,47.786686562972,-0.306934976057924,0.294263333509547,"ordinario"
113,-76.2749984543771,4.32499931938946,38.7489471435547,44.1085583536871,-5.35961121013238,0.294513761848014,"ordinario"
114,-76.224998453632,4.32499931938946,42.0851898193359,43.6928225799229,-1.60763276058699,0.294539111632312,"ordinario"
115,-76.1749984528869,4.32499931938946,46.4719276428223,44.8651569101702,1.60677073265202,0.294572568964328,"ordinario"
116,-76.1249984521419,4.32499931938946,42.1065979003906,43.1329333010054,-1.02633540061479,0.294562064846005,"ordinario"
117,-76.0749984513968,4.32499931938946,40.7850646972656,40.4980890244212,0.286975672844406,0.294547302957722,"ordinario"
118,-76.0249984506518,4.32499931938946,42.4209442138672,44.2218874034144,-1.80094318954721,0.29449262600471,"ordinario"
119,-75.9749984499067,4.32499931938946,55.4660682678223,53.6901748560542,1.77589341176805,0.294474652861261,"ordinario"
120,-75.9249984491616,4.32499931938946,57.6341400146484,60.4473481200776,-2.81320810542912,0.293046497204669,"ordinario"
121,-75.8749984484166,4.32499931938946,56.2064743041992,58.8692989409861,-2.66282463678689,0.292967489458779,"ordinario"
122,-75.8249984476715,4.32499931938946,51.9910087585449,56.7626184711393,-4.77160971259438,0.331618135173438,"ordinario"
123,-76.5249984581023,4.27499931864441,69.6018447875977,60.8613350610731,8.74050972652458,0.419015180718152,"ordinario"
124,-76.4749984573573,4.27499931864441,66.0197906494141,59.8019539057992,6.21783674361482,0.316890700239189,"ordinario"
125,-76.4249984566122,4.27499931864441,52.9207153320312,53.4723051938341,-0.551589861802867,0.293680903208966,"ordinario"
126,-76.3749984558672,4.27499931864441,42.888370513916,47.3369109203142,-4.44854040639821,0.293085148398969,"ordinario"
127,-76.3249984551221,4.27499931864441,41.7596855163574,44.3688386079093,-2.60915309155191,0.294462395142586,"ordinario"
128,-76.2749984543771,4.27499931864441,45.8185386657715,43.7873876975752,2.03115096819629,0.294492776036337,"ordinario"
129,-76.224998453632,4.27499931864441,50.7087326049805,45.9560269039553,4.75270570102521,0.294556422958104,"ordinario"
130,-76.1749984528869,4.27499931864441,50.1457366943359,46.6914378953231,3.45429879901284,0.294567216907536,"ordinario"
131,-76.1249984521419,4.27499931864441,44.0330657958984,44.9022014606485,-0.869135664750104,0.294567216907536,"ordinario"
132,-76.0749984513968,4.27499931864441,43.3712463378906,41.9440562693474,1.42719006854323,0.29454768296998,"ordinario"
133,-76.0249984506518,4.27499931864441,42.4718933105469,48.9244028619252,-6.45250955137831,0.294480099808563,"ordinario"
134,-75.9749984499067,4.27499931864441,66.9720001220703,58.4426538907577,8.52934623131257,0.294474759061409,"ordinario"
135,-75.9249984491616,4.27499931864441,77.3305206298828,71.1779034068481,6.1526172230347,0.293282502947002,"ordinario"
136,-75.8749984484166,4.27499931864441,85.9416198730469,72.7211559512093,13.2204639218376,0.292877098498852,"ordinario"
137,-75.8249984476715,4.27499931864441,72.042236328125,68.8166389873711,3.22559734075386,0.331669552651163,"ordinario"
138,-77.2749984692782,4.22499931789935,113.029853820801,95.1450644721809,17.8847893486199,0.516553057334146,"ordinario"
139,-76.4249984566122,4.22499931789935,51.0218353271484,49.8698679458006,1.15196738134783,0.316847390861559,"ordinario"
140,-76.3749984558672,4.22499931789935,42.3325424194336,43.5193966534777,-1.18685423404414,0.294074862493859,"ordinario"
141,-76.3249984551221,4.22499931789935,42.9837265014648,42.0776776571033,0.906048844361514,0.2944975914695,"ordinario"
142,-76.2749984543771,4.22499931789935,43.7619857788086,44.1186815319086,-0.356695753100041,0.294489517826423,"ordinario"
143,-76.224998453632,4.22499931789935,46.6607208251953,45.3998179702516,1.26090285494376,0.294537411299386,"ordinario"
144,-76.1749984528869,4.22499931789935,46.0168495178223,46.0168800174172,-3.04995949349518e-05,0.294567216907538,"ordinario"
145,-76.1249984521419,4.22499931789935,43.5811309814453,44.5122263599256,-0.931095378480279,0.294567216907538,"ordinario"
146,-76.0749984513968,4.22499931789935,44.0354461669922,44.3501838595707,-0.314737692578554,0.294547483602232,"ordinario"
147,-76.0249984506518,4.22499931789935,43.1894111633301,49.9821755177969,-6.79276435446678,0.294480475936306,"ordinario"
148,-75.9749984499067,4.22499931789935,61.3247451782227,58.0216994358089,3.30304574241379,0.294482133169346,"ordinario"
149,-75.9249984491616,4.22499931789935,69.1127777099609,72.2946135774563,-3.18183586749537,0.293638347648267,"ordinario"
150,-75.8749984484166,4.22499931789935,84.8973541259766,77.9845661566341,6.91278796934243,0.293797796772864,"ordinario"
151,-75.8249984476715,4.22499931789935,76.3125915527344,74.3818225090603,1.93076904367403,0.38702866879475,"ordinario"
152,-77.3749984707683,4.17499931715429,104.82723236084,97.9623496871459,6.86488267369394,0.396832192780578,"ordinario"
153,-77.3249984700232,4.17499931715429,99.1582489013672,101.459133083132,-2.30088418176517,0.320601255089522,"ordinario"
154,-77.2749984692782,4.17499931715429,98.2651824951172,101.484721451,-3.21953895588288,0.317565863701923,"ordinario"
155,-77.1749984677881,4.17499931715429,91.5575485229492,89.6502773420206,1.90727118092862,0.45691863368064,"ordinario"
156,-76.4249984566122,4.17499931715429,44.6402435302734,46.2050222178556,-1.56477868758215,0.327265731389825,"ordinario"
157,-76.3749984558672,4.17499931715429,38.3415489196777,41.7610717514436,-3.41952283176587,0.294627579157773,"ordinario"
158,-76.3249984551221,4.17499931715429,41.944206237793,40.276721551878,1.66748468591501,0.294488258673128,"ordinario"
159,-76.2749984543771,4.17499931715429,40.6438217163086,40.841565170371,-0.197743454062454,0.29447062046883,"ordinario"
160,-76.224998453632,4.17499931715429,39.2050857543945,41.7391641541829,-2.53407839978832,0.294523368437438,"ordinario"
161,-76.1749984528869,4.17499931715429,44.0850486755371,40.6874089859463,3.39763968959085,0.294567216907538,"ordinario"
162,-76.1249984521419,4.17499931715429,41.959285736084,44.3662726645176,-2.40698692843365,0.294567216907538,"ordinario"
163,-76.0749984513968,4.17499931715429,49.8818511962891,45.1745219640642,4.70732923222482,0.294538008755969,"ordinario"
164,-76.0249984506518,4.17499931715429,48.6723098754883,48.6919012427611,-0.0195913672728665,0.294483482576415,"ordinario"
165,-75.9749984499067,4.17499931715429,52.9280891418457,54.0798567975889,-1.15176765574316,0.294507748032713,"ordinario"
166,-75.9249984491616,4.17499931715429,56.7346687316895,63.0790713407315,-6.34440260904202,0.293677248412666,"ordinario"
167,-75.8749984484166,4.17499931715429,72.0953216552734,66.3040495547697,5.79127210050369,0.316768287032736,"ordinario"
168,-77.4249984715133,4.12499931640923,102.556350708008,105.140945554595,-2.58459484658709,0.401059581368362,"ordinario"
169,-77.3749984707683,4.12499931640923,99.6734924316406,99.4279378489889,0.245554582651721,0.295923685838426,"ordinario"
170,-77.3249984700232,4.12499931640923,95.6056976318359,98.3241855512618,-2.71848791942585,0.294768949147187,"ordinario"
171,-77.2749984692782,4.12499931640923,98.3886871337891,95.0616700444272,3.32701708936186,0.29533237751005,"ordinario"
172,-77.2249984685331,4.12499931640923,95.1134872436523,92.8856949333992,2.22779231025312,0.311520014891324,"ordinario"
173,-77.1749984677881,4.12499931640923,88.3917541503906,88.5071463423216,-0.115392191931022,0.296370097371853,"ordinario"
174,-77.124998467043,4.12499931640923,80.6308364868164,86.3192641075404,-5.68842762072403,0.367296099543917,"ordinario"
175,-76.4249984566122,4.12499931640923,41.9044418334961,39.0243877513229,2.88005408217315,0.319615344171421,"ordinario"
176,-76.3749984558672,4.12499931640923,36.4845123291016,37.3440073779753,-0.85949504887374,0.294608422784433,"ordinario"
177,-76.3249984551221,4.12499931640923,40.031909942627,36.256884013996,3.77502592863095,0.29444851480311,"ordinario"
178,-76.2749984543771,4.12499931640923,37.1128349304199,37.4341304367972,-0.32129550637729,0.294473191247716,"ordinario"
179,-76.224998453632,4.12499931640923,37.8414001464844,36.1349125922434,1.70648755424098,0.294525932480755,"ordinario"
180,-76.1749984528869,4.12499931640923,36.6712684631348,39.3411659338551,-2.66989747072029,0.294567216907537,"ordinario"
181,-76.1249984521419,4.12499931640923,39.938793182373,41.2560025311594,-1.31720934878636,0.294567216907536,"ordinario"
182,-76.0749984513968,4.12499931640923,47.6546249389648,42.5655057250946,5.08911921387022,0.294538008755967,"ordinario"
183,-76.0249984506518,4.12499931640923,46.7494354248047,46.6770887933155,0.0723466314892178,0.294495586150658,"ordinario"
184,-75.9749984499067,4.12499931640923,50.7035369873047,50.7803887520458,-0.0768517647410647,0.294511308753855,"ordinario"
185,-75.9249984491616,4.12499931640923,55.5307769775391,53.066016227151,2.46476075038808,0.293673635253087,"ordinario"
186,-75.8749984484166,4.12499931640923,55.088794708252,56.0329673246125,-0.944172616360547,0.317171785520122,"ordinario"
187,-77.4249984715133,4.07499931566417,115.616149902344,112.648245212668,2.96790468967545,0.335236218087712,"ordinario"
188,-77.3749984707683,4.07499931566417,96.96630859375,105.738690498159,-8.77238190440879,0.295284670025866,"ordinario"
189,-77.3249984700232,4.07499931566417,100.395080566406,97.0732583933383,3.32182217306799,0.295500539480274,"ordinario"
190,-77.2749984692782,4.07499931566417,93.7717208862305,98.9772352405845,-5.20551435435407,0.315106840522957,"ordinario"
191,-77.2249984685331,4.07499931566417,95.0784149169922,94.6397780637715,0.438636853220729,0.314595196595161,"ordinario"
192,-77.1749984677881,4.07499931566417,89.3099899291992,90.1613268307504,-0.851336901551221,0.295005871485776,"ordinario"
193,-77.124998467043,4.07499931566417,83.3158493041992,82.8980745442615,0.417774759937714,0.294642806326236,"ordinario"
194,-77.074998466298,4.07499931566417,80.529182434082,77.6075822150114,2.92160021907063,0.317749947894214,"ordinario"
195,-77.0249984655529,4.07499931566417,76.6013336181641,77.0786004538614,-0.477266835697336,0.328810242350396,"ordinario"
196,-76.9749984648078,4.07499931566417,83.0799942016602,75.3859903432352,7.69400385842495,0.330945863277577,"ordinario"
197,-76.9249984640628,4.07499931566417,77.6012954711914,71.7872254155111,5.81407005568029,0.396247755941842,"ordinario"
198,-76.4749984573573,4.07499931566417,38.2246246337891,35.4557255785424,2.76889905524661,0.365103084654023,"ordinario"
199,-76.4249984566122,4.07499931566417,31.0576972961426,33.0409992707331,-1.98330197459057,0.295644259200616,"ordinario"
200,-76.3749984558672,4.07499931566417,30.5091705322266,30.538942570521,-0.0297720382944391,0.294522608604822,"ordinario"
201,-76.3249984551221,4.07499931566417,30.7024269104004,31.4621437287039,-0.759716818303534,0.29444143573118,"ordinario"
202,-76.2749984543771,4.07499931566417,32.7637252807617,31.7910907699281,0.972634510833668,0.294495317260299,"ordinario"
203,-76.224998453632,4.07499931566417,31.6808795928955,33.8483539866927,-2.16747439379716,0.294551046410889,"ordinario"
204,-76.1749984528869,4.07499931566417,38.3927764892578,34.1536085711838,4.23916791807402,0.294567216907536,"ordinario"
205,-76.1249984521419,4.07499931566417,37.2254867553711,36.5266957336196,0.698791021751447,0.294567216907536,"ordinario"
206,-76.0749984513968,4.07499931566417,35.491039276123,38.8440117629747,-3.35297248685166,0.294549931305704,"ordinario"
207,-76.0249984506518,4.07499931566417,38.5591201782227,42.8258178047609,-4.2666976265382,0.294499294173788,"ordinario"
208,-75.9749984499067,4.07499931566417,51.3995246887207,48.2092562794458,3.19026840927486,0.294499369251043,"ordinario"
209,-75.9249984491616,4.07499931566417,48.6788711547852,51.9689349378835,-3.29006378309838,0.293637163134466,"ordinario"
210,-75.8749984484166,4.07499931566417,44.5334243774414,47.7266464530314,-3.19322207559004,0.293796352407192,"ordinario"
211,-75.8249984476715,4.07499931566417,42.4022216796875,47.4757664635178,-5.07354478383031,0.363085407712566,"ordinario"
212,-77.4249984715133,4.02499931491912,142.598831176758,116.880837108328,25.7179940684295,0.400804671619995,"ordinario"
213,-77.3749984707683,4.02499931491912,107.468971252441,122.181322311457,-14.7123510590161,0.295812363284625,"ordinario"
214,-77.3249984700232,4.02499931491912,105.371421813965,108.011430765183,-2.64000895121848,0.312006190184494,"ordinario"
215,-77.1749984677881,4.02499931491912,96.7078094482422,97.9852683185893,-1.27745887034716,0.310546533927024,"ordinario"
216,-77.124998467043,4.02499931491912,87.4021682739258,87.8511775425023,-0.44900926857656,0.293334562316731,"ordinario"
217,-77.074998466298,4.02499931491912,75.0943450927734,79.7297817448633,-4.63543665208991,0.29284232106415,"ordinario"
218,-77.0249984655529,4.02499931491912,66.9546890258789,76.0992375739555,-9.14454854807661,0.292904795987553,"ordinario"
219,-76.9749984648078,4.02499931491912,71.6783981323242,72.1847690111606,-0.506370878836407,0.293131866010042,"ordinario"
220,-76.9249984640628,4.02499931491912,67.3991088867188,67.041300291915,0.357808594803728,0.293807979072834,"ordinario"
221,-76.8749984633177,4.02499931491912,58.3169631958008,64.5052731953694,-6.18830999956859,0.364561080070351,"ordinario"
222,-76.5249984581023,4.02499931491912,32.465087890625,28.2851024103787,4.17998548024627,0.365657839832335,"ordinario"
223,-76.4749984573573,4.02499931491912,26.9738922119141,27.5758681908096,-0.601975978895513,0.295564672567125,"ordinario"
224,-76.4249984566122,4.02499931491912,24.3184337615967,23.9892681895753,0.329165572021353,0.294595038674701,"ordinario"
225,-76.3749984558672,4.02499931491912,23.4228057861328,23.7172309121961,-0.294425126063288,0.294456930392642,"ordinario"
226,-76.3249984551221,4.02499931491912,25.4236927032471,25.4346440336341,-0.0109513303870123,0.294453640115976,"ordinario"
227,-76.2749984543771,4.02499931491912,28.757984161377,27.1960201918294,1.56196396954753,0.294522027451816,"ordinario"
228,-76.224998453632,4.02499931491912,28.8079719543457,29.5408464539842,-0.732874499638456,0.294562471079569,"ordinario"
229,-76.1749984528869,4.02499931491912,33.5221633911133,32.0505537424769,1.47160964863634,0.294567216907537,"ordinario"
230,-76.1249984521419,4.02499931491912,32.5840148925781,34.1561320948404,-1.57211720226231,0.294567216907538,"ordinario"
231,-76.0749984513968,4.02499931491912,35.629524230957,34.4808037293591,1.14872050159793,0.294562064846006,"ordinario"
232,-76.0249984506518,4.02499931491912,35.6068382263184,42.5242905390497,-6.91745231273131,0.294498879191077,"ordinario"
233,-75.9749984499067,4.02499931491912,52.6404151916504,47.4149001317963,5.22551505985407,0.294483288843284,"ordinario"
234,-75.9249984491616,4.02499931491912,56.5200309753418,47.3541813022236,9.16584967311824,0.293155434445394,"ordinario"
235,-75.8749984484166,4.02499931491912,42.019775390625,43.403857522711,-1.38408213208596,0.29278706752043,"ordinario"
236,-75.8249984476715,4.02499931491912,37.8551025390625,41.5277457862063,-3.67264324714377,0.295062871707922,"ordinario"
237,-75.7749984469265,4.02499931491912,43.7023391723633,38.4921859619799,5.2101532103834,0.495311421202816,"ordinario"
238,-77.3749984707683,3.97499931417406,147.467071533203,121.495804637426,25.9712668957773,0.393385177534019,"ordinario"
239,-77.3249984700232,3.97499931417406,116.604156494141,129.439959073167,-12.8358025790259,0.318878513172345,"ordinario"
240,-77.2749984692782,3.97499931417406,118.174186706543,120.144526158189,-1.97033945164584,0.3153124799241,"ordinario"
241,-77.2249984685331,3.97499931417406,119.876319885254,111.991930951843,7.88438893341103,0.314435701174247,"ordinario"
242,-77.1749984677881,3.97499931417406,107.385681152344,104.17165494026,3.21402621208421,0.294477246365666,"ordinario"
243,-77.124998467043,3.97499931417406,100.010635375977,90.5731152275017,9.43752014847486,0.293022268095216,"ordinario"
244,-77.074998466298,3.97499931417406,82.4771118164062,81.4323250955302,1.04478672087605,0.292594442413136,"ordinario"
245,-77.0249984655529,3.97499931417406,78.7945098876953,71.9513378655275,6.84317202216776,0.292529230645613,"ordinario"
246,-76.9749984648078,3.97499931417406,75.5053482055664,65.8699842126187,9.63536399294767,0.292592679724063,"ordinario"
247,-76.9249984640628,3.97499931417406,57.5940017700195,60.6737181329646,-3.07971636294508,0.2926405817336,"ordinario"
248,-76.8749984633177,3.97499931417406,56.1879463195801,54.2367439543997,1.95120236518041,0.293633973780536,"ordinario"
249,-76.8249984625727,3.97499931417406,52.7648048400879,50.6863999518052,2.07840488828274,0.316958654736794,"ordinario"
250,-76.7749984618276,3.97499931417406,45.6420249938965,46.5644241047744,-0.922399110877876,0.328179710614981,"ordinario"
251,-76.7249984610826,3.97499931417406,42.2973823547363,40.4242158775441,1.87316647719225,0.329901552910993,"ordinario"
252,-76.6749984603375,3.97499931417406,34.822193145752,31.3014404460435,3.52075269970849,0.33035830360628,"ordinario"
253,-76.6249984595924,3.97499931417406,25.2525424957275,23.5027009327382,1.74984156298936,0.329280596897501,"ordinario"
254,-76.5749984588474,3.97499931417406,24.6813697814941,22.055785624469,2.62558415702519,0.319028519499093,"ordinario"
255,-76.5249984581023,3.97499931417406,19.8323497772217,22.5746673277683,-2.74231755054661,0.295527110731328,"ordinario"
256,-76.4749984573573,3.97499931417406,20.036792755127,18.9976085127457,1.03918424238121,0.294582618080844,"ordinario"
257,-76.4249984566122,3.97499931417406,17.6201572418213,18.661344266137,-1.04118702431573,0.294475719438589,"ordinario"
258,-76.3749984558672,3.97499931417406,19.0607395172119,19.3505211272142,-0.289781610002247,0.294462061884456,"ordinario"
259,-76.3249984551221,3.97499931417406,22.5010948181152,22.6310323350019,-0.129937516886617,0.294497065744071,"ordinario"
260,-76.2749984543771,3.97499931417406,26.1997089385986,27.7288028827031,-1.52909394410446,0.294558337533302,"ordinario"
261,-76.224998453632,3.97499931417406,25.4270477294922,32.2758262339127,-6.84877850442047,0.294567216907538,"ordinario"
262,-76.1749984528869,3.97499931417406,34.2307815551758,35.2719122802755,-1.04113072509976,0.294567216907536,"ordinario"
263,-76.1249984521419,3.97499931417406,32.7230796813965,37.6724852617597,-4.94940558036322,0.294567216907537,"ordinario"
264,-76.0749984513968,3.97499931417406,36.5390281677246,36.9693444824445,-0.430316314719846,0.294570759422147,"ordinario"
265,-76.0249984506518,3.97499931417406,45.3063583374023,38.6024400563618,6.70391828104054,0.294520885275796,"ordinario"
266,-75.9749984499067,3.97499931417406,46.8704490661621,46.6502144755611,0.220234590601031,0.294425070804646,"ordinario"
267,-75.9249984491616,3.97499931417406,46.7266502380371,46.9285779054856,-0.201927667448452,0.292736730565244,"ordinario"
268,-75.8749984484166,3.97499931417406,41.9097328186035,41.1645900045669,0.745142814036619,0.292928164215444,"ordinario"
269,-75.8249984476715,3.97499931417406,39.3945999145508,38.8331471218306,0.561452792720196,0.31844877645324,"ordinario"
270,-77.2749984692782,3.924999313429,139.430526733398,127.536185980217,11.8943407531811,0.31858426297554,"ordinario"
271,-77.2249984685331,3.924999313429,121.274780273438,121.172695456339,0.102084817098898,0.293714747915824,"ordinario"
272,-77.1749984677881,3.924999313429,101.373382568359,110.279644409041,-8.90626184068205,0.293320722495688,"ordinario"
273,-77.124998467043,3.924999313429,97.6648559570312,95.3715122076922,2.29334374933902,0.293970741137009,"ordinario"
274,-77.074998466298,3.924999313429,80.1593933105469,81.7270993945649,-1.567706084018,0.308785022390064,"ordinario"
275,-77.0249984655529,3.924999313429,66.715202331543,72.8713033627962,-6.1561010312532,0.294361831558116,"ordinario"
276,-76.9749984648078,3.924999313429,69.7178497314453,62.8792703938437,6.83857933760165,0.293767662283103,"ordinario"
277,-76.9249984640628,3.924999313429,48.912540435791,57.585355679635,-8.67281524384398,0.29392986923344,"ordinario"
278,-76.8749984633177,3.924999313429,48.5779571533203,50.7118684834381,-2.13391133011778,0.294022232547449,"ordinario"
279,-76.8249984625727,3.924999313429,49.5818557739258,46.6638546666198,2.91800110730598,0.293980228858412,"ordinario"
280,-76.7749984618276,3.924999313429,38.5573768615723,43.2102588857396,-4.65288202416738,0.294204241844048,"ordinario"
281,-76.7249984610826,3.924999313429,35.8242683410645,34.761782428473,1.06248591259145,0.294301581104111,"ordinario"
282,-76.6749984603375,3.924999313429,27.1303882598877,21.597047938996,5.53334032089165,0.294452294012353,"ordinario"
283,-76.6249984595924,3.924999313429,5.2897253036499,18.1668323691721,-12.8771070655222,0.294706362005228,"ordinario"
284,-76.5749984588474,3.924999313429,19.4690914154053,13.2574899673816,6.21160144802368,0.294582602352089,"ordinario"
285,-76.5249984581023,3.924999313429,15.3641920089722,16.9991791849257,-1.63498717595348,0.294534489289174,"ordinario"
286,-76.4749984573573,3.924999313429,14.7843790054321,14.9953674769165,-0.210988471484358,0.294483294903707,"ordinario"
287,-76.4249984566122,3.924999313429,16.2681427001953,14.6958748048561,1.57226789533921,0.294462444880054,"ordinario"
288,-76.3749984558672,3.924999313429,17.1104888916016,17.0200328761361,0.0904560154654632,0.294495304475196,"ordinario"
289,-76.3249984551221,3.924999313429,20.1304893493652,23.4165501798881,-3.28606083052286,0.29454460029228,"ordinario"
290,-76.2749984543771,3.924999313429,38.4657363891602,26.8912826004477,11.5744537887124,0.294572568964329,"ordinario"
291,-76.224998453632,3.924999313429,35.4147262573242,36.2208619281291,-0.806135670804835,0.294567216907538,"ordinario"
292,-76.1749984528869,3.924999313429,52.7878456115723,38.1922620247156,14.5955835868567,0.294567216907537,"ordinario"
293,-76.1249984521419,3.924999313429,46.384449005127,45.0270967279635,1.35735227716349,0.294573658559784,"ordinario"
294,-76.0749984513968,3.924999313429,39.2731742858887,42.3209235308277,-3.04774924493906,0.294534615009409,"ordinario"
295,-76.0249984506518,3.924999313429,36.6946601867676,44.5307714746804,-7.83611128791283,0.294506870012258,"ordinario"
296,-75.9749984499067,3.924999313429,43.8154029846191,46.4887651769788,-2.6733621923597,0.293972094540942,"ordinario"
297,-75.9249984491616,3.924999313429,44.1427230834961,48.8525301267746,-4.70980704327852,0.292677878949831,"ordinario"
298,-75.8749984484166,3.924999313429,43.3597450256348,43.1908898214604,0.168855204174342,0.293909146111887,"ordinario"
299,-75.8249984476715,3.924999313429,39.7582778930664,42.6507326700716,-2.89245477700518,0.388949506232486,"ordinario"
300,-77.2749984692782,3.87499931268394,137.291000366211,131.033291393122,6.25770897308939,0.417457577509398,"ordinario"
301,-77.2249984685331,3.87499931268394,124.320251464844,124.436700475214,-0.116449010370673,0.326778587854817,"ordinario"
302,-77.1749984677881,3.87499931268394,112.044044494629,111.036617601894,1.00742689273451,0.322646336566406,"ordinario"
303,-77.124998467043,3.87499931268394,101.281120300293,96.6491166096192,4.63200369067373,0.335506715590783,"ordinario"
304,-77.0249984655529,3.87499931268394,66.0774230957031,71.8604947968099,-5.78307170110682,0.31094981018694,"ordinario"
305,-76.9749984648078,3.87499931268394,65.6389236450195,63.4210770670081,2.21784657801138,0.29451232553068,"ordinario"
306,-76.9249984640628,3.87499931268394,53.4119186401367,56.0141205683062,-2.60220192816948,0.294483804624027,"ordinario"
307,-76.8749984633177,3.87499931268394,49.602653503418,50.2760767225111,-0.673423219093145,0.294482433408095,"ordinario"
308,-76.8249984625727,3.87499931268394,48.9705810546875,45.224530356399,3.74605069828851,0.294487172661865,"ordinario"
309,-76.7749984618276,3.87499931268394,38.6488876342773,40.251949791339,-1.6030621570617,0.294463531641583,"ordinario"
310,-76.7249984610826,3.87499931268394,31.2499408721924,32.4904485630291,-1.24050769083676,0.294458287306341,"ordinario"
311,-76.6749984603375,3.87499931268394,23.7404613494873,18.1880141801287,5.55244716935857,0.294458287306341,"ordinario"
312,-76.6249984595924,3.87499931268394,5.55035543441772,11.8539519724228,-6.30359653800511,0.294465778229222,"ordinario"
313,-76.5749984588474,3.87499931268394,16.2427845001221,11.3523611961532,4.89042330396891,0.294478487448321,"ordinario"
314,-76.5249984581023,3.87499931268394,16.3427066802979,14.0314514030389,2.31125527725893,0.294472527939954,"ordinario"
315,-76.4749984573573,3.87499931268394,11.8923292160034,13.4453375573714,-1.55300834136797,0.294473614774096,"ordinario"
316,-76.4249984566122,3.87499931268394,13.854154586792,15.0979824209831,-1.24382783419115,0.294504055141574,"ordinario"
317,-76.3749984558672,3.87499931268394,16.7936038970947,18.4338979723798,-1.6402940752851,0.29454504549698,"ordinario"
318,-76.3249984551221,3.87499931268394,20.2327213287354,22.6790497874758,-2.44632845874045,0.294573270583379,"ordinario"
319,-76.2749984543771,3.87499931268394,31.0517539978027,27.1737698886674,3.8779841091353,0.294567216907534,"ordinario"
320,-76.224998453632,3.87499931268394,32.8496131896973,33.5218536830557,-0.672240493358409,0.294567216907539,"ordinario"
321,-76.1749984528869,3.87499931268394,37.5868377685547,47.6482718313129,-10.0614340627582,0.294567216907538,"ordinario"
322,-76.1249984521419,3.87499931268394,60.5447120666504,49.0968682810085,11.4478437856419,0.294558337533302,"ordinario"
323,-76.0749984513968,3.87499931268394,46.6586494445801,51.3177021444231,-4.65905269984307,0.294487922963288,"ordinario"
324,-76.0249984506518,3.87499931268394,49.453239440918,46.6297533700859,2.82348607083211,0.294460648449816,"ordinario"
325,-75.9749984499067,3.87499931268394,54.864372253418,50.2908163797367,4.57355587368125,0.293347218444091,"ordinario"
326,-75.9249984491616,3.87499931268394,58.0098075866699,50.8721797867323,7.13762779993767,0.292945056253611,"ordinario"
327,-75.8749984484166,3.87499931268394,50.525764465332,47.2919224451727,3.23384202015936,0.318407968015775,"ordinario"
328,-77.074998466298,3.82499931193888,83.455451965332,85.6067792789553,-2.15132731362326,0.332937518903084,"ordinario"
329,-77.0249984655529,3.82499931193888,71.251350402832,73.9555553954843,-2.70420499265224,0.295686741345958,"ordinario"
330,-76.9749984648078,3.82499931193888,71.8927154541016,64.3639008913723,7.52881456272929,0.294515517872665,"ordinario"
331,-76.9249984640628,3.82499931193888,55.7495574951172,58.3078300219437,-2.55827252682646,0.294479975286102,"ordinario"
332,-76.8749984633177,3.82499931193888,52.6954612731934,49.2280868125905,3.46737446060288,0.294466456106957,"ordinario"
333,-76.8249984625727,3.82499931193888,44.0332221984863,45.775193028383,-1.74197082989665,0.29445929851562,"ordinario"
334,-76.7749984618276,3.82499931193888,39.5233268737793,38.035432534413,1.48789433936631,0.294453303436203,"ordinario"
335,-76.7249984610826,3.82499931193888,30.3503532409668,30.7766326395337,-0.426279398566951,0.294462687899144,"ordinario"
336,-76.6749984603375,3.82499931193888,24.6713180541992,17.8179903826118,6.85332767158743,0.294462691947006,"ordinario"
337,-76.6249984595924,3.82499931193888,5.47906732559204,14.8173646838627,-9.33829735827069,0.294453303436204,"ordinario"
338,-76.5749984588474,3.82499931193888,15.568021774292,11.6486358446199,3.9193859296721,0.294466305448346,"ordinario"
339,-76.5249984581023,3.82499931193888,15.213770866394,14.3473605520485,0.866410314345508,0.29449550772964,"ordinario"
340,-76.4749984573573,3.82499931193888,10.4526443481445,16.0222537202889,-5.56960937214439,0.294521917240591,"ordinario"
341,-76.4249984566122,3.82499931193888,19.3844718933105,16.826744757897,2.55772713541353,0.294547268894467,"ordinario"
342,-76.3749984558672,3.82499931193888,26.1010665893555,20.196056025532,5.9050105638235,0.294564357685633,"ordinario"
343,-76.3249984551221,3.82499931193888,22.9538249969482,24.7397792497619,-1.78595425281361,0.294567216907537,"ordinario"
344,-76.2749984543771,3.82499931193888,23.9792537689209,28.2091451974949,-4.22989142857401,0.294567216907538,"ordinario"
345,-76.224998453632,3.82499931193888,25.3645896911621,36.3412079278665,-10.9766182367044,0.294567216907537,"ordinario"
346,-76.1749984528869,3.82499931193888,45.9644317626953,42.5375442421123,3.426887520583,0.294570577998906,"ordinario"
347,-76.1249984521419,3.82499931193888,59.5826644897461,53.816772924056,5.76589156569012,0.294520000948206,"ordinario"
348,-76.0749984513968,3.82499931193888,54.6681518554688,53.5333703299068,1.13478152556195,0.294479796250639,"ordinario"
349,-76.0249984506518,3.82499931193888,48.8652381896973,53.0243191143334,-4.15908092463616,0.294438057415438,"ordinario"
350,-75.9749984499067,3.82499931193888,51.9298286437988,52.5515223302746,-0.621693686475737,0.293133333918141,"ordinario"
351,-75.9249984491616,3.82499931193888,54.0883407592773,51.5200900945613,2.56825066471605,0.293806825761263,"ordinario"
352,-75.8749984484166,3.82499931193888,45.9959907531738,50.1351047919017,-4.13911403872783,0.392467439965459,"ordinario"
353,-77.124998467043,3.77499931119382,109.433410644531,100.597710146715,8.83570049781667,0.350359637618695,"ordinario"
354,-77.074998466298,3.77499931119382,86.9602279663086,88.394495755367,-1.43426778905841,0.295672432804079,"ordinario"
355,-77.0249984655529,3.77499931119382,72.8102722167969,76.2885942779839,-3.47832206118701,0.294499277465033,"ordinario"
356,-76.9749984648078,3.77499931119382,70.2448425292969,66.3109416671349,3.93390086216199,0.294461634900272,"ordinario"
357,-76.9249984640628,3.77499931119382,51.6150169372559,58.145829965838,-6.53081302858213,0.294500348386456,"ordinario"
358,-76.8749984633177,3.77499931119382,48.0180053710938,48.823721345305,-0.80571597421126,0.294524035297929,"ordinario"
359,-76.8249984625727,3.77499931119382,44.0827484130859,43.1471025298186,0.935645883267298,0.294524900671374,"ordinario"
360,-76.7749984618276,3.77499931119382,36.7632141113281,36.9005482517825,-0.13733414045435,0.294524657723209,"ordinario"
361,-76.7249984610826,3.77499931119382,28.135913848877,28.0478036103606,0.0881102385163075,0.294514761899402,"ordinario"
362,-76.6749984603375,3.77499931119382,21.4693145751953,17.3094258526674,4.15988872252788,0.294526933755877,"ordinario"
363,-76.6249984595924,3.77499931119382,16.0627613067627,13.4697031695866,2.59305813717615,0.294524657723208,"ordinario"
364,-76.5749984588474,3.77499931119382,14.8105344772339,15.3533379439753,-0.542803466741411,0.294538092986818,"ordinario"
365,-76.5249984581023,3.77499931119382,16.4128131866455,15.8487795421619,0.564033644483615,0.29454972139502,"ordinario"
366,-76.4749984573573,3.77499931119382,19.2938613891602,16.5889560536287,2.70490533553144,0.294561708250264,"ordinario"
367,-76.4249984566122,3.77499931119382,21.9748821258545,21.7582795559252,0.216602569929329,0.294567216907519,"ordinario"
368,-76.3749984558672,3.77499931119382,24.1535015106201,26.7026380239268,-2.54913651330667,0.294567216907521,"ordinario"
369,-76.3249984551221,3.77499931119382,29.4709358215332,29.1463032768822,0.324632544651021,0.294567216907537,"ordinario"
370,-76.2749984543771,3.77499931119382,34.5023727416992,34.1450846233243,0.357288118374875,0.294567216907537,"ordinario"
371,-76.224998453632,3.77499931119382,45.7717666625977,35.4437351448426,10.328031517755,0.294567216907538,"ordinario"
372,-76.1749984528869,3.77499931119382,43.0041275024414,48.4250537809351,-5.42092627849368,0.294547992244219,"ordinario"
373,-76.1249984521419,3.77499931119382,55.1507148742676,51.4930728174156,3.65764205685201,0.294476034171661,"ordinario"
374,-76.0749984513968,3.77499931119382,49.3994522094727,53.6188762719204,-4.2194240624477,0.294467754023253,"ordinario"
375,-76.0249984506518,3.77499931119382,54.2912483215332,50.2690270968982,4.02222122463502,0.294159632123502,"ordinario"
376,-75.9749984499067,3.77499931119382,50.8941650390625,52.0947492699598,-1.20058423089728,0.293766551570565,"ordinario"
377,-75.9249984491616,3.77499931119382,46.8637008666992,48.9972978884026,-2.13359702170343,0.365785404388022,"ordinario"
378,-77.1749984677881,3.72499931044877,108.221168518066,112.495845740538,-4.27467722247111,0.454860383841047,"ordinario"
379,-77.124998467043,3.72499931044877,102.451461791992,106.796096122634,-4.34463433064165,0.296077141435842,"ordinario"
380,-77.074998466298,3.72499931044877,88.9898986816406,89.4210880808977,-0.431189399257079,0.294585406288403,"ordinario"
381,-77.0249984655529,3.72499931044877,72.9534072875977,77.7471458926857,-4.79373860508807,0.294455287756836,"ordinario"
382,-76.9749984648078,3.72499931044877,69.4604568481445,66.897494127991,2.56296272015349,0.294422557416646,"ordinario"
383,-76.9249984640628,3.72499931044877,53.8898048400879,55.7714822429607,-1.88167740287281,0.294488256170277,"ordinario"
384,-76.8749984633177,3.72499931044877,46.6550216674805,49.1661891088696,-2.51116744138908,0.294546794635857,"ordinario"
385,-76.8249984625727,3.72499931044877,44.7751235961914,44.1341235275676,0.641000068623789,0.294567216907521,"ordinario"
386,-76.7749984618276,3.72499931044877,35.8518486022949,37.3099995777379,-1.45815097544298,0.294567216907537,"ordinario"
387,-76.7249984610826,3.72499931044877,28.6642227172852,22.5497577835245,6.11446493376062,0.294567216907537,"ordinario"
388,-76.6749984603375,3.72499931044877,7.62136840820312,18.9379668623167,-11.3165984541136,0.294567216907537,"ordinario"
389,-76.6249984595924,3.72499931044877,17.2437610626221,14.1827896317492,3.06097143087287,0.294567216907536,"ordinario"
390,-76.5749984588474,3.72499931044877,17.9416370391846,17.2963315093357,0.645305529848851,0.294567216907537,"ordinario"
391,-76.5249984581023,3.72499931044877,16.4360084533691,17.7049396769801,-1.26893122361098,0.294567216907537,"ordinario"
392,-76.4749984573573,3.72499931044877,19.0714168548584,19.9186704566441,-0.847253601785731,0.294567216907537,"ordinario"
393,-76.4249984566122,3.72499931044877,24.7727928161621,23.0821428450681,1.69064997109405,0.29456721690752,"ordinario"
394,-76.3749984558672,3.72499931044877,28.8729248046875,26.5336029199926,2.33932188469491,0.294567216907522,"ordinario"
395,-76.3249984551221,3.72499931044877,32.1746406555176,32.6835008987226,-0.508860243205021,0.294567216907538,"ordinario"
396,-76.2749984543771,3.72499931044877,44.7571411132812,34.6914474435856,10.0656936696956,0.294567216907536,"ordinario"
397,-76.224998453632,3.72499931044877,35.7261238098145,43.7920150918858,-8.06589128207135,0.294562471079569,"ordinario"
398,-76.1749984528869,3.72499931044877,47.114631652832,45.2491562521524,1.86547540067968,0.294520667017732,"ordinario"
399,-76.1249984521419,3.72499931044877,50.5876274108887,48.8692976778064,1.71832973308224,0.294471692252796,"ordinario"
400,-76.0749984513968,3.72499931044877,44.5459671020508,50.6401299184483,-6.09416281639749,0.294450787559719,"ordinario"
401,-76.0249984506518,3.72499931044877,50.089771270752,49.2717987526788,0.817972518073113,0.293483319443623,"ordinario"
402,-75.9749984499067,3.72499931044877,50.6924743652344,46.4633531834287,4.22912118180567,0.317667286945482,"ordinario"
403,-77.124998467043,3.67499930970371,116.691162109375,100.575931293673,16.1152308157016,0.318254612072388,"ordinario"
404,-77.074998466298,3.67499930970371,89.0287933349609,88.2251467674811,0.803646567479831,0.294517755207549,"ordinario"
405,-77.0249984655529,3.67499930970371,72.7703628540039,75.5436736215267,-2.77331076752277,0.294445938661619,"ordinario"
406,-76.9749984648078,3.67499930970371,71.6829986572266,64.4303062763992,7.25269238082741,0.294444961431838,"ordinario"
407,-76.9249984640628,3.67499930970371,52.955509185791,56.646160003741,-3.69065081795001,0.294506301711422,"ordinario"
408,-76.8749984633177,3.67499930970371,50.1228408813477,48.3690794880597,1.75376139328792,0.294573270583361,"ordinario"
409,-76.8249984625727,3.67499930970371,49.6389694213867,45.7218871302197,3.91708229116706,0.294567216907521,"ordinario"
410,-76.7749984618276,3.67499930970371,36.7529983520508,37.0706544365596,-0.317656084508791,0.294567216907537,"ordinario"
411,-76.7249984610826,3.67499930970371,25.5578346252441,19.2137612990372,6.34407332620694,0.294567216907536,"ordinario"
412,-76.6749984603375,3.67499930970371,10.2715463638306,13.5574204830485,-3.28587411921796,0.294567216907537,"ordinario"
413,-76.6249984595924,3.67499930970371,18.8939456939697,12.456633498577,6.43731219539269,0.294567216907536,"ordinario"
414,-76.5749984588474,3.67499930970371,20.51611328125,18.1101949277583,2.40591835349166,0.294567216907537,"ordinario"
415,-76.5249984581023,3.67499930970371,17.9392623901367,19.5342092286358,-1.59494683849906,0.294567216907537,"ordinario"
416,-76.4749984573573,3.67499930970371,21.181453704834,19.5495492206427,1.6319044841913,0.294567216907536,"ordinario"
417,-76.4249984566122,3.67499930970371,21.9338550567627,21.547187303797,0.386667752965725,0.294567216907521,"ordinario"
418,-76.3749984558672,3.67499930970371,24.0716381072998,23.1851963329438,0.88644177435603,0.294567216907521,"ordinario"
419,-76.3249984551221,3.67499930970371,27.617618560791,26.813785283061,0.803833277729971,0.294567216907537,"ordinario"
420,-76.2749984543771,3.67499930970371,32.4900054931641,32.0061387993597,0.48386669380433,0.294567216907536,"ordinario"
421,-76.224998453632,3.67499930970371,34.9656219482422,37.6566023450608,-2.69098039681862,0.294549931305704,"ordinario"
422,-76.1749984528869,3.67499930970371,47.1539764404297,42.7424859689278,4.41149047150185,0.294489817317359,"ordinario"
423,-76.1249984521419,3.67499930970371,45.1452178955078,46.7230083439921,-1.57779044848429,0.294475743321504,"ordinario"
424,-76.0749984513968,3.67499930970371,46.3673706054688,45.4563843320374,0.910986273431391,0.294320341080464,"ordinario"
425,-76.0249984506518,3.67499930970371,47.9106521606445,42.9115428513786,4.99910930926598,0.293920909314065,"ordinario"
426,-75.9749984499067,3.67499930970371,40.7899436950684,42.4565935162109,-1.66664982114252,0.386806307337293,"ordinario"
427,-77.124998467043,3.62499930895865,105.390975952148,99.2667058524003,6.12427009974817,0.318335106088064,"ordinario"
428,-77.074998466298,3.62499930895865,78.0323333740234,84.4055160633382,-6.37318268931477,0.294517001044156,"ordinario"
429,-77.0249984655529,3.62499930895865,63.0008201599121,73.37507334398,-10.3742531840679,0.294463296631975,"ordinario"
430,-76.9749984648078,3.62499930895865,66.3847122192383,63.7907158196977,2.59399639954055,0.294466822804879,"ordinario"
431,-76.9249984640628,3.62499930895865,53.7761192321777,54.0691037519545,-0.292984519776802,0.294543000745219,"ordinario"
432,-76.8749984633177,3.62499930895865,39.8157348632812,50.0496324237571,-10.2338975604758,0.294567216907521,"ordinario"
433,-76.8249984625727,3.62499930895865,49.1134796142578,38.1822581227132,10.9312214915446,0.294567216907522,"ordinario"
434,-76.7749984618276,3.62499930895865,36.0041389465332,16.3227564119785,19.6813825345547,0.294567216907538,"ordinario"
435,-76.7249984610826,3.62499930895865,8.42455863952637,9.3053043370786,-0.880745697552232,0.294567216907536,"ordinario"
436,-76.6749984603375,3.62499930895865,7.62402200698853,3.60286624498272,4.02115576200581,0.294567216907538,"ordinario"
437,-76.6249984595924,3.62499930895865,6.13914728164673,8.22020626638981,-2.08105898474308,0.294567216907536,"ordinario"
438,-76.5749984588474,3.62499930895865,22.396110534668,14.7462751680721,7.64983536659588,0.294567216907538,"ordinario"
439,-76.5249984581023,3.62499930895865,19.7643585205078,21.8806899302283,-2.11633140972048,0.294567216907536,"ordinario"
440,-76.4749984573573,3.62499930895865,20.2499217987061,19.9694427864964,0.280479012209661,0.294567216907536,"ordinario"
441,-76.4249984566122,3.62499930895865,17.912956237793,18.6289838813852,-0.716027643592255,0.294567216907521,"ordinario"
442,-76.3749984558672,3.62499930895865,15.6854848861694,19.1892655027198,-3.5037806165504,0.294567216907521,"ordinario"
443,-76.3249984551221,3.62499930895865,19.1030406951904,20.5977361645017,-1.4946954693113,0.294567216907538,"ordinario"
444,-76.2749984543771,3.62499930895865,23.9127559661865,25.4323252717787,-1.51956930559218,0.294567216907537,"ordinario"
445,-76.224998453632,3.62499930895865,30.4362030029297,32.9793929481279,-2.54318994519824,0.294546757819039,"ordinario"
446,-76.1749984528869,3.62499930895865,43.8306045532227,38.9717994423582,4.85880511086448,0.294476779543921,"ordinario"
447,-76.1249984521419,3.62499930895865,39.6564102172852,44.1117690588247,-4.45535884153955,0.294473046917263,"ordinario"
448,-76.0749984513968,3.62499930895865,42.1005935668945,40.9356563512702,1.16493721562432,0.293786724219723,"ordinario"
449,-76.0249984506518,3.62499930895865,34.734447479248,38.7975053599291,-4.06305788068108,0.317409831675455,"ordinario"
450,-77.2249984685331,3.57499930821359,104.481994628906,97.5035578770303,6.97843675187593,0.379778895083346,"ordinario"
451,-77.1749984677881,3.57499930821359,101.918022155762,101.907910055935,0.0101120998266708,0.316891178176534,"ordinario"
452,-77.124998467043,3.57499930821359,94.389404296875,92.4424288953633,1.94697540151169,0.295556682416467,"ordinario"
453,-77.074998466298,3.57499930821359,76.498291015625,76.9343168749555,-0.436025859330499,0.294514772430092,"ordinario"
454,-77.0249984655529,3.57499930821359,68.2811584472656,66.6796660776175,1.60149236964808,0.294477792260335,"ordinario"
455,-76.9749984648078,3.57499930821359,69.7973175048828,60.5660291172488,9.23128838763403,0.294529988655363,"ordinario"
456,-76.9249984640628,3.57499930821359,51.5187225341797,54.8497121696098,-3.33098963543011,0.294550971819521,"ordinario"
457,-76.8749984633177,3.57499930821359,43.3147392272949,45.9532854803942,-2.63854625309929,0.294567216907521,"ordinario"
458,-76.8249984625727,3.57499930821359,39.599063873291,22.9521624276802,16.6469014456108,0.294567216907522,"ordinario"
459,-76.7749984618276,3.57499930821359,0,8.91493500545376,-8.91493500545376,0.294567216907538,"ordinario"
460,-76.7249984610826,3.57499930821359,0,0.147099017690119,-0.147099017690119,0.294567216907538,"ordinario"
461,-76.6749984603375,3.57499930821359,0,0.0398825859705301,-0.0398825859705301,0.294567216907539,"ordinario"
462,-76.6249984595924,3.57499930821359,0,2.85199459611258,-2.85199459611258,0.294567216907538,"ordinario"
463,-76.5749984588474,3.57499930821359,20.2238731384277,10.7159940906693,9.50787904775838,0.294567216907538,"ordinario"
464,-76.5249984581023,3.57499930821359,22.8708419799805,21.9620836417671,0.908758338213346,0.294567216907538,"ordinario"
465,-76.4749984573573,3.57499930821359,22.1200942993164,18.576929193424,3.54316510589245,0.294567216907537,"ordinario"
466,-76.4249984566122,3.57499930821359,16.6659278869629,17.8310559861292,-1.16512809916627,0.294567216907521,"ordinario"
467,-76.3749984558672,3.57499930821359,17.0402908325195,16.2742388337264,0.76605199879312,0.294567216907521,"ordinario"
468,-76.3249984551221,3.57499930821359,17.0966968536377,17.4117466925793,-0.31504983894164,0.294567216907538,"ordinario"
469,-76.2749984543771,3.57499930821359,22.57590675354,20.9076778829976,1.66822887054239,0.294567216907537,"ordinario"
470,-76.224998453632,3.57499930821359,28.2271270751953,30.2073984139967,-1.98027133880139,0.294521684021753,"ordinario"
471,-76.1749984528869,3.57499930821359,38.9379692077637,36.1799922895247,2.75797691823894,0.294497938883619,"ordinario"
472,-76.1249984521419,3.57499930821359,40.376823425293,36.5855097261644,3.79131369912856,0.29441814604909,"ordinario"
473,-76.0749984513968,3.57499930821359,40.2226715087891,34.8389990231311,5.38367248565794,0.293258301848421,"ordinario"
474,-76.0249984506518,3.57499930821359,27.3559188842773,35.453381207926,-8.09746232364867,0.328779247310428,"ordinario"
475,-77.3249984700232,3.52499930746853,89.8433837890625,92.3558754440544,-2.51249165499192,0.420210667732465,"ordinario"
476,-77.2749984692782,3.52499930746853,85.352912902832,94.4162688884215,-9.06335598558947,0.31758304317726,"ordinario"
477,-77.2249984685331,3.52499930746853,101.448608398438,94.2403422643936,7.20826613404387,0.293704526427459,"ordinario"
478,-77.1749984677881,3.52499930746853,96.6854705810547,93.9304337450484,2.75503683600633,0.293885893534514,"ordinario"
479,-77.124998467043,3.52499930746853,86.6201400756836,82.7192533491488,3.90088672653478,0.294501106331907,"ordinario"
480,-77.074998466298,3.52499930746853,65.4950180053711,72.5322635230785,-7.03724551770736,0.294492713894616,"ordinario"
481,-77.0249984655529,3.52499930746853,56.4869842529297,64.100233332171,-7.61324907924129,0.294496056544871,"ordinario"
482,-76.9749984648078,3.52499930746853,60.9668350219727,60.0443582534452,0.922476768527424,0.294533378705569,"ordinario"
483,-76.9249984640628,3.52499930746853,52.1507301330566,54.2474230876609,-2.09669295460431,0.294562064846007,"ordinario"
484,-76.8749984633177,3.52499930746853,46.3706817626953,45.7298391619971,0.640842600698235,0.294567216907521,"ordinario"
485,-76.8249984625727,3.52499930746853,39.4413719177246,21.6745042603797,17.7668676573449,0.294567216907522,"ordinario"
486,-76.7749984618276,3.52499930746853,0,9.88872310560848,-9.88872310560848,0.294567216907537,"ordinario"
487,-76.7249984610826,3.52499930746853,0,0.760533438609704,-0.760533438609704,0.294567216907538,"ordinario"
488,-76.6749984603375,3.52499930746853,0,0,0,0.294567216907538,"ordinario"
489,-76.6249984595924,3.52499930746853,0,3.94474774605077,-3.94474774605077,0.294567216907537,"ordinario"
490,-76.5749984588474,3.52499930746853,19.2619609832764,11.6443216017174,7.617639381559,0.294567216907538,"ordinario"
491,-76.5249984581023,3.52499930746853,22.7748432159424,19.9192038934754,2.85563932246697,0.294562214445714,"ordinario"
492,-76.4749984573573,3.52499930746853,16.8557167053223,19.8049433212162,-2.94922661589397,0.294551223401433,"ordinario"
493,-76.4249984566122,3.52499930746853,16.943452835083,18.8299403109364,-1.88648747585336,0.294538451324731,"ordinario"
494,-76.3749984558672,3.52499930746853,19.4053764343262,18.1790792100714,1.22629722425482,0.294524657723193,"ordinario"
495,-76.3249984551221,3.52499930746853,15.7522506713867,18.6478435704561,-2.89559289906937,0.294524657723208,"ordinario"
496,-76.2749984543771,3.52499930746853,18.2281036376953,21.6151395298782,-3.38703589218294,0.294533951233603,"ordinario"
497,-76.224998453632,3.52499930746853,30.7496929168701,28.4444954571773,2.30519745969285,0.294492977406123,"ordinario"
498,-76.1749984528869,3.52499930746853,35.9046287536621,33.1933432840065,2.7112854696556,0.294492180022621,"ordinario"
499,-76.1249984521419,3.52499930746853,25.3380661010742,36.2784167600443,-10.94035065897,0.293564003804177,"ordinario"
500,-76.0749984513968,3.52499930746853,34.5941162109375,31.7448695984083,2.84924661252919,0.293179444152004,"ordinario"
501,-76.0249984506518,3.52499930746853,35.7812538146973,31.4487432164666,4.33251059823062,0.331750731460671,"ordinario"
502,-77.3249984700232,3.47499930672347,97.4094696044922,92.0366035032155,5.37286610127664,0.318665245671284,"ordinario"
503,-77.2749984692782,3.47499930672347,89.436653137207,90.7524211120471,-1.31576797484007,0.293103166917184,"ordinario"
504,-77.2249984685331,3.47499930672347,91.2453002929688,86.9138359312897,4.33146436167907,0.293001391419331,"ordinario"
505,-77.1749984677881,3.47499930672347,80.9964370727539,85.3145350957399,-4.31809802298598,0.294385468837848,"ordinario"
506,-77.124998467043,3.47499930672347,72.7054977416992,79.4257615292976,-6.72026378759843,0.294476819888792,"ordinario"
507,-77.074998466298,3.47499930672347,70.9037094116211,67.0842621772011,3.81944723442004,0.294486850374101,"ordinario"
508,-77.0249984655529,3.47499930672347,56.0884780883789,64.4274254906728,-8.3389474022939,0.294520343625575,"ordinario"
509,-76.9749984648078,3.47499930672347,63.0850219726562,57.8397796164236,5.24524235623265,0.294558063409804,"ordinario"
510,-76.9249984640628,3.47499930672347,53.5232086181641,51.4420679110665,2.08114070709755,0.294567216907538,"ordinario"
511,-76.8749984633177,3.47499930672347,42.7268524169922,44.74256639951,-2.01571398251781,0.294567216907521,"ordinario"
512,-76.8249984625727,3.47499930672347,38.0962753295898,36.5104799261358,1.58579540345402,0.294567216907521,"ordinario"
513,-76.7749984618276,3.47499930672347,36.5349464416504,21.0563004220389,15.4786460196115,0.294567216907539,"ordinario"
514,-76.7249984610826,3.47499930672347,35.9402160644531,7.71314240096838,28.2270736634847,0.294567216907537,"ordinario"
515,-76.6749984603375,3.47499930672347,0,16.0224770774347,-16.0224770774347,0.294567216907538,"ordinario"
516,-76.6249984595924,3.47499930672347,23.7277660369873,8.06784739703546,15.6599186399518,0.29457256896433,"ordinario"
517,-76.5749984588474,3.47499930672347,23.5036087036133,20.2030409263924,3.3005677772209,0.29455864720201,"ordinario"
518,-76.5249984581023,3.47499930672347,18.1182479858398,21.683350491408,-3.56510250556811,0.294531683476614,"ordinario"
519,-76.4749984573573,3.47499930672347,19.4583892822266,21.4258487334654,-1.96745945123879,0.294507503021984,"ordinario"
520,-76.4249984566122,3.47499930672347,23.708963394165,22.3748449862942,1.33411840787085,0.294481160521273,"ordinario"
521,-76.3749984558672,3.47499930672347,24.8592834472656,22.3603611504112,2.49892229685445,0.294467066058693,"ordinario"
522,-76.3249984551221,3.47499930672347,22.7978458404541,19.2347561985568,3.56308964189728,0.29445743092325,"ordinario"
523,-76.2749984543771,3.47499930672347,19.2123851776123,22.6827141321546,-3.4703289545423,0.294477398096283,"ordinario"
524,-76.224998453632,3.47499930672347,32.5945701599121,27.8984298713586,4.69614028855356,0.294473711843402,"ordinario"
525,-76.1749984528869,3.47499930672347,36.4790725708008,32.2165707898088,4.26250178099196,0.293314204888805,"ordinario"
526,-76.1249984521419,3.47499930672347,34.0552711486816,31.1202640118069,2.93500713687473,0.292833061646369,"ordinario"
527,-76.0749984513968,3.47499930672347,30.2135696411133,34.4783127421441,-4.26474310103082,0.294326807502439,"ordinario"
528,-76.0249984506518,3.47499930672347,34.1301689147949,34.8457621584314,-0.715593243636476,0.393073978380788,"ordinario"
529,-77.3749984707683,3.42499930597842,95.932373046875,91.7859826614332,4.14639038544176,0.390564468196044,"ordinario"
530,-77.3249984700232,3.42499930597842,96.8525924682617,94.150252808796,2.70233965946574,0.294530046960175,"ordinario"
531,-77.2749984692782,3.42499930597842,88.8366241455078,86.9987265713561,1.83789757415167,0.293095047445634,"ordinario"
532,-77.2249984685331,3.42499930597842,78.4573364257812,81.4343855570034,-2.97704913122213,0.293082329326279,"ordinario"
533,-77.1749984677881,3.42499930597842,77.7719039916992,78.4065621476737,-0.634658155974478,0.294403954392749,"ordinario"
534,-77.124998467043,3.42499930597842,76.4716567993164,76.5893313491041,-0.117674549787665,0.294493010036167,"ordinario"
535,-77.074998466298,3.42499930597842,74.8044281005859,69.3445677458418,5.45986035474414,0.294515698613761,"ordinario"
536,-77.0249984655529,3.42499930597842,63.5795593261719,64.4892287649773,-0.909669438805423,0.294543220915567,"ordinario"
537,-76.9749984648078,3.42499930597842,63.2893218994141,57.0723828526268,6.21693904678725,0.294558547894783,"ordinario"
538,-76.9249984640628,3.42499930597842,46.9136047363281,51.9469490356615,-5.03334429933334,0.294567216907537,"ordinario"
539,-76.8749984633177,3.42499930597842,38.0106658935547,43.6629846948811,-5.65231880132639,0.294567216907521,"ordinario"
540,-76.8249984625727,3.42499930597842,41.375675201416,39.5030631186187,1.87261208279732,0.294567216907521,"ordinario"
541,-76.7749984618276,3.42499930597842,37.9584579467773,40.1647392920033,-2.20628134522594,0.294567216907538,"ordinario"
542,-76.7249984610826,3.42499930597842,36.9788703918457,35.8253871640218,1.15348322782395,0.294567216907538,"ordinario"
543,-76.6749984603375,3.42499930597842,39.4863319396973,25.7748408134197,13.7114911262775,0.294567216907538,"ordinario"
544,-76.6249984595924,3.42499930597842,41.7290534973145,29.1983977268883,12.5306557704261,0.294558063409803,"ordinario"
545,-76.5749984588474,3.42499930597842,25.6516056060791,31.010758073737,-5.3591524676579,0.29452987120794,"ordinario"
546,-76.5249984581023,3.42499930597842,21.3834533691406,26.8834179732459,-5.4999646041053,0.294488252689323,"ordinario"
547,-76.4749984573573,3.42499930597842,29.6099681854248,25.5661984827861,4.04376970263871,0.294453212824357,"ordinario"
548,-76.4249984566122,3.42499930597842,30.768180847168,26.7270852648057,4.04109558236226,0.294457996646334,"ordinario"
549,-76.3749984558672,3.42499930597842,25.6893119812012,25.7940617386079,-0.104749757406683,0.294465708957189,"ordinario"
550,-76.3249984551221,3.42499930597842,21.3233547210693,23.8070733011759,-2.48371858010658,0.294466658525312,"ordinario"
551,-76.2749984543771,3.42499930597842,20.5349979400635,24.4913387762866,-3.95634083622317,0.294406415441985,"ordinario"
552,-76.224998453632,3.42499930597842,30.1856594085693,25.4241777516128,4.76148165695658,0.293244855641273,"ordinario"
553,-76.1749984528869,3.42499930597842,28.9459114074707,31.9673630092862,-3.02145160181546,0.292785638784475,"ordinario"
554,-76.1249984521419,3.42499930597842,32.8391342163086,33.9552393168782,-1.11610510056964,0.29301400622379,"ordinario"
555,-76.0749984513968,3.42499930597842,37.6504249572754,34.3229297679898,3.32749518928562,0.318519838679277,"ordinario"
556,-77.3749984707683,3.37499930523336,90.025749206543,91.4239594465328,-1.39821023998985,0.319954979722146,"ordinario"
557,-77.3249984700232,3.37499930523336,93.3141555786133,91.6704830023968,1.64367257621653,0.293655281789625,"ordinario"
558,-77.2749984692782,3.37499930523336,83.2269973754883,85.8409491968336,-2.61395182134532,0.293205630355864,"ordinario"
559,-77.2249984685331,3.37499930523336,75.3651733398438,79.3214360691116,-3.95626272926786,0.292971627552833,"ordinario"
560,-77.1749984677881,3.37499930523336,76.2275009155273,78.3705199544222,-2.14301903889481,0.294334981751993,"ordinario"
561,-77.124998467043,3.37499930523336,80.3951187133789,75.9344145062854,4.46070420709349,0.294499403068037,"ordinario"
562,-77.074998466298,3.37499930523336,67.9010543823242,70.6946351563039,-2.79358077397966,0.294492157947309,"ordinario"
563,-77.0249984655529,3.37499930523336,58.2589683532715,62.7814293459223,-4.52246099265083,0.294522893138636,"ordinario"
564,-76.9749984648078,3.37499930523336,55.7393074035645,57.7115295428927,-1.97222213932823,0.294536127336876,"ordinario"
565,-76.9249984640628,3.37499930523336,54.5424156188965,46.8655582284129,7.67685739048362,0.294546404489977,"ordinario"
566,-76.8749984633177,3.37499930523336,40.6076240539551,41.1742663827249,-0.566642328769852,0.294573658559767,"ordinario"
567,-76.8249984625727,3.37499930523336,40.1989974975586,37.0690185814894,3.12997891606915,0.294567216907522,"ordinario"
568,-76.7749984618276,3.37499930523336,35.9013175964355,36.2456334244225,-0.344315827986946,0.294567216907538,"ordinario"
569,-76.7249984610826,3.37499930523336,35.5749740600586,38.5607698111842,-2.98579575112557,0.294567216907538,"ordinario"
570,-76.6749984603375,3.37499930523336,43.7507972717285,39.8526579261718,3.89813934555673,0.294567796295834,"ordinario"
571,-76.6249984595924,3.37499930523336,35.5916213989258,41.9417705936872,-6.35014919476146,0.294515373767148,"ordinario"
572,-76.5749984588474,3.37499930523336,41.1748313903809,33.0264423603799,8.14838903000093,0.294478945186559,"ordinario"
573,-76.5249984581023,3.37499930523336,33.4431228637695,33.7634458390763,-0.320322975306723,0.294485064493011,"ordinario"
574,-76.4749984573573,3.37499930523336,34.0990562438965,32.0890986913878,2.00995755250868,0.294520410588706,"ordinario"
575,-76.4249984566122,3.37499930523336,29.4269256591797,32.0002611518408,-2.57333549266112,0.294620842367958,"ordinario"
576,-76.3749984558672,3.37499930523336,25.1908206939697,30.7101655850823,-5.51934489111256,0.294687980210005,"ordinario"
577,-76.3249984551221,3.37499930523336,30.4999465942383,27.4489298388953,3.05101675534298,0.294661850448065,"ordinario"
578,-76.2749984543771,3.37499930523336,30.8346977233887,26.7232023932742,4.11149533011447,0.293334220987313,"ordinario"
579,-76.224998453632,3.37499930523336,20.5699214935303,32.4729340196256,-11.9030125260953,0.292671576344399,"ordinario"
580,-76.1749984528869,3.37499930523336,29.7406921386719,29.3754456646545,0.365246474017358,0.292773037216788,"ordinario"
581,-76.1249984521419,3.37499930523336,34.7475242614746,32.9758191759567,1.77170508551789,0.293287906490153,"ordinario"
582,-76.0749984513968,3.37499930523336,38.01513671875,37.1115010227778,0.903635695972213,0.330342030878553,"ordinario"
583,-77.4249984715133,3.3249993044883,86.1931076049805,84.3276171421214,1.86549046285907,0.368888175008484,"ordinario"
584,-77.3749984707683,3.3249993044883,87.4037322998047,86.6991017619477,0.704630537857,0.294800021296697,"ordinario"
585,-77.3249984700232,3.3249993044883,90.5533218383789,88.0558717784327,2.49745005994623,0.293539315765224,"ordinario"
586,-77.2749984692782,3.3249993044883,84.516960144043,85.0230856057647,-0.506125461721709,0.293188907760412,"ordinario"
587,-77.2249984685331,3.3249993044883,84.5660934448242,76.5980194082249,7.96807403659936,0.293126785424629,"ordinario"
588,-77.1749984677881,3.3249993044883,76.442253112793,77.2563372290728,-0.814084116279858,0.29376406308434,"ordinario"
589,-77.124998467043,3.3249993044883,79.3999404907227,73.2431639676173,6.15677652310538,0.294495922804831,"ordinario"
590,-77.074998466298,3.3249993044883,66.9934463500977,64.8177251825922,2.17572116750543,0.294478375621584,"ordinario"
591,-77.0249984655529,3.3249993044883,55.5581130981445,56.1502785482087,-0.592165450064201,0.294442983806278,"ordinario"
592,-76.9749984648078,3.3249993044883,55.0771408081055,49.8580902023244,5.21905060578108,0.294465536772966,"ordinario"
593,-76.9249984640628,3.3249993044883,42.1159019470215,44.525066397498,-2.40916445047654,0.294488650087445,"ordinario"
594,-76.8749984633177,3.3249993044883,35.8449745178223,37.0124789537057,-1.16750443588343,0.294504935485495,"ordinario"
595,-76.8249984625727,3.3249993044883,33.5907173156738,33.4053225312103,0.185394784463504,0.294540920141449,"ordinario"
596,-76.7749984618276,3.3249993044883,30.3155841827393,32.0326191863521,-1.71703500361284,0.294524033568427,"ordinario"
597,-76.7249984610826,3.3249993044883,33.3652420043945,34.580656348855,-1.21541434446051,0.294500638180036,"ordinario"
598,-76.6749984603375,3.3249993044883,43.0384140014648,37.7216365437648,5.31677745770009,0.294509225154654,"ordinario"
599,-76.6249984595924,3.3249993044883,39.0565490722656,39.5058817090475,-0.449332636781826,0.294502062701359,"ordinario"
600,-76.5749984588474,3.3249993044883,34.3998489379883,40.2950180906446,-5.89516915265636,0.294469242707992,"ordinario"
601,-76.5249984581023,3.3249993044883,40.2225875854492,36.9312268180945,3.29136076735474,0.294467997439354,"ordinario"
602,-76.4749984573573,3.3249993044883,35.7351722717285,36.9863929865817,-1.25122071485317,0.295420595584139,"ordinario"
603,-76.4249984566122,3.3249993044883,34.3203392028809,36.2410157884154,-1.92067658553459,0.31827060530525,"ordinario"
604,-76.3749984558672,3.3249993044883,38.2754402160645,30.3280301415855,7.94741007447893,0.329051602984258,"ordinario"
605,-76.3249984551221,3.3249993044883,34.6532020568848,35.3805907448447,-0.727388687959959,0.328188768559834,"ordinario"
606,-76.2749984543771,3.3249993044883,34.3759231567383,35.2033199400674,-0.827396783329149,0.317423067157471,"ordinario"
607,-76.224998453632,3.3249993044883,41.4999694824219,30.0772807815119,11.42268870091,0.293971937989396,"ordinario"
608,-76.1749984528869,3.3249993044883,31.3194446563721,34.2757528078669,-2.9563081514948,0.293061283664119,"ordinario"
609,-76.1249984521419,3.3249993044883,32.5309104919434,36.3914425621146,-3.86053207017125,0.293678642566143,"ordinario"
610,-76.0749984513968,3.3249993044883,38.8117752075195,38.3864324976719,0.425342709847655,0.332567088007647,"ordinario"
611,-77.4749984722584,3.27499930374324,84.9586944580078,84.3813714240126,0.577323033995185,0.374182048308587,"ordinario"
612,-77.4249984715133,3.27499930374324,80.5054244995117,85.9079125576719,-5.40248805816023,0.312081686802532,"ordinario"
613,-77.3749984707683,3.27499930374324,82.0858688354492,85.5880530160875,-3.50218418063831,0.295112926239139,"ordinario"
614,-77.3249984700232,3.27499930374324,84.364631652832,86.7785461654312,-2.41391451259919,0.293485688680125,"ordinario"
615,-77.2749984692782,3.27499930374324,83.7819671630859,79.8601448018818,3.92182236120412,0.293285537615786,"ordinario"
616,-77.2249984685331,3.27499930374324,73.2004089355469,76.7371800257849,-3.53677109023798,0.293049211019918,"ordinario"
617,-77.1749984677881,3.27499930374324,69.2924041748047,71.9091923916812,-2.61678821687653,0.29287430499539,"ordinario"
618,-77.124998467043,3.27499930374324,69.5193634033203,66.7859509964834,2.73341240683695,0.294464548308741,"ordinario"
619,-77.074998466298,3.27499930374324,58.1672592163086,57.4863262722318,0.680932944076801,0.294518797126602,"ordinario"
620,-77.0249984655529,3.27499930374324,43.5560760498047,51.8231716164901,-8.26709556668545,0.294525538300761,"ordinario"
621,-76.9749984648078,3.27499930374324,50.2156372070312,42.7560128363648,7.4596243706665,0.294475793514681,"ordinario"
622,-76.9249984640628,3.27499930374324,31.7405624389648,39.6525552952784,-7.91199285631355,0.294486636016187,"ordinario"
623,-76.8749984633177,3.27499930374324,32.4746208190918,31.7610192084467,0.713601610645103,0.29450206701585,"ordinario"
624,-76.8249984625727,3.27499930374324,30.2711925506592,29.8884907178699,0.382701832789287,0.29452659796166,"ordinario"
625,-76.7749984618276,3.27499930374324,26.7608261108398,30.981796188911,-4.22097007807116,0.294509616946578,"ordinario"
626,-76.7249984610826,3.27499930374324,31.3364505767822,33.8779976730507,-2.54154709626846,0.294506715045298,"ordinario"
627,-76.6749984603375,3.27499930374324,36.7515563964844,38.5691080786107,-1.81755168212631,0.29443589316878,"ordinario"
628,-76.6249984595924,3.27499930374324,40.8857460021973,39.0007335089041,1.88501249329314,0.29408761962627,"ordinario"
629,-76.5749984588474,3.27499930374324,37.6101608276367,38.1275386932756,-0.517377865638835,0.29330173210635,"ordinario"
630,-76.5249984581023,3.27499930374324,40.8632202148438,39.1361941330856,1.72702608175817,0.29298211800905,"ordinario"
631,-76.4749984573573,3.27499930374324,37.5920333862305,39.6169099743465,-2.02487658811604,0.317497252780308,"ordinario"
632,-76.224998453632,3.27499930374324,32.7235946655273,38.9529993931937,-6.22940472766633,0.388285260334736,"ordinario"
633,-76.1749984528869,3.27499930374324,38.1824569702148,35.8108185063287,2.37163846388613,0.318305162174,"ordinario"
634,-76.1249984521419,3.27499930374324,40.0599479675293,39.0707524330603,0.989195534468962,0.295382001322766,"ordinario"
635,-76.0749984513968,3.27499930374324,41.0943450927734,40.8816291004871,0.212715992286377,0.333875056431767,"ordinario"
636,-77.5249984730035,3.22499930299818,80.8970489501953,81.8097185194962,-0.912669569300874,0.5474145042109,"ordinario"
637,-77.4749984722584,3.22499930299818,89.7057800292969,82.9996912402186,6.70608878907825,0.373475136311831,"ordinario"
638,-77.3749984707683,3.22499930299818,87.2820587158203,87.1871195586704,0.0949391571498808,0.31657935071485,"ordinario"
639,-77.3249984700232,3.22499930299818,88.7913665771484,85.3733707551741,3.41799582197437,0.293934332282759,"ordinario"
640,-77.2749984692782,3.22499930299818,75.2704162597656,78.6985454126286,-3.42812915286297,0.293345284270912,"ordinario"
641,-77.2249984685331,3.22499930299818,71.4514617919922,70.09522263961,1.35623915238222,0.293121761784085,"ordinario"
642,-77.1749984677881,3.22499930299818,66.2100067138672,64.8676063005454,1.34240041332177,0.29286779439199,"ordinario"
643,-77.124998467043,3.22499930299818,59.8446846008301,59.7280939721748,0.116590628655239,0.294162659382888,"ordinario"
644,-77.074998466298,3.22499930299818,52.0284881591797,51.2927776895435,0.735710469636139,0.309896546609288,"ordinario"
645,-77.0249984655529,3.22499930299818,42.0777473449707,46.4459733989476,-4.3682260539769,0.294544050030193,"ordinario"
646,-76.9749984648078,3.22499930299818,46.756477355957,40.7684447780551,5.98803257790196,0.293661380007053,"ordinario"
647,-76.9249984640628,3.22499930299818,33.6944808959961,33.1421025488918,0.55237834710428,0.293816386006872,"ordinario"
648,-76.8749984633177,3.22499930299818,28.622142791748,29.7450230928332,-1.12288030108514,0.293515409746307,"ordinario"
649,-76.8249984625727,3.22499930299818,29.1035423278809,29.1425999109642,-0.0390575830832987,0.293798356904716,"ordinario"
650,-76.7749984618276,3.22499930299818,31.2630443572998,30.0519904005133,1.21105395678655,0.293589699800565,"ordinario"
651,-76.7249984610826,3.22499930299818,38.1044425964355,34.7387243036999,3.36571829273563,0.29327163687443,"ordinario"
652,-76.6749984603375,3.22499930299818,38.1537818908691,38.5854783888965,-0.431696498027378,0.292835728467278,"ordinario"
653,-76.6249984595924,3.22499930299818,37.5181884765625,38.4109831473785,-0.892794670816038,0.292562938328515,"ordinario"
654,-76.5749984588474,3.22499930299818,34.6871490478516,38.2414517288842,-3.55430268103267,0.292610899251241,"ordinario"
655,-76.5249984581023,3.22499930299818,40.1716079711914,40.7136866902642,-0.542078719072805,0.293562476527092,"ordinario"
656,-76.4749984573573,3.22499930299818,42.5601234436035,39.2673656526498,3.2927577909537,0.383841225884329,"ordinario"
657,-76.1249984521419,3.22499930299818,43.9197387695312,41.297330894583,2.62240787494823,0.396949004222666,"ordinario"
658,-76.0749984513968,3.22499930299818,43.2468032836914,41.9528389806185,1.29396430307293,0.432855554515592,"ordinario"
659,-77.3749984707683,3.17499930225313,89.9794845581055,86.8710035583509,3.1084809997546,0.409701858719801,"ordinario"
660,-77.3249984700232,3.17499930225313,90.0232238769531,83.7021861226399,6.32103775431325,0.330986764983873,"ordinario"
661,-77.2749984692782,3.17499930225313,73.1831207275391,77.9866566351628,-4.80353590762371,0.318669878493751,"ordinario"
662,-77.2249984685331,3.17499930225313,67.800666809082,69.918345763617,-2.11767895453495,0.295265707685701,"ordinario"
663,-77.1749984677881,3.17499930225313,62.7416877746582,62.7610400862488,-0.0193523115906444,0.317622959850573,"ordinario"
664,-77.124998467043,3.17499930225313,52.9622230529785,57.5127930621418,-4.55057000916328,0.371651455691144,"ordinario"
665,-77.0249984655529,3.17499930225313,41.3160171508789,44.5150134994377,-3.19899634855882,0.354349700269376,"ordinario"
666,-76.9749984648078,3.17499930225313,42.3804550170898,39.063558452705,3.31689656438484,0.293627765841513,"ordinario"
667,-76.9249984640628,3.17499930225313,32.1148071289062,34.4345449488313,-2.31973781992502,0.292660392391003,"ordinario"
668,-76.8749984633177,3.17499930225313,31.1795272827148,27.3612684475276,3.81825883518722,0.292641299246351,"ordinario"
669,-76.8249984625727,3.17499930225313,29.3937168121338,25.1711865040381,4.22253030809571,0.292646935588399,"ordinario"
670,-76.7749984618276,3.17499930225313,26.6307601928711,29.4025875074198,-2.77182731454875,0.293088853284921,"ordinario"
671,-76.7249984610826,3.17499930225313,34.4330177307129,33.0232634999861,1.40975423072684,0.29322950390203,"ordinario"
672,-76.6749984603375,3.17499930225313,37.9107933044434,34.7510241619202,3.15976914252315,0.293258607093713,"ordinario"
673,-76.6249984595924,3.17499930225313,37.8245544433594,36.8083714983384,1.016182945021,0.294077784259533,"ordinario"
674,-76.5749984588474,3.17499930225313,37.0023727416992,39.1573705920949,-2.15499785039572,0.309953095768579,"ordinario"
675,-76.5249984581023,3.17499930225313,43.6347198486328,38.9107507342995,4.72396911433336,0.3191624812863,"ordinario"
676,-77.2249984685331,3.12499930150807,74.5314788818359,65.2581563838187,9.27332249801727,0.491694025598527,"ordinario"
677,-76.9749984648078,3.12499930150807,38.2581481933594,38.2193227446606,0.0388254486988089,0.389368461293552,"ordinario"
678,-76.9249984640628,3.12499930150807,33.859733581543,30.3885760097821,3.47115757176089,0.317695929454888,"ordinario"
679,-76.8749984633177,3.12499930150807,24.0009899139404,27.052273365458,-3.05128345151754,0.295001878863694,"ordinario"
680,-76.8249984625727,3.12499930150807,23.9775505065918,26.1336761513645,-2.15612564477268,0.317896840121155,"ordinario"
681,-76.7749984618276,3.12499930150807,26.4162425994873,28.3567765984782,-1.94053399899094,0.330057908453408,"ordinario"
682,-76.7249984610826,3.12499930150807,35.7253799438477,30.232755570221,5.49262437362669,0.331798138101096,"ordinario"
683,-76.6749984603375,3.12499930150807,33.098258972168,36.8145748930219,-3.71631592085398,0.332168716830187,"ordinario"
684,-76.6249984595924,3.12499930150807,36.5456352233887,36.7177442938028,-0.172109070414102,0.378305358254847,"ordinario"
685,-76.5249984581023,3.12499930150807,43.1290168762207,39.9600445266246,3.16897234959612,0.510131592964536,"ordinario"
686,-76.8749984633177,3.07499930076301,22.4656867980957,29.7012860915576,-7.23559929346185,0.489941267387519,"ordinario"
