"x","y","predicho_raiz","varianza"
-76.0749984513968,4.97499932907522,6.05319380516764,-4.44089209850063e-16
-76.0749984513968,4.92499932833016,5.9313721205075,-2.22044604925031e-16
-76.0249984506518,4.92499932833016,6.27551797499555,3.10245166669381e-32
-76.1249984521419,4.8749993275851,6.33429934847446,0
-76.0749984513968,4.8749993275851,6.12847023574562,-4.44089209850063e-16
-76.0249984506518,4.8749993275851,5.94906325459544,-2.22044604925031e-16
-76.224998453632,4.82499932684005,7.03309383376276,-2.22044604925031e-16
-76.1749984528869,4.82499932684005,6.199186443973,-2.22044604925031e-16
-76.1249984521419,4.82499932684005,6.20608995429102,-2.22044604925031e-16
-76.0749984513968,4.82499932684005,6.00948950251272,-6.66133814775094e-16
-76.0249984506518,4.82499932684005,5.90687323617349,-4.44089209850063e-16
-75.9749984499067,4.82499932684005,6.2544893544526,-4.44089209850063e-16
-75.9249984491616,4.82499932684005,6.57393529125615,-4.44089209850063e-16
-76.224998453632,4.77499932609499,6.93247405131588,-2.22044604925031e-16
-76.1749984528869,4.77499932609499,7.04415617806607,8.10053310883823e-33
-76.1249984521419,4.77499932609499,5.89060686751188,0
-76.0749984513968,4.77499932609499,5.95707991783398,-2.22044604925031e-16
-76.0249984506518,4.77499932609499,6.30774229935237,7.85881124632002e-33
-75.9749984499067,4.77499932609499,6.23777490900639,-2.22044604925031e-16
-76.2749984543771,4.72499932534993,7.14550133945057,-2.22044604925031e-16
-76.224998453632,4.72499932534993,7.15501186537808,9.99906393684071e-32
-76.1749984528869,4.72499932534993,5.80623165657423,-2.22044604925031e-16
-76.1249984521419,4.72499932534993,5.06646667303262,0
-76.0749984513968,4.72499932534993,6.4109470918692,-2.22044604925031e-16
-76.0249984506518,4.72499932534993,6.3593450072235,-2.22044604925031e-16
-75.9749984499067,4.72499932534993,7.31703632205896,-2.22044604925031e-16
-75.9249984491616,4.72499932534993,6.90529684678626,-2.22044604925031e-16
-75.8749984484166,4.72499932534993,7.32438489394891,-2.22044604925031e-16
-75.8249984476715,4.72499932534993,7.71733543623391,7.85287476721708e-33
-76.2749984543771,4.67499932460487,6.18493414187697,2.22044604925031e-16
-76.224998453632,4.67499932460487,5.71658100623781,-4.44089209850063e-16
-76.1749984528869,4.67499932460487,5.8000558521607,-4.44089209850063e-16
-76.1249984521419,4.67499932460487,5.52577153683271,-2.22044604925031e-16
-76.0749984513968,4.67499932460487,5.62961660187498,-4.44089209850063e-16
-76.0249984506518,4.67499932460487,6.30036893702867,-2.22044604925031e-16
-75.9749984499067,4.67499932460487,7.82293468190509,3.1538495335459e-32
-75.9249984491616,4.67499932460487,6.64445776340903,-2.22044604925031e-16
-75.8749984484166,4.67499932460487,6.76253475948856,-2.22044604925031e-16
-75.8249984476715,4.67499932460487,7.29692022076793,-2.22044604925031e-16
-75.7749984469265,4.67499932460487,6.5354991761304,-2.22044604925031e-16
-75.7249984461814,4.67499932460487,7.82687934512876,-4.44089209850063e-16
-76.2749984543771,4.62499932385981,6.55210765678448,-4.44089209850063e-16
-76.224998453632,4.62499932385981,6.486312539973,2.06606568720251e-33
-76.1749984528869,4.62499932385981,6.04967818231839,-2.22044604925031e-16
-76.1249984521419,4.62499932385981,5.73952159629153,-4.44089209850063e-16
-76.0749984513968,4.62499932385981,5.89709020726304,2.22044604925031e-16
-76.0249984506518,4.62499932385981,5.90834355463275,7.19025428326181e-32
-75.9749984499067,4.62499932385981,6.92829187697224,0
-75.9249984491616,4.62499932385981,7.20143700140839,8.00407992453341e-33
-75.8749984484166,4.62499932385981,7.2532004822925,7.11293647593424e-32
-76.3249984551221,4.57499932311476,6.41471876162716,-2.22044604925031e-16
-76.2749984543771,4.57499932311476,6.04904222709962,4.44089209850063e-16
-76.224998453632,4.57499932311476,6.33349291282517,4.44089209850063e-16
-76.1749984528869,4.57499932311476,5.44819221261696,2.22044604925031e-16
-76.1249984521419,4.57499932311476,5.88601398868953,2.22044604925031e-16
-76.0749984513968,4.57499932311476,6.00180376278519,6.66133814775094e-16
-76.0249984506518,4.57499932311476,5.68508256112492,-2.22044604925031e-16
-75.9749984499067,4.57499932311476,6.88414198194929,-4.44089209850062e-16
-75.9249984491616,4.57499932311476,7.78290243106419,8.02140891604503e-33
-75.8749984484166,4.57499932311476,7.41357677544846,-2.22044604925031e-16
-76.3249984551221,4.5249993223697,6.9162652079189,-2.22044604925031e-16
-76.2749984543771,4.5249993223697,6.60940068377471,0
-76.224998453632,4.5249993223697,6.17203106260363,-2.22044604925031e-16
-76.1749984528869,4.5249993223697,5.98853509990734,-2.22044604925031e-16
-76.1249984521419,4.5249993223697,6.29961265705331,3.46263303070547e-32
-76.0749984513968,4.5249993223697,6.28373615919766,-2.22044604925031e-16
-76.0249984506518,4.5249993223697,5.9063229833867,5.16278135202218e-32
-75.9749984499067,4.5249993223697,7.05763063261916,-2.22044604925031e-16
-75.9249984491616,4.5249993223697,7.48758891312374,5.01565940601365e-32
-75.8749984484166,4.5249993223697,7.05842107953233,-2.22044604925031e-16
-76.3749984558672,4.47499932162464,7.40993437085451,-2.22044604925031e-16
-76.3249984551221,4.47499932162464,7.44093435798711,7.52224415057858e-32
-76.2749984543771,4.47499932162464,6.8137648221997,-2.22044604925031e-16
-76.224998453632,4.47499932162464,6.98724128912975,-2.22044604925031e-16
-76.1749984528869,4.47499932162464,6.91607133379145,8.55380008560566e-33
-76.1249984521419,4.47499932162464,6.88171558104365,2.22044604925031e-16
-76.0749984513968,4.47499932162464,6.21081650334186,-2.22044604925031e-16
-76.0249984506518,4.47499932162464,7.09341013090011,1.88963444400057e-32
-75.9749984499067,4.47499932162464,7.73616589706201,8.31918602634169e-33
-75.9249984491616,4.47499932162464,7.67015189964151,-2.22044604925031e-16
-75.8749984484166,4.47499932162464,7.77696042383127,-2.22044604925031e-16
-76.4249984566122,4.42499932087958,7.44561504377758,-4.44089209850063e-16
-76.3749984558672,4.42499932087958,7.49158947161945,-6.66133814775094e-16
-76.3249984551221,4.42499932087958,7.77087347789005,-4.44089209850063e-16
-76.2749984543771,4.42499932087958,6.89615884648385,-2.22044604925031e-16
-76.224998453632,4.42499932087958,6.55972609250504,-2.22044604925031e-16
-76.1749984528869,4.42499932087958,6.9756211417852,-6.66133814775094e-16
-76.1249984521419,4.42499932087958,6.66931131676588,-2.22044604925031e-16
-76.0749984513968,4.42499932087958,6.39088465529195,-2.22044604925031e-16
-76.0249984506518,4.42499932087958,6.29008477473783,8.47465363737659e-33
-75.9749984499067,4.42499932087958,7.86992203010994,-4.44089209850063e-16
-75.9249984491616,4.42499932087958,8.04139490277787,-2.22044604925031e-16
-76.5249984581023,4.37499932013452,8.3538624493264,-2.22044604925031e-16
-76.4749984573573,4.37499932013452,7.62537920900034,-2.22044604925031e-16
-76.4249984566122,4.37499932013452,7.78421442026265,1.80377699660722e-32
-76.3749984558672,4.37499932013452,7.63286397676475,-6.66133814775094e-16
-76.3249984551221,4.37499932013452,7.68291926174995,-2.22044604925031e-16
-76.2749984543771,4.37499932013452,6.37236387314685,-6.66133814775094e-16
-76.224998453632,4.37499932013452,6.25547642150538,-2.22044604925031e-16
-76.1749984528869,4.37499932013452,6.78421419814977,-6.66133814775094e-16
-76.1249984521419,4.37499932013452,6.36301057636797,0
-76.0749984513968,4.37499932013452,6.2552925589103,-2.22044604925031e-16
-76.0249984506518,4.37499932013452,6.09455842744469,3.39253383300342e-32
-75.9749984499067,4.37499932013452,7.08611730580857,-4.44089209850063e-16
-75.9249984491616,4.37499932013452,7.03172958433881,-6.66133814775094e-16
-75.8749984484166,4.37499932013452,6.68277580745275,-2.22044604925031e-16
-75.8249984476715,4.37499932013452,6.65065505164467,7.79712742646532e-33
-76.5249984581023,4.32499931938946,7.77722750336906,3.0979157047716e-32
-76.4749984573573,4.32499931938946,7.75806745434846,-6.66133814775094e-16
-76.4249984566122,4.32499931938946,7.37924330887141,-6.66133814775094e-16
-76.3749984558672,4.32499931938946,7.28544423861073,-8.88178419700125e-16
-76.3249984551221,4.32499931938946,6.89055524518264,-2.22044604925031e-16
-76.2749984543771,4.32499931938946,6.22486523095518,-2.22044604925031e-16
-76.224998453632,4.32499931938946,6.48730990621968,-2.22044604925031e-16
-76.1749984528869,4.32499931938946,6.81703217264098,-2.22044604925031e-16
-76.1249984521419,4.32499931938946,6.48895969323208,3.4764108631482e-32
-76.0749984513968,4.32499931938946,6.38631855588692,-2.22044604925031e-16
-76.0249984506518,4.32499931938946,6.51313628092236,-2.22044604925031e-16
-75.9749984499067,4.32499931938946,7.4475545159349,-2.22044604925031e-16
-75.9249984491616,4.32499931938946,7.59171522217795,-4.44089209850063e-16
-75.8749984484166,4.32499931938946,7.49709772540009,-4.44089209850063e-16
-75.8249984476715,4.32499931938946,7.21047909355161,-2.22044604925031e-16
-76.5249984581023,4.27499931864441,8.34277200860707,-2.22044604925031e-16
-76.4749984573573,4.27499931864441,8.12525634361243,-2.22044604925031e-16
-76.4249984566122,4.27499931864441,7.27466255794942,2.22044604925031e-16
-76.3749984558672,4.27499931864441,6.54892132445611,-4.44089209850062e-16
-76.3249984551221,4.27499931864441,6.46217343595461,8.43008232185725e-33
-76.2749984543771,4.27499931864441,6.76893925706026,-6.66133814775094e-16
-76.224998453632,4.27499931864441,7.12100643202774,8.69823687846363e-33
-76.1749984528869,4.27499931864441,7.08136545408694,-8.88178419700125e-16
-76.1249984521419,4.27499931864441,6.63574154076984,-2.22044604925031e-16
-76.0749984513968,4.27499931864441,6.58568495586379,8.63771234766471e-33
-76.0249984506518,4.27499931864441,6.51704636400163,-2.22044604925031e-16
-75.9749984499067,4.27499931864441,8.1836422283767,-4.44089209850063e-16
-75.9249984491616,4.27499931864441,8.79377738118738,-2.22044604925031e-16
-75.8749984484166,4.27499931864441,9.27047031563377,-2.22044604925031e-16
-75.8249984476715,4.27499931864441,8.48776980885586,-2.22044604925031e-16
-77.2749984692782,4.22499931789935,10.631549925613,-4.44089209850063e-16
-76.4249984566122,4.22499931789935,7.14295704363035,-6.66133814775094e-16
-76.3749984558672,4.22499931789935,6.506346318744,-2.22044604925031e-16
-76.3249984551221,4.22499931789935,6.55619756424902,-6.66133814775094e-16
-76.2749984543771,4.22499931789935,6.61528425532937,-2.22044604925031e-16
-76.224998453632,4.22499931789935,6.83086530574241,-8.88178419700125e-16
-76.1749984528869,4.22499931789935,6.78357203233092,-8.88178419700125e-16
-76.1249984521419,4.22499931789935,6.60160063783362,-2.22044604925031e-16
-76.0749984513968,4.22499931789935,6.63592089818679,-6.66133814775094e-16
-76.0249984506518,4.22499931789935,6.57186512059781,0
-75.9749984499067,4.22499931789935,7.83101175955078,-6.66133814775094e-16
-75.9249984491616,4.22499931789935,8.31340951174432,-6.66133814775094e-16
-75.8749984484166,4.22499931789935,9.2139760215651,1.32419016394142e-31
-75.8249984476715,4.22499931789935,8.73570784497366,-2.22044604925031e-16
-77.3749984707683,4.17499931715429,10.2385170977461,-2.22044604925031e-16
-77.3249984700232,4.17499931715429,9.95782350222011,-4.44089209850063e-16
-77.2749984692782,4.17499931715429,9.9128796267844,-2.22044604925031e-16
-77.1749984677881,4.17499931715429,9.56857087150162,0
-76.4249984566122,4.17499931715429,6.6813354600913,-6.66133814775094e-16
-76.3749984558672,4.17499931715429,6.19205530657452,2.22044604925031e-16
-76.3249984551221,4.17499931715429,6.47643468567336,0
-76.2749984543771,4.17499931715429,6.37525071791758,-2.22044604925031e-16
-76.224998453632,4.17499931715429,6.2613964699893,2.1512963248553e-33
-76.1749984528869,4.17499931715429,6.6396572709393,-4.44089209850063e-16
-76.1249984521419,4.17499931715429,6.47759876312851,-4.44089209850063e-16
-76.0749984513968,4.17499931715429,7.06270848869533,0
-76.0249984506518,4.17499931715429,6.97655429818247,-4.44089209850062e-16
-75.9749984499067,4.17499931715429,7.27516935485668,-2.22044604925031e-16
-75.9249984491616,4.17499931715429,7.53224194590757,-4.44089209850063e-16
-75.8749984484166,4.17499931715429,8.49089639880698,7.43657505511899e-32
-77.4249984715133,4.12499931640923,10.1270109463754,-4.44089209850063e-16
-77.3749984707683,4.12499931640923,9.98366127388348,-4.44089209850063e-16
-77.3249984700232,4.12499931640923,9.77781660862158,-4.44089209850063e-16
-77.2749984692782,4.12499931640923,9.91910717422637,-4.44089209850063e-16
-77.2249984685331,4.12499931640923,9.75261437993179,-4.44089209850063e-16
-77.1749984677881,4.12499931640923,9.40168889883039,-6.66133814775094e-16
-77.124998467043,4.12499931640923,8.97946749461327,-4.44089209850063e-16
-76.4249984566122,4.12499931640923,6.47336402757454,-4.44089209850063e-16
-76.3749984558672,4.12499931640923,6.04024108203485,-6.66133814775094e-16
-76.3249984551221,4.12499931640923,6.32707751988443,7.41803868671144e-32
-76.2749984543771,4.12499931640923,6.09203044398335,-2.22044604925031e-16
-76.224998453632,4.12499931640923,6.15153640536121,-2.22044604925031e-16
-76.1749984528869,4.12499931640923,6.05568067711094,-2.22044604925031e-16
-76.1249984521419,4.12499931640923,6.31971464406211,-2.22044604925031e-16
-76.0749984513968,4.12499931640923,6.90323293384809,-6.66133814775094e-16
-76.0249984506518,4.12499931640923,6.83735587963686,-4.44089209850063e-16
-75.9749984499067,4.12499931640923,7.12064161345764,-2.22044604925031e-16
-75.9249984491616,4.12499931640923,7.45189754207202,-4.44089209850063e-16
-75.8749984484166,4.12499931640923,7.4221826108128,-2.22044604925031e-16
-77.4249984715133,4.07499931566417,10.7524950547463,-2.22044604925031e-16
-77.3749984707683,4.07499931566417,9.84714723124165,-6.66133814775094e-16
-77.3249984700232,4.07499931566417,10.0197345556859,-4.44089209850063e-16
-77.2749984692782,4.07499931566417,9.68357996229857,-6.66133814775094e-16
-77.2249984685331,4.07499931566417,9.75081611543322,-4.44089209850063e-16
-77.1749984677881,4.07499931566417,9.45039628424117,-2.22044604925031e-16
-77.124998467043,4.07499931566417,9.12775160180201,2.22044604925031e-16
-77.074998466298,4.07499931566417,8.97380534857326,-2.22044604925031e-16
-77.0249984655529,4.07499931566417,8.75221878258102,-2.22044604925031e-16
-76.9749984648078,4.07499931566417,9.11482277401268,-2.22044604925031e-16
-76.9249984640628,4.07499931566417,8.80915974830695,-2.22044604925031e-16
-76.4749984573573,4.07499931566417,6.18260662130376,-4.44089209850063e-16
-76.4249984566122,4.07499931566417,5.57294332432536,2.22044604925031e-16
-76.3749984558672,4.07499931566417,5.52351070717045,-4.44089209850063e-16
-76.3249984551221,4.07499931566417,5.54097707181688,8.24328482992344e-33
-76.2749984543771,4.07499931566417,5.72396062886195,-2.22044604925031e-16
-76.224998453632,4.07499931566417,5.62857704867718,-2.22044604925031e-16
-76.1749984528869,4.07499931566417,6.19619048200245,-2.22044604925031e-16
-76.1249984521419,4.07499931566417,6.10126927412412,-2.22044604925031e-16
-76.0749984513968,4.07499931566417,5.95743562920516,-2.22044604925031e-16
-76.0249984506518,4.07499931566417,6.20959903522141,-4.44089209850063e-16
-75.9749984499067,4.07499931566417,7.16934618279245,-2.22044604925031e-16
-75.9249984491616,4.07499931566417,6.97702452015078,-6.66133814775094e-16
-75.8749984484166,4.07499931566417,6.67333682481571,-6.66133814775094e-16
-75.8249984476715,4.07499931566417,6.51169883207812,1.89143391265326e-32
-77.4249984715133,4.02499931491912,11.9414752512727,-4.44089209850063e-16
-77.3749984707683,4.02499931491912,10.3667242295935,-4.44089209850063e-16
-77.3249984700232,4.02499931491912,10.2650582956925,-2.22044604925031e-16
-77.1749984677881,4.02499931491912,9.83401288631666,2.22044604925031e-16
-77.124998467043,4.02499931491912,9.3489126786983,-2.22044604925031e-16
-77.074998466298,4.02499931491912,8.66569934239432,-2.22044604925031e-16
-77.0249984655529,4.02499931491912,8.18258449549278,-6.66133814775094e-16
-76.9749984648078,4.02499931491912,8.46630959346067,-2.22044604925031e-16
-76.9249984640628,4.02499931491912,8.20969602888674,7.94598794491639e-33
-76.8749984633177,4.02499931491912,7.63655440600018,-4.44089209850063e-16
-76.5249984581023,4.02499931491912,5.69781430819091,-2.22044604925031e-16
-76.4749984573573,4.02499931491912,5.19363959203121,-2.22044604925031e-16
-76.4249984566122,4.02499931491912,4.93137240143114,-4.44089209850063e-16
-76.3749984558672,4.02499931491912,4.83971133293431,-6.66133814775094e-16
-76.3249984551221,4.02499931491912,5.04219126008198,8.39979114931479e-33
-76.2749984543771,4.02499931491912,5.36264712258572,-2.22044604925031e-16
-76.224998453632,4.02499931491912,5.36730583760099,-2.22044604925031e-16
-76.1749984528869,4.02499931491912,5.78983276020243,-2.22044604925031e-16
-76.1249984521419,4.02499931491912,5.70824096307944,-2.22044604925031e-16
-76.0749984513968,4.02499931491912,5.96904717948828,-2.22044604925031e-16
-76.0249984506518,4.02499931491912,5.96714657322228,-4.44089209850063e-16
-75.9749984499067,4.02499931491912,7.25537147165122,-2.22044604925031e-16
-75.9249984491616,4.02499931491912,7.51798051176922,-6.66133814775094e-16
-75.8749984484166,4.02499931491912,6.48226622336857,-4.44089209850063e-16
-75.8249984476715,4.02499931491912,6.15265004197886,-4.44089209850063e-16
-75.7749984469265,4.02499931491912,6.61077447598716,-2.22044604925031e-16
-77.3749984707683,3.97499931417406,12.1436020822984,-2.22044604925031e-16
-77.3249984700232,3.97499931417406,10.7983404509277,-4.44089209850063e-16
-77.2749984692782,3.97499931417406,10.8707951276134,-6.66133814775094e-16
-77.2249984685331,3.97499931417406,10.9488044957088,-4.44089209850063e-16
-77.1749984677881,3.97499931417406,10.3627062658527,-2.22044604925031e-16
-77.124998467043,3.97499931417406,10.0005317546607,-2.22044604925031e-16
-77.074998466298,3.97499931417406,9.08169102185305,-2.22044604925031e-16
-77.0249984655529,3.97499931417406,8.87662716845173,-2.22044604925031e-16
-76.9749984648078,3.97499931417406,8.68938134768905,-2.22044604925031e-16
-76.9249984640628,3.97499931417406,7.58907120601853,-2.22044604925031e-16
-76.8749984633177,3.97499931417406,7.49586194640617,7.21524125759409e-32
-76.8249984625727,3.97499931417406,7.26393865888802,-6.66133814775094e-16
-76.7749984618276,3.97499931417406,6.75588817209821,0
-76.7249984610826,3.97499931417406,6.50364377520297,-2.22044604925031e-16
-76.6749984603375,3.97499931417406,5.90103322696559,-2.22044604925031e-16
-76.6249984595924,3.97499931417406,5.02519079197273,-2.22044604925031e-16
-76.5749984588474,3.97499931417406,4.96803480075312,-2.22044604925031e-16
-76.5249984581023,3.97499931417406,4.45335264460627,1.78106557177537e-32
-76.4749984573573,3.97499931417406,4.47624761995211,-6.66133814775094e-16
-76.4249984566122,3.97499931417406,4.19763710220658,-4.44089209850062e-16
-76.3749984558672,3.97499931417406,4.36586068458579,-6.66133814775094e-16
-76.3249984551221,3.97499931417406,4.74353189281101,8.67029409553114e-33
-76.2749984543771,3.97499931417406,5.11856512497386,-2.22044604925031e-16
-76.224998453632,3.97499931417406,5.04252394436478,-2.22044604925031e-16
-76.1749984528869,3.97499931417406,5.85070778241195,-2.22044604925031e-16
-76.1249984521419,3.97499931417406,5.72040904843321,-2.22044604925031e-16
-76.0749984513968,3.97499931417406,6.0447521179718,-2.22044604925031e-16
-76.0249984506518,3.97499931417406,6.73099980221381,-4.44089209850063e-16
-75.9749984499067,3.97499931417406,6.84619960753133,-2.22044604925031e-16
-75.9249984491616,3.97499931417406,6.83568944862456,-6.66133814775094e-16
-75.8749984484166,3.97499931417406,6.47377268820921,-4.44089209850063e-16
-75.8249984476715,3.97499931417406,6.2765117632767,-2.22044604925031e-16
-77.2749984692782,3.924999313429,11.8080704068615,7.33881796714375e-33
-77.2249984685331,3.924999313429,11.0124829295413,-4.44089209850063e-16
-77.1749984677881,3.924999313429,10.0684349612221,-6.66133814775094e-16
-77.124998467043,3.924999313429,9.88255310924415,-2.22044604925031e-16
-77.074998466298,3.924999313429,8.95317783306837,-2.22044604925031e-16
-77.0249984655529,3.924999313429,8.16793745884131,-4.44089209850063e-16
-76.9749984648078,3.924999313429,8.34972153616187,0
-76.9249984640628,3.924999313429,6.99375009817987,-6.66133814775094e-16
-76.8749984633177,3.924999313429,6.96978888871968,0
-76.8249984625727,3.924999313429,7.04143847334661,-4.44089209850063e-16
-76.7749984618276,3.924999313429,6.20945866091178,-4.44089209850063e-16
-76.7249984610826,3.924999313429,5.98533778003084,3.32295377655034e-32
-76.6749984603375,3.924999313429,5.2086839278159,2.22044604925031e-16
-76.6249984595924,3.924999313429,2.2999402826269,2.22044604925031e-16
-76.5749984588474,3.924999313429,4.41237933720632,2.04970404659792e-31
-76.5249984581023,3.924999313429,3.91971835837375,0
-76.4749984573573,3.924999313429,3.84504603424096,-2.22044604925031e-16
-76.4249984566122,3.924999313429,4.03337857139586,-2.22044604925031e-16
-76.3749984558672,3.924999313429,4.1364826714978,-2.22044604925031e-16
-76.3249984551221,3.924999313429,4.48670138847742,3.67682408845445e-31
-76.2749984543771,3.924999313429,6.20207516797081,-6.66133814775094e-16
-76.224998453632,3.924999313429,5.95102732789257,7.85003211167629e-32
-76.1749984528869,3.924999313429,7.2655244553695,-6.66133814775094e-16
-76.1249984521419,3.924999313429,6.81061296838449,-6.66133814775094e-16
-76.0749984513968,3.924999313429,6.26683127951349,0
-76.0249984506518,3.924999313429,6.05761175602791,-6.66133814775094e-16
-75.9749984499067,3.924999313429,6.61932043223616,-4.44089209850063e-16
-75.9249984491616,3.924999313429,6.64399902795719,-8.88178419700125e-16
-75.8749984484166,3.924999313429,6.58481169249621,3.32270950962895e-32
-75.8249984476715,3.924999313429,6.30541655190729,7.38457240989819e-32
-77.2749984692782,3.87499931268394,11.7171242361857,-2.22044604925031e-16
-77.2249984685331,3.87499931268394,11.1498991683712,-4.44089209850063e-16
-77.1749984677881,3.87499931268394,10.5850859464923,-4.44089209850063e-16
-77.124998467043,3.87499931268394,10.0638521600972,7.65851243727221e-33
-77.0249984655529,3.87499931268394,8.12880207015174,4.44089209850063e-16
-76.9749984648078,3.87499931268394,8.10178521345879,2.04942589149603e-33
-76.9249984640628,3.87499931268394,7.30834582105532,4.44089209850063e-16
-76.8749984633177,3.87499931268394,7.04291512822765,2.22044604925031e-16
-76.8249984625727,3.87499931268394,6.99789833126257,-6.66133814775094e-16
-76.7749984618276,3.87499931268394,6.21682295342865,-2.22044604925031e-16
-76.7249984610826,3.87499931268394,5.59016465519508,0
-76.6749984603375,3.87499931268394,4.87241842922868,-2.22044604925031e-16
-76.6249984595924,3.87499931268394,2.35591923342413,-2.22044604925031e-16
-76.5749984588474,3.87499931268394,4.03023380216608,-2.22044604925031e-16
-76.5249984581023,3.87499931268394,4.04261136894184,-2.22044604925031e-16
-76.4749984573573,3.87499931268394,3.44852565830725,-2.22044604925031e-16
-76.4249984566122,3.87499931268394,3.72211694963928,-2.22044604925031e-16
-76.3749984558672,3.87499931268394,4.09799998744445,-2.22044604925031e-16
-76.3249984551221,3.87499931268394,4.49807973792544,-2.22044604925031e-16
-76.2749984543771,3.87499931268394,5.57241007085828,-2.22044604925031e-16
-76.224998453632,3.87499931268394,5.73145820796918,-2.22044604925031e-16
-76.1749984528869,3.87499931268394,6.13081053112512,2.22044604925031e-16
-76.1249984521419,3.87499931268394,7.7810482627118,4.44089209850063e-16
-76.0749984513968,3.87499931268394,6.8307136848634,-2.22044604925031e-16
-76.0249984506518,3.87499931268394,7.03229972632836,4.44089209850063e-16
-75.9749984499067,3.87499931268394,7.40704882213004,-2.22044604925031e-16
-75.9249984491616,3.87499931268394,7.61641697825624,-2.22044604925031e-16
-75.8749984484166,3.87499931268394,7.10814775207522,-2.22044604925031e-16
-77.074998466298,3.82499931193888,9.13539555604091,-2.22044604925031e-16
-77.0249984655529,3.82499931193888,8.44105149864826,-4.44089209850063e-16
-76.9749984648078,3.82499931193888,8.47895721501775,1.0095328823298e-31
-76.9249984640628,3.82499931193888,7.46656262915655,-6.66133814775094e-16
-76.8749984633177,3.82499931193888,7.25916395139229,-4.44089209850063e-16
-76.8249984625727,3.82499931193888,6.63575332562071,-6.66133814775094e-16
-76.7749984618276,3.82499931193888,6.28675805751894,-4.44089209850063e-16
-76.7249984610826,3.82499931193888,5.50911546810981,-2.22044604925031e-16
-76.6749984603375,3.82499931193888,4.96702305754657,3.37611402494434e-32
-76.6249984595924,3.82499931193888,2.34074076428639,7.58139101127456e-32
-76.5749984588474,3.82499931193888,3.94563325390133,-2.22044604925031e-16
-76.5249984581023,3.82499931193888,3.9004834144493,8.62907447613097e-33
-76.4749984573573,3.82499931193888,3.23305495594253,-2.22044604925031e-16
-76.4249984566122,3.82499931193888,4.402780018728,-2.22044604925031e-16
-76.3749984558672,3.82499931193888,5.10892029585073,-2.22044604925031e-16
-76.3249984551221,3.82499931193888,4.79101502783578,0
-76.2749984543771,3.82499931193888,4.89686162444079,-6.66133814775094e-16
-76.224998453632,3.82499931193888,5.03632700399429,3.48890316074502e-32
-76.1749984528869,3.82499931193888,6.77970735081503,-6.66133814775094e-16
-76.1249984521419,3.82499931193888,7.71898079345623,-6.66133814775094e-16
-76.0749984513968,3.82499931193888,7.39379143981413,2.13625559254405e-33
-76.0249984506518,3.82499931193888,6.99036752894276,-6.66133814775094e-16
-75.9749984499067,3.82499931193888,7.20623540024879,-4.44089209850063e-16
-75.9249984491616,3.82499931193888,7.35447759934568,-2.22044604925031e-16
-75.8749984484166,3.82499931193888,6.78203441108742,-2.22044604925031e-16
-77.124998467043,3.77499931119382,10.4610425218776,-2.22044604925031e-16
-77.074998466298,3.77499931119382,9.32524680457888,7.28389529492449e-32
-77.0249984655529,3.77499931119382,8.53289354303667,-2.22044604925031e-16
-76.9749984648078,3.77499931119382,8.38121963256523,-2.22044604925031e-16
-76.9249984640628,3.77499931119382,7.18435918765591,-2.22044604925031e-16
-76.8749984633177,3.77499931119382,6.92950253417183,-4.44089209850063e-16
-76.8249984625727,3.77499931119382,6.63948404720472,-8.88178419700125e-16
-76.7749984618276,3.77499931119382,6.06326761007034,2.16765598963607e-33
-76.7249984610826,3.77499931119382,5.30432972663625,-6.66133814775094e-16
-76.6749984603375,3.77499931119382,4.63349917181338,-2.22044604925031e-16
-76.6249984595924,3.77499931119382,4.0078374850738,-2.22044604925031e-16
-76.5749984588474,3.77499931119382,3.84844572226683,-2.22044604925031e-16
-76.5249984581023,3.77499931119382,4.05127303284357,-2.22044604925031e-16
-76.4749984573573,3.77499931119382,4.39247781885807,-4.44089209850063e-16
-76.4249984566122,3.77499931119382,4.68773742074516,7.85003211167631e-32
-76.3749984558672,3.77499931119382,4.91462119706291,-6.66133814775094e-16
-76.3249984551221,3.77499931119382,5.42871401176496,1.39556126429801e-31
-76.2749984543771,3.77499931119382,5.87387203994939,-2.22044604925031e-16
-76.224998453632,3.77499931119382,6.76548347589422,-2.22044604925031e-16
-76.1749984528869,3.77499931119382,6.55775323586069,-2.22044604925031e-16
-76.1249984521419,3.77499931119382,7.42635273026185,-6.66133814775094e-16
-76.0749984513968,3.77499931119382,7.0284743870539,-2.22044604925031e-16
-76.0249984506518,3.77499931119382,7.36825951779206,-6.66133814775094e-16
-75.9749984499067,3.77499931119382,7.13401465088645,-2.22044604925031e-16
-75.9249984491616,3.77499931119382,6.84570674705682,-2.22044604925031e-16
-77.1749984677881,3.72499931044877,10.4029403784731,-2.22044604925031e-16
-77.124998467043,3.72499931044877,10.1218309505737,4.8880162918357e-32
-77.074998466298,3.72499931044877,9.43344574806262,-2.22044604925031e-16
-77.0249984655529,3.72499931044877,8.54127667785078,-2.22044604925031e-16
-76.9749984648078,3.72499931044877,8.33429402217996,-2.22044604925031e-16
-76.9249984640628,3.72499931044877,7.34096756838551,-2.22044604925031e-16
-76.8749984633177,3.72499931044877,6.83044813079497,2.61434294645412e-31
-76.8249984625727,3.72499931044877,6.69142164238597,-2.22044604925031e-16
-76.7749984618276,3.72499931044877,5.98764132211465,1.06847659297816e-31
-76.7249984610826,3.72499931044877,5.35389789940798,-2.22044604925031e-16
-76.6749984603375,3.72499931044877,2.76068259823601,-2.22044604925031e-16
-76.6249984595924,3.72499931044877,4.15256078373599,-2.22044604925031e-16
-76.5749984588474,3.72499931044877,4.23575696177018,-2.22044604925031e-16
-76.5249984581023,3.72499931044877,4.05413473547305,-2.22044604925031e-16
-76.4749984573573,3.72499931044877,4.36708333500271,-4.44089209850063e-16
-76.4249984566122,3.72499931044877,4.97722742258801,3.48890316074503e-32
-76.3749984558672,3.72499931044877,5.37335321793454,-6.66133814775094e-16
-76.3249984551221,3.72499931044877,5.67226944489748,0
-76.2749984543771,3.72499931044877,6.69007781070454,-2.22044604925031e-16
-76.224998453632,3.72499931044877,5.97713341074251,-2.22044604925031e-16
-76.1749984528869,3.72499931044877,6.86400988146375,-2.22044604925031e-16
-76.1249984521419,3.72499931044877,7.11249797264566,-8.88178419700125e-16
-76.0749984513968,3.72499931044877,6.67427652274393,-2.22044604925031e-16
-76.0249984506518,3.72499931044877,7.07741275260614,-2.22044604925031e-16
-75.9749984499067,3.72499931044877,7.11986477155531,-2.22044604925031e-16
-77.124998467043,3.67499930970371,10.8023683564936,-2.22044604925031e-16
-77.074998466298,3.67499930970371,9.43550705235076,2.22044604925031e-16
-77.0249984655529,3.67499930970371,8.53055466274051,8.12341464002976e-33
-76.9749984648078,3.67499930970371,8.46658128510124,-2.22044604925031e-16
-76.9249984640628,3.67499930970371,7.277053606082,-2.22044604925031e-16
-76.8749984633177,3.67499930970371,7.07974864535088,-2.22044604925031e-16
-76.8249984625727,3.67499930970371,7.04549284446352,-2.22044604925031e-16
-76.7749984618276,3.67499930970371,6.0624251213562,2.18056447546564e-33
-76.7249984610826,3.67499930970371,5.05547570711641,-2.22044604925031e-16
-76.6749984603375,3.67499930970371,3.2049253289009,-2.22044604925031e-16
-76.6249984595924,3.67499930970371,4.34671665673871,-2.22044604925031e-16
-76.5749984588474,3.67499930970371,4.52947163378357,-2.22044604925031e-16
-76.5249984581023,3.67499930970371,4.23547664261494,-2.22044604925031e-16
-76.4749984573573,3.67499930970371,4.60233133366493,-4.44089209850063e-16
-76.4249984566122,3.67499930970371,4.68335937728066,2.18056447546564e-33
-76.3749984558672,3.67499930970371,4.90628557131562,-8.88178419700125e-16
-76.3249984551221,3.67499930970371,5.25524676497603,1.96250802791908e-32
-76.2749984543771,3.67499930970371,5.70000048185648,-2.22044604925031e-16
-76.224998453632,3.67499930970371,5.91317359361639,-2.22044604925031e-16
-76.1749984528869,3.67499930970371,6.8668753039814,0
-76.1249984521419,3.67499930970371,6.7190191170667,3.39971103056397e-32
-76.0749984513968,3.67499930970371,6.80935904512816,-2.22044604925031e-16
-76.0249984506518,3.67499930970371,6.92175210193521,-6.66133814775094e-16
-75.9749984499067,3.67499930970371,6.38670053275307,-4.44089209850063e-16
-77.124998467043,3.62499930895865,10.2660107126453,-4.44089209850062e-16
-77.074998466298,3.62499930895865,8.83359119350808,2.22044604925031e-16
-77.0249984655529,3.62499930895865,7.93730559824378,8.22608586849949e-33
-76.9749984648078,3.62499930895865,8.14768140143184,-2.22044604925031e-16
-76.9249984640628,3.62499930895865,7.33322024980688,-2.22044604925031e-16
-76.8749984633177,3.62499930895865,6.30997106675468,-4.44089209850063e-16
-76.8249984625727,3.62499930895865,7.0081009991479,-6.66133814775094e-16
-76.7749984618276,3.62499930895865,6.00034490229797,5.45141118866411e-32
-76.7249984610826,3.62499930895865,2.90250902488284,-2.22044604925031e-16
-76.6749984603375,3.62499930895865,2.76116316196427,-2.22044604925031e-16
-76.6249984595924,3.62499930895865,2.4777302681379,-2.22044604925031e-16
-76.5749984588474,3.62499930895865,4.73245290886956,-2.22044604925031e-16
-76.5249984581023,3.62499930895865,4.44571237491899,-2.22044604925031e-16
-76.4749984573573,3.62499930895865,4.49999131095895,-4.44089209850063e-16
-76.4249984566122,3.62499930895865,4.23237004972308,-2.22044604925031e-16
-76.3749984558672,3.62499930895865,3.96049048555472,-4.44089209850062e-16
-76.3249984551221,3.62499930895865,4.370702540232,-2.22044604925031e-16
-76.2749984543771,3.62499930895865,4.89006707174723,-2.22044604925031e-16
-76.224998453632,3.62499930895865,5.51690157633156,-2.22044604925031e-16
-76.1749984528869,3.62499930895865,6.6204686052592,0
-76.1249984521419,3.62499930895865,6.29733357995947,8.55820353631871e-33
-76.0749984513968,3.62499930895865,6.48849701910192,7.64473179333352e-32
-76.0249984506518,3.62499930895865,5.89359376605209,-2.22044604925031e-16
-77.2249984685331,3.57499930821359,10.2216434407049,-2.22044604925031e-16
-77.1749984677881,3.57499930821359,10.0954456145215,-2.22044604925031e-16
-77.124998467043,3.57499930821359,9.7154209531484,0
-77.074998466298,3.57499930821359,8.7463301455882,3.31978637115376e-32
-77.0249984655529,3.57499930821359,8.26324140076191,2.22044604925031e-16
-76.9749984648078,3.57499930821359,8.35447888888845,-2.22044604925031e-16
-76.9249984640628,3.57499930821359,7.17765438943529,2.22044604925031e-16
-76.8749984633177,3.57499930821359,6.58139341076758,8.72225790186257e-33
-76.8249984625727,3.57499930821359,6.29277870843168,-2.22044604925031e-16
-76.7749984618276,3.57499930821359,-1.77635683940025e-15,-2.22044604925031e-16
-76.7249984610826,3.57499930821359,-4.44089209850063e-15,0
-76.6749984603375,3.57499930821359,1.77635683940025e-15,-2.22044604925031e-16
-76.6249984595924,3.57499930821359,-1.77635683940025e-15,-2.22044604925031e-16
-76.5749984588474,3.57499930821359,4.49709607840746,-2.22044604925031e-16
-76.5249984581023,3.57499930821359,4.7823469112958,-2.22044604925031e-16
-76.4749984573573,3.57499930821359,4.70320043154833,-4.44089209850063e-16
-76.4249984566122,3.57499930821359,4.08239242197059,-2.22044604925031e-16
-76.3749984558672,3.57499930821359,4.12798871516378,-4.44089209850063e-16
-76.3249984551221,3.57499930821359,4.13481521396515,-2.22044604925031e-16
-76.2749984543771,3.57499930821359,4.7514110276359,-2.22044604925031e-16
-76.224998453632,3.57499930821359,5.31292076688476,-2.22044604925031e-16
-76.1749984528869,3.57499930821359,6.24002958388529,7.72154751094761e-32
-76.1249984521419,3.57499930821359,6.35427599536666,2.22044604925031e-16
-76.0749984513968,3.57499930821359,6.34213461768111,-2.22044604925031e-16
-76.0249984506518,3.57499930821359,5.23028860430066,1.67193096256182e-31
-77.3249984700232,3.52499930746853,9.47857498725745,-2.22044604925031e-16
-77.2749984692782,3.52499930746853,9.23866402153645,0
-77.2249984685331,3.52499930746853,10.0721699945165,3.09171646972597e-32
-77.1749984677881,3.52499930746853,9.83287702460753,-2.22044604925031e-16
-77.124998467043,3.52499930746853,9.30699414825665,-2.22044604925031e-16
-77.074998466298,3.52499930746853,8.09289923361036,-2.22044604925031e-16
-77.0249984655529,3.52499930746853,7.51578234470169,8.59539634427622e-33
-76.9749984648078,3.52499930746853,7.80812621708772,-2.22044604925031e-16
-76.9249984640628,3.52499930746853,7.22154624253398,0
-76.8749984633177,3.52499930746853,6.80960217359981,-2.22044604925031e-16
-76.8249984625727,3.52499930746853,6.28023661319577,-6.66133814775094e-16
-76.7749984618276,3.52499930746853,-3.5527136788005e-15,-2.22044604925031e-16
-76.7249984610826,3.52499930746853,0,-2.22044604925031e-16
-76.6749984603375,3.52499930746853,0,-2.22044604925031e-16
-76.6249984595924,3.52499930746853,-2.66453525910038e-15,-2.22044604925031e-16
-76.5749984588474,3.52499930746853,4.38884506257357,-2.22044604925031e-16
-76.5249984581023,3.52499930746853,4.77229957315573,-2.22044604925031e-16
-76.4749984573573,3.52499930746853,4.10557142250896,1.95351634208858e-32
-76.4249984566122,3.52499930746853,4.11624256271214,-2.22044604925031e-16
-76.3749984558672,3.52499930746853,4.40515339509604,-6.66133814775094e-16
-76.3249984551221,3.52499930746853,3.96891051440905,-2.22044604925031e-16
-76.2749984543771,3.52499930746853,4.26943832812881,-2.22044604925031e-16
-76.224998453632,3.52499930746853,5.54524056438223,-2.22044604925031e-16
-76.1749984528869,3.52499930746853,5.99204712545405,-2.22044604925031e-16
-76.1249984521419,3.52499930746853,5.0336930876916,1.03260060880156e-31
-76.0749984513968,3.52499930746853,5.88167630960235,3.33960090828697e-32
-76.0249984506518,3.52499930746853,5.98174337586437,1.86568475105482e-32
-77.3249984700232,3.47499930672347,9.86962357967578,7.43684632564796e-33
-77.2749984692782,3.47499930672347,9.45709538585749,8.05010307237436e-33
-77.2249984685331,3.47499930672347,9.55224059019499,-6.66133814775094e-16
-77.1749984677881,3.47499930672347,8.9998020574207,-2.22044604925031e-16
-77.124998467043,3.47499930672347,8.5267518869555,-8.88178419700125e-16
-77.074998466298,3.47499930672347,8.42043403938426,-4.44089209850062e-16
-77.0249984655529,3.47499930672347,7.4892241312688,-2.22044604925031e-16
-76.9749984648078,3.47499930672347,7.94260800824617,-2.22044604925031e-16
-76.9249984640628,3.47499930672347,7.31595575561827,-2.22044604925031e-16
-76.8749984633177,3.47499930672347,6.53657803571503,-4.44089209850063e-16
-76.8249984625727,3.47499930672347,6.1722180234977,-2.22044604925031e-16
-76.7749984618276,3.47499930672347,6.04441448294625,-4.44089209850063e-16
-76.7249984610826,3.47499930672347,5.99501593529602,-6.66133814775094e-16
-76.6749984603375,3.47499930672347,-6.21724893790088e-15,-6.66133814775094e-16
-76.6249984595924,3.47499930672347,4.87111548179545,-6.66133814775094e-16
-76.5749984588474,3.47499930672347,4.84805205248595,-8.88178419700125e-16
-76.5249984581023,3.47499930672347,4.25655353376882,-6.66133814775094e-16
-76.4749984573573,3.47499930672347,4.4111664310278,-6.66133814775094e-16
-76.4249984566122,3.47499930672347,4.86918508522371,-6.66133814775094e-16
-76.3749984558672,3.47499930672347,4.98590848765454,-8.88178419700125e-16
-76.3249984551221,3.47499930672347,4.77470897966087,-4.44089209850062e-16
-76.2749984543771,3.47499930672347,4.38319349077956,-8.88178419700125e-16
-76.224998453632,3.47499930672347,5.70916545214028,-4.44089209850063e-16
-76.1749984528869,3.47499930672347,6.03979077210468,-6.66133814775094e-16
-76.1249984521419,3.47499930672347,5.83568943216495,-6.66133814775094e-16
-76.0749984513968,3.47499930672347,5.49668715146799,2.08811321632017e-33
-76.0249984506518,3.47499930672347,5.84210312428623,-2.22044604925031e-16
-77.3749984707683,3.42499930597842,9.79450728964326,2.97732958581445e-32
-77.3249984700232,3.42499930597842,9.84137147293312,-4.44089209850063e-16
-77.2749984692782,3.42499930597842,9.42531825168296,-1.55431223447522e-15
-77.2249984685331,3.42499930597842,8.8576146013349,-4.44089209850063e-16
-77.1749984677881,3.42499930597842,8.81883801822549,-4.44089209850063e-16
-77.124998467043,3.42499930597842,8.74480741922407,0
-77.074998466298,3.42499930597842,8.64895531845239,0
-77.0249984655529,3.42499930597842,7.97367915871788,2.22044604925031e-16
-76.9749984648078,3.42499930597842,7.95545862282082,-2.22044604925031e-16
-76.9249984640628,3.42499930597842,6.84935067990595,2.22044604925032e-16
-76.8749984633177,3.42499930597842,6.16527906047688,1.06847659297816e-31
-76.8249984625727,3.42499930597842,6.43239264981671,7.85003211167631e-32
-76.7749984618276,3.42499930597842,6.16104357611414,-4.44089209850063e-16
-76.7249984610826,3.42499930597842,6.08102543917107,1.76625722512717e-31
-76.6749984603375,3.42499930597842,6.28381507841353,-2.22044604925031e-16
-76.6249984595924,3.42499930597842,6.45980289926206,-2.22044604925031e-16
-76.5749984588474,3.42499930597842,5.06474141551956,-2.22044604925031e-16
-76.5249984581023,3.42499930597842,4.62422462356022,-2.22044604925031e-16
-76.4749984573573,3.42499930597842,5.44150422084048,-4.44089209850063e-16
-76.4249984566122,3.42499930597842,5.54690732274913,1.87564119323163e-32
-76.3749984558672,3.42499930597842,5.06846248690874,-8.88178419700125e-16
-76.3249984551221,3.42499930597842,4.61772181070594,-2.22044604925031e-16
-76.2749984543771,3.42499930597842,4.53155579686088,-2.22044604925031e-16
-76.224998453632,3.42499930597842,5.49414774178574,-2.22044604925031e-16
-76.1749984528869,3.42499930597842,5.38014046354467,1.29815898373581e-31
-76.1249984521419,3.42499930597842,5.73054397211195,0
-76.0749984513968,3.42499930597842,6.13599421098777,8.31099903120009e-33
-77.3749984707683,3.37499930523336,9.48818998579513,-4.44089209850063e-16
-77.3249984700232,3.37499930523336,9.65992523669895,-2.22044604925031e-16
-77.2749984692782,3.37499930523336,9.12288317230295,1.7727725771887e-32
-77.2249984685331,3.37499930523336,8.68131172921718,-4.44089209850063e-16
-77.1749984677881,3.37499930523336,8.730836209409,-2.22044604925031e-16
-77.124998467043,3.37499930523336,8.96633251186788,-6.66133814775094e-16
-77.074998466298,3.37499930523336,8.24020960791194,-2.22044604925031e-16
-77.0249984655529,3.37499930523336,7.63275627498163,3.45173955271035e-32
-76.9749984648078,3.37499930523336,7.46587619798001,-2.22044604925031e-16
-76.9249984640628,3.37499930523336,7.38528371959375,3.4560586087444e-32
-76.8749984633177,3.37499930523336,6.37241116485393,-2.22044604925031e-16
-76.8249984625727,3.37499930523336,6.3402679357862,-2.22044604925031e-16
-76.7749984618276,3.37499930523336,5.99177082309025,-6.66133814775094e-16
-76.7249984610826,3.37499930523336,5.96447600884257,-6.66133814775094e-16
-76.6749984603375,3.37499930523336,6.61443854546465,-6.66133814775094e-16
-76.6249984595924,3.37499930523336,5.96587138638823,-6.66133814775094e-16
-76.5749984588474,3.37499930523336,6.41676175265849,-8.88178419700125e-16
-76.5249984581023,3.37499930523336,5.78300292787143,-6.66133814775094e-16
-76.4749984573573,3.37499930523336,5.83943972003278,-6.66133814775094e-16
-76.4249984566122,3.37499930523336,5.42465903621414,-2.22044604925031e-16
-76.3749984558672,3.37499930523336,5.01904579516562,-8.88178419700125e-16
-76.3249984551221,3.37499930523336,5.52267567346103,2.02139137383133e-33
-76.2749984543771,3.37499930523336,5.55289993817543,3.26877220182567e-32
-76.224998453632,3.37499930523336,4.53540753334585,-2.22044604925031e-16
-76.1749984528869,3.37499930523336,5.45350274031946,-6.66133814775094e-16
-76.1249984521419,3.37499930523336,5.89470306813453,-6.66133814775094e-16
-76.0749984513968,3.37499930523336,6.1656416307429,-2.22044604925031e-16
-77.4249984715133,3.3249993044883,9.28402432164955,1.97538570204151e-33
-77.3749984707683,3.3249993044883,9.34899632579908,-6.66133814775094e-16
-77.3249984700232,3.3249993044883,9.51595091613964,-4.44089209850063e-16
-77.2749984692782,3.3249993044883,9.19331061936031,-4.44089209850063e-16
-77.2249984685331,3.3249993044883,9.19598246218555,-6.66133814775094e-16
-77.1749984677881,3.3249993044883,8.74312604923393,2.22044604925031e-16
-77.124998467043,3.3249993044883,8.9106644247622,3.37020305119898e-32
-77.074998466298,3.3249993044883,8.18495243419885,-2.22044604925031e-16
-77.0249984655529,3.3249993044883,7.45373148819734,1.88775949335789e-32
-76.9749984648078,3.3249993044883,7.42139749697491,-2.22044604925031e-16
-76.9249984640628,3.3249993044883,6.48967656721207,1.0453254497251e-31
-76.8749984633177,3.3249993044883,5.98706727186377,-6.66133814775094e-16
-76.8249984625727,3.3249993044883,5.79574993557122,-4.44089209850063e-16
-76.7749984618276,3.3249993044883,5.50595897031019,-6.66133814775094e-16
-76.7249984610826,3.3249993044883,5.77626540287014,-2.22044604925031e-16
-76.6749984603375,3.3249993044883,6.56036691058243,-2.22044604925031e-16
-76.6249984595924,3.3249993044883,6.24952390764814,-2.22044604925031e-16
-76.5749984588474,3.3249993044883,5.86513844150232,-2.22044604925031e-16
-76.5249984581023,3.3249993044883,6.34212800134539,-6.66133814775094e-16
-76.4749984573573,3.3249993044883,5.97789028602303,5.15420929191929e-32
-76.4249984566122,3.3249993044883,5.85835635676773,-6.66133814775094e-16
-76.3749984558672,3.3249993044883,6.18671481612531,-4.44089209850063e-16
-76.3249984551221,3.3249993044883,5.88669704137089,-2.22044604925031e-16
-76.2749984543771,3.3249993044883,5.8630984263219,-2.22044604925031e-16
-76.224998453632,3.3249993044883,6.4420469947387,7.23692001687361e-32
-76.1749984528869,3.3249993044883,5.59637781572796,-2.22044604925031e-16
-76.1249984521419,3.3249993044883,5.70358751067636,7.86087887798536e-33
-76.0749984513968,3.3249993044883,6.22990972707627,-2.22044604925031e-16
-77.4749984722584,3.27499930374324,9.21730407754935,-2.22044604925031e-16
-77.4249984715133,3.27499930374324,8.97248151291,-2.22044604925031e-16
-77.3749984707683,3.27499930374324,9.06012521080416,-2.22044604925031e-16
-77.3249984700232,3.27499930374324,9.18502213676331,-1.11022302462516e-15
-77.2749984692782,3.27499930374324,9.15324899492448,-1.11022302462516e-15
-77.2249984685331,3.27499930374324,8.55572375287719,-8.88178419700125e-16
-77.1749984677881,3.27499930374324,8.32420591857294,-4.44089209850063e-16
-77.124998467043,3.27499930374324,8.33782725914373,3.35072651500086e-32
-77.074998466298,3.27499930374324,7.62674630601468,7.56084576991414e-32
-77.0249984655529,3.27499930374324,6.5997027243509,4.44089209850063e-16
-76.9749984648078,3.27499930374324,7.08629926033549,-2.22044604925031e-16
-76.9249984640628,3.27499930374324,5.63387632442929,4.44089209850063e-16
-76.8749984633177,3.27499930374324,5.69865078936162,2.22044604925031e-16
-76.8249984625727,3.27499930374324,5.50192625819896,-2.22044604925031e-16
-76.7749984618276,3.27499930374324,5.17308671016056,-4.44089209850063e-16
-76.7249984610826,3.27499930374324,5.59789697804294,1.92086716453874e-32
-76.6749984603375,3.27499930374324,6.06230619455042,-2.22044604925031e-16
-76.6249984595924,3.27499930374324,6.39419627491972,-2.22044604925031e-16
-76.5749984588474,3.27499930374324,6.13271235487502,-2.22044604925031e-16
-76.5249984581023,3.27499930374324,6.39243460778785,-2.22044604925031e-16
-76.4749984573573,3.27499930374324,6.13123424656329,2.22044604925031e-16
-76.224998453632,3.27499930374324,5.7204540611325,3.22390766402714e-32
-76.1749984528869,3.27499930374324,6.17919549538731,-2.22044604925031e-16
-76.1249984521419,3.27499930374324,6.32929284893102,2.22044604925031e-16
-76.0749984513968,3.27499930374324,6.41048711821289,-2.22044604925031e-16
-77.5249984730035,3.22499930299818,8.99427867870433,-2.22044604925031e-16
-77.4749984722584,3.22499930299818,9.47131353241444,1.7653972086248e-32
-77.3749984707683,3.22499930299818,9.34248675224216,4.44089209850063e-16
-77.3249984700232,3.22499930299818,9.42291709488885,0
-77.2749984692782,3.22499930299818,8.67585248029066,-4.44089209850063e-16
-77.2249984685331,3.22499930299818,8.45289665097073,2.22044604925031e-16
-77.1749984677881,3.22499930299818,8.13695315912948,-2.22044604925031e-16
-77.124998467043,3.22499930299818,7.73593463007736,2.04685224078615e-33
-77.074998466298,3.22499930299818,7.21307757889652,-2.22044604925031e-16
-77.0249984655529,3.22499930299818,6.4867362629423,2.22044604925031e-16
-76.9749984648078,3.22499930299818,6.83787082036192,-2.22044604925031e-16
-76.9249984640628,3.22499930299818,5.80469472892383,8.36593446232264e-33
-76.8749984633177,3.22499930299818,5.34996661594706,-8.88178419700125e-16
-76.8249984625727,3.22499930299818,5.39476990499881,8.47048213990857e-33
-76.7749984618276,3.22499930299818,5.59133654480749,-6.66133814775094e-16
-76.7249984610826,3.22499930299818,6.17287960326747,-6.66133814775094e-16
-76.6749984603375,3.22499930299818,6.1768747672969,-2.22044604925031e-16
-76.6249984595924,3.22499930299818,6.12520925981819,2.22044604925031e-16
-76.5749984588474,3.22499930299818,5.88957970044141,-4.44089209850062e-16
-76.5249984581023,3.22499930299818,6.33810760173661,-6.66133814775094e-16
-76.4749984573573,3.22499930299818,6.52381203312937,-2.22044604925031e-16
-76.1249984521419,3.22499930299818,6.62719690137024,-2.22044604925031e-16
-76.0749984513968,3.22499930299818,6.57623017265146,-2.22044604925031e-16
-77.3749984707683,3.17499930225313,9.48575166015353,-4.44089209850063e-16
-77.3249984700232,3.17499930225313,9.48805690734162,8.03028521133214e-33
-77.2749984692782,3.17499930225313,8.55471336325999,-6.66133814775094e-16
-77.2249984685331,3.17499930225313,8.23411603082456,0
-77.1749984677881,3.17499930225313,7.92096507849001,-6.66133814775094e-16
-77.124998467043,3.17499930225313,7.2775148954144,-2.22044604925031e-16
-77.0249984655529,3.17499930225313,6.42775366289646,-2.22044604925031e-16
-76.9749984648078,3.17499930225313,6.51002726700049,-2.22044604925031e-16
-76.9249984640628,3.17499930225313,5.66699277650027,-6.66133814775094e-16
-76.8749984633177,3.17499930225313,5.58386311461114,-8.88178419700125e-16
-76.8249984625727,3.17499930225313,5.42159725654108,-2.22044604925031e-16
-76.7749984618276,3.17499930225313,5.16049999446479,-6.66133814775094e-16
-76.7249984610826,3.17499930225313,5.86796538254214,-8.88178419700125e-16
-76.6749984603375,3.17499930225313,6.15717413302916,-6.66133814775094e-16
-76.6249984595924,3.17499930225313,6.1501670256473,-6.66133814775094e-16
-76.5749984588474,3.17499930225313,6.08295756533771,-6.66133814775094e-16
-76.5249984581023,3.17499930225313,6.60565816922378,-4.44089209850063e-16
-77.2249984685331,3.12499930150807,8.63316158089468,-2.22044604925031e-16
-76.9749984648078,3.12499930150807,6.18531714573791,7.36122412980135e-32
-76.9249984640628,3.12499930150807,5.81891171797124,7.27941712265468e-32
-76.8749984633177,3.12499930150807,4.89908051719304,2.22044604925031e-16
-76.8249984625727,3.12499930150807,4.89668770768484,-2.22044604925031e-16
-76.7749984618276,3.12499930150807,5.1396733942428,-2.22044604925031e-16
-76.7249984610826,3.12499930150807,5.97707118443872,-6.66133814775094e-16
-76.6749984603375,3.12499930150807,5.75310863552636,-2.22044604925031e-16
-76.6249984595924,3.12499930150807,6.04529860498129,-2.22044604925031e-16
-76.5249984581023,3.12499930150807,6.56726860088886,-2.22044604925031e-16
-76.8749984633177,3.07499930076301,4.73979818115663,-4.44089209850063e-16
