"celda","x","y","dentro_valle","precipitacion","temperatura","radiacion","altitud","disponible_precipitacion","disponible_temperatura","disponible_radiacion","disponible_altitud","caso_completo_4_variables","anio","semana"
30,-76.0749984513968,4.97499932907522,TRUE,21.1551742553711,NA,NA,2018.1494140625,TRUE,FALSE,FALSE,TRUE,FALSE,2024,10
67,-76.0749984513968,4.92499932833016,TRUE,12.7670049667358,NA,NA,1929.56372070312,TRUE,FALSE,FALSE,TRUE,FALSE,2024,10
68,-76.0249984506518,4.92499932833016,TRUE,13.7857913970947,NA,NA,1489.58618164062,TRUE,FALSE,FALSE,TRUE,FALSE,2024,10
103,-76.1249984521419,4.8749993275851,TRUE,10.5871496200562,NA,NA,2051.62963867188,TRUE,FALSE,FALSE,TRUE,FALSE,2024,10
104,-76.0749984513968,4.8749993275851,TRUE,11.8020172119141,NA,NA,1850.22033691406,TRUE,FALSE,FALSE,TRUE,FALSE,2024,10
105,-76.0249984506518,4.8749993275851,TRUE,11.3976154327393,NA,NA,1470.26306152344,TRUE,FALSE,FALSE,TRUE,FALSE,2024,10
138,-76.224998453632,4.82499932684004,TRUE,17.81591796875,23.2290000915527,NA,2130.9150390625,TRUE,TRUE,FALSE,TRUE,FALSE,2024,10
139,-76.1749984528869,4.82499932684004,TRUE,10.970874786377,NA,NA,1937.96130371094,TRUE,FALSE,FALSE,TRUE,FALSE,2024,10
140,-76.1249984521419,4.82499932684004,TRUE,7.81021404266357,NA,NA,1975.30212402344,TRUE,FALSE,FALSE,TRUE,FALSE,2024,10
141,-76.0749984513968,4.82499932684004,TRUE,8.77262210845947,NA,NA,1619.07836914062,TRUE,FALSE,FALSE,TRUE,FALSE,2024,10
142,-76.0249984506518,4.82499932684004,TRUE,0,NA,NA,1331.10864257812,TRUE,FALSE,FALSE,TRUE,FALSE,2024,10
143,-75.9749984499067,4.82499932684004,TRUE,9.66417121887207,NA,NA,1023.81231689453,TRUE,FALSE,FALSE,TRUE,FALSE,2024,10
144,-75.9249984491616,4.82499932684004,TRUE,8.64399719238281,NA,NA,918.29443359375,TRUE,FALSE,FALSE,TRUE,FALSE,2024,10
175,-76.224998453632,4.77499932609499,TRUE,13.9327735900879,23.214427947998,NA,1927.39086914062,TRUE,TRUE,FALSE,TRUE,FALSE,2024,10
176,-76.1749984528869,4.77499932609499,TRUE,0,NA,NA,1720.97375488281,TRUE,FALSE,FALSE,TRUE,FALSE,2024,10
177,-76.1249984521419,4.77499932609499,TRUE,6.18697786331177,NA,NA,1759.52185058594,TRUE,FALSE,FALSE,TRUE,FALSE,2024,10
178,-76.0749984513968,4.77499932609499,TRUE,0,NA,NA,1523.64990234375,TRUE,FALSE,FALSE,TRUE,FALSE,2024,10
179,-76.0249984506518,4.77499932609499,TRUE,7.40524625778198,NA,NA,1166.57983398438,TRUE,FALSE,FALSE,TRUE,FALSE,2024,10
180,-75.9749984499067,4.77499932609499,TRUE,8.46312713623047,NA,NA,929.821899414062,TRUE,FALSE,FALSE,TRUE,FALSE,2024,10
211,-76.2749984543771,4.72499932534993,TRUE,14.3635845184326,23.199857711792,NA,2056.8994140625,TRUE,TRUE,FALSE,TRUE,FALSE,2024,10
212,-76.224998453632,4.72499932534993,TRUE,10.7060918807983,23.199857711792,NA,1680.20654296875,TRUE,TRUE,FALSE,TRUE,FALSE,2024,10
213,-76.1749984528869,4.72499932534993,TRUE,0,NA,NA,1504.03527832031,TRUE,FALSE,FALSE,TRUE,FALSE,2024,10
214,-76.1249984521419,4.72499932534993,TRUE,0,NA,NA,1627.42236328125,TRUE,FALSE,FALSE,TRUE,FALSE,2024,10
215,-76.0749984513968,4.72499932534993,TRUE,7.65409898757935,NA,NA,1471.33935546875,TRUE,FALSE,FALSE,TRUE,FALSE,2024,10
216,-76.0249984506518,4.72499932534993,TRUE,8.25455665588379,NA,NA,1077.3818359375,TRUE,FALSE,FALSE,TRUE,FALSE,2024,10
217,-75.9749984499067,4.72499932534993,TRUE,7.64294147491455,NA,NA,914.086608886719,TRUE,FALSE,FALSE,TRUE,FALSE,2024,10
218,-75.9249984491616,4.72499932534993,TRUE,7.64976406097412,NA,NA,931.509094238281,TRUE,FALSE,FALSE,TRUE,FALSE,2024,10
219,-75.8749984484166,4.72499932534993,TRUE,7.40331411361694,NA,NA,1053.80932617188,TRUE,FALSE,FALSE,TRUE,FALSE,2024,10
220,-75.8249984476715,4.72499932534993,TRUE,5.96431684494019,NA,NA,1125.88415527344,TRUE,FALSE,FALSE,TRUE,FALSE,2024,10
248,-76.2749984543771,4.67499932460487,TRUE,10.135066986084,23.1852855682373,NA,1931.55126953125,TRUE,TRUE,FALSE,TRUE,FALSE,2024,10
249,-76.224998453632,4.67499932460487,TRUE,8.6636209487915,23.1852855682373,NA,1546.88195800781,TRUE,TRUE,FALSE,TRUE,FALSE,2024,10
250,-76.1749984528869,4.67499932460487,TRUE,6.32553768157959,NA,NA,1403.42895507812,TRUE,FALSE,FALSE,TRUE,FALSE,2024,10
251,-76.1249984521419,4.67499932460487,TRUE,6.3407883644104,NA,NA,1669.60241699219,TRUE,FALSE,FALSE,TRUE,FALSE,2024,10
252,-76.0749984513968,4.67499932460487,TRUE,6.93817377090454,NA,NA,1275.46557617188,TRUE,FALSE,FALSE,TRUE,FALSE,2024,10
253,-76.0249984506518,4.67499932460487,TRUE,7.10790300369263,NA,NA,940.085693359375,TRUE,FALSE,FALSE,TRUE,FALSE,2024,10
254,-75.9749984499067,4.67499932460487,TRUE,7.49484586715698,NA,NA,904.67041015625,TRUE,FALSE,FALSE,TRUE,FALSE,2024,10
255,-75.9249984491616,4.67499932460487,TRUE,6.00221872329712,NA,NA,977.351684570312,TRUE,FALSE,FALSE,TRUE,FALSE,2024,10
256,-75.8749984484166,4.67499932460487,TRUE,6.29791498184204,NA,NA,1164.96606445312,TRUE,FALSE,FALSE,TRUE,FALSE,2024,10
257,-75.8249984476715,4.67499932460487,TRUE,5.67067575454712,NA,NA,1126.17407226562,TRUE,FALSE,FALSE,TRUE,FALSE,2024,10
258,-75.7749984469265,4.67499932460487,TRUE,0,NA,NA,1251.02160644531,TRUE,FALSE,FALSE,TRUE,FALSE,2024,10
259,-75.7249984461814,4.67499932460487,TRUE,0,NA,NA,1431.65832519531,TRUE,FALSE,FALSE,TRUE,FALSE,2024,10
285,-76.2749984543771,4.62499932385981,TRUE,9.18993473052979,23.1707134246826,NA,1601.16870117188,TRUE,TRUE,FALSE,TRUE,FALSE,2024,10
286,-76.224998453632,4.62499932385981,TRUE,7.03982067108154,23.1707134246826,NA,1379.88671875,TRUE,TRUE,FALSE,TRUE,FALSE,2024,10
287,-76.1749984528869,4.62499932385981,TRUE,5.44929885864258,NA,NA,1565.08154296875,TRUE,FALSE,FALSE,TRUE,FALSE,2024,10
288,-76.1249984521419,4.62499932385981,TRUE,5.7734751701355,NA,NA,1515.43493652344,TRUE,FALSE,FALSE,TRUE,FALSE,2024,10
289,-76.0749984513968,4.62499932385981,TRUE,0,NA,NA,1063.71643066406,TRUE,FALSE,FALSE,TRUE,FALSE,2024,10
290,-76.0249984506518,4.62499932385981,TRUE,6.5970458984375,NA,NA,910.329467773438,TRUE,FALSE,FALSE,TRUE,FALSE,2024,10
291,-75.9749984499067,4.62499932385981,TRUE,6.78880643844604,NA,NA,915.839233398438,TRUE,FALSE,FALSE,TRUE,FALSE,2024,10
292,-75.9249984491616,4.62499932385981,TRUE,5.87667655944824,NA,NA,1092.27197265625,TRUE,FALSE,FALSE,TRUE,FALSE,2024,10
293,-75.8749984484166,4.62499932385981,TRUE,5.52847766876221,NA,NA,1273.04272460938,TRUE,FALSE,FALSE,TRUE,FALSE,2024,10
321,-76.3249984551221,4.57499932311475,TRUE,8.20250129699707,NA,NA,1590.77282714844,TRUE,FALSE,FALSE,TRUE,FALSE,2024,10
322,-76.2749984543771,4.57499932311475,TRUE,5.93759489059448,23.1561431884766,NA,1385.66784667969,TRUE,TRUE,FALSE,TRUE,FALSE,2024,10
323,-76.224998453632,4.57499932311475,TRUE,0,23.1561431884766,NA,1667.8642578125,TRUE,TRUE,FALSE,TRUE,FALSE,2024,10
324,-76.1749984528869,4.57499932311475,TRUE,0,NA,NA,1807.22802734375,TRUE,FALSE,FALSE,TRUE,FALSE,2024,10
325,-76.1249984521419,4.57499932311475,TRUE,0,NA,NA,1418.26391601562,TRUE,FALSE,FALSE,TRUE,FALSE,2024,10
326,-76.0749984513968,4.57499932311475,TRUE,6.31010007858276,NA,NA,1005.66693115234,TRUE,FALSE,FALSE,TRUE,FALSE,2024,10
327,-76.0249984506518,4.57499932311475,TRUE,5.68930196762085,NA,NA,909.886657714844,TRUE,FALSE,FALSE,TRUE,FALSE,2024,10
328,-75.9749984499067,4.57499932311475,TRUE,5.63601064682007,NA,NA,947.509887695312,TRUE,FALSE,FALSE,TRUE,FALSE,2024,10
329,-75.9249984491616,4.57499932311475,TRUE,5.07920169830322,NA,NA,1171.45202636719,TRUE,FALSE,FALSE,TRUE,FALSE,2024,10
330,-75.8749984484166,4.57499932311475,TRUE,5.09722089767456,NA,NA,1274.43444824219,TRUE,FALSE,FALSE,TRUE,FALSE,2024,10
358,-76.3249984551221,4.52499932236969,TRUE,6.56152486801147,NA,NA,1303.96630859375,TRUE,FALSE,FALSE,TRUE,FALSE,2024,10
359,-76.2749984543771,4.52499932236969,TRUE,0,23.1415710449219,NA,1527.30285644531,TRUE,TRUE,FALSE,TRUE,FALSE,2024,10
360,-76.224998453632,4.52499932236969,TRUE,0,23.1415710449219,NA,1644.48071289062,TRUE,TRUE,FALSE,TRUE,FALSE,2024,10
361,-76.1749984528869,4.52499932236969,TRUE,0,NA,NA,1640.04479980469,TRUE,FALSE,FALSE,TRUE,FALSE,2024,10
362,-76.1249984521419,4.52499932236969,TRUE,5.56834888458252,NA,NA,1249.92761230469,TRUE,FALSE,FALSE,TRUE,FALSE,2024,10
363,-76.0749984513968,4.52499932236969,TRUE,5.54337644577026,NA,NA,936.696350097656,TRUE,FALSE,FALSE,TRUE,FALSE,2024,10
364,-76.0249984506518,4.52499932236969,TRUE,5.06701040267944,NA,NA,926.529602050781,TRUE,FALSE,FALSE,TRUE,FALSE,2024,10
365,-75.9749984499067,4.52499932236969,TRUE,0,NA,NA,963.172424316406,TRUE,FALSE,FALSE,TRUE,FALSE,2024,10
366,-75.9249984491616,4.52499932236969,TRUE,5.07881641387939,NA,NA,1154.38159179688,TRUE,FALSE,FALSE,TRUE,FALSE,2024,10
367,-75.8749984484166,4.52499932236969,TRUE,0,NA,NA,1190.78796386719,TRUE,FALSE,FALSE,TRUE,FALSE,2024,10
394,-76.3749984558672,4.47499932162464,TRUE,12.0568180084229,NA,NA,1291.14721679688,TRUE,FALSE,FALSE,TRUE,FALSE,2024,10
395,-76.3249984551221,4.47499932162464,TRUE,5.34333562850952,NA,NA,1532.55541992188,TRUE,FALSE,FALSE,TRUE,FALSE,2024,10
396,-76.2749984543771,4.47499932162464,TRUE,4.35374307632446,22.9982814788818,NA,1767.09973144531,TRUE,TRUE,FALSE,TRUE,FALSE,2024,10
397,-76.224998453632,4.47499932162464,TRUE,5.00078535079956,22.9982814788818,NA,1668.86059570312,TRUE,TRUE,FALSE,TRUE,FALSE,2024,10
398,-76.1749984528869,4.47499932162464,TRUE,0,NA,NA,1518.87634277344,TRUE,FALSE,FALSE,TRUE,FALSE,2024,10
399,-76.1249984521419,4.47499932162464,TRUE,5.71492338180542,NA,NA,1135.04162597656,TRUE,FALSE,FALSE,TRUE,FALSE,2024,10
400,-76.0749984513968,4.47499932162464,TRUE,5.20137357711792,NA,NA,919.498229980469,TRUE,FALSE,FALSE,TRUE,FALSE,2024,10
401,-76.0249984506518,4.47499932162464,TRUE,4.52815341949463,NA,NA,941.884094238281,TRUE,FALSE,FALSE,TRUE,FALSE,2024,10
402,-75.9749984499067,4.47499932162464,TRUE,0,NA,NA,992.092590332031,TRUE,FALSE,FALSE,TRUE,FALSE,2024,10
403,-75.9249984491616,4.47499932162464,TRUE,0,NA,NA,1138.18579101562,TRUE,FALSE,FALSE,TRUE,FALSE,2024,10
404,-75.8749984484166,4.47499932162464,TRUE,0,NA,NA,1135.48974609375,TRUE,FALSE,FALSE,TRUE,FALSE,2024,10
430,-76.4249984566122,4.42499932087958,TRUE,12.4659328460693,NA,NA,1064.16577148438,TRUE,FALSE,FALSE,TRUE,FALSE,2024,10
431,-76.3749984558672,4.42499932087958,TRUE,0,NA,NA,1646.22204589844,TRUE,FALSE,FALSE,TRUE,FALSE,2024,10
432,-76.3249984551221,4.42499932087958,TRUE,0,NA,NA,1796.77758789062,TRUE,FALSE,FALSE,TRUE,FALSE,2024,10
433,-76.2749984543771,4.42499932087958,TRUE,3.72103548049927,22.726282119751,NA,1971.39819335938,TRUE,TRUE,FALSE,TRUE,FALSE,2024,10
434,-76.224998453632,4.42499932087958,TRUE,4.40149927139282,22.726282119751,NA,1863.85180664062,TRUE,TRUE,FALSE,TRUE,FALSE,2024,10
435,-76.1749984528869,4.42499932087958,TRUE,5.04304265975952,NA,NA,1293.01037597656,TRUE,FALSE,FALSE,TRUE,FALSE,2024,10
436,-76.1249984521419,4.42499932087958,TRUE,0,NA,NA,942.146179199219,TRUE,FALSE,FALSE,TRUE,FALSE,2024,10
437,-76.0749984513968,4.42499932087958,TRUE,4.85166120529175,NA,NA,921.598876953125,TRUE,FALSE,FALSE,TRUE,FALSE,2024,10
438,-76.0249984506518,4.42499932087958,TRUE,4.39932155609131,NA,NA,982.905700683594,TRUE,FALSE,FALSE,TRUE,FALSE,2024,10
439,-75.9749984499067,4.42499932087958,TRUE,5.3104419708252,NA,NA,1045.41467285156,TRUE,FALSE,FALSE,TRUE,FALSE,2024,10
440,-75.9249984491616,4.42499932087958,TRUE,0,NA,NA,1145.52404785156,TRUE,FALSE,FALSE,TRUE,FALSE,2024,10
465,-76.5249984581023,4.37499932013452,TRUE,12.5218172073364,NA,13.8928575515747,658.717590332031,TRUE,FALSE,TRUE,TRUE,FALSE,2024,10
466,-76.4749984573573,4.37499932013452,TRUE,10.8644580841064,NA,13.8928575515747,938.381652832031,TRUE,FALSE,TRUE,TRUE,FALSE,2024,10
467,-76.4249984566122,4.37499932013452,TRUE,6.36141443252563,NA,NA,1373.88610839844,TRUE,FALSE,FALSE,TRUE,FALSE,2024,10
468,-76.3749984558672,4.37499932013452,TRUE,0,NA,NA,1649.54296875,TRUE,FALSE,FALSE,TRUE,FALSE,2024,10
469,-76.3249984551221,4.37499932013452,TRUE,0,NA,NA,1647.77099609375,TRUE,FALSE,FALSE,TRUE,FALSE,2024,10
470,-76.2749984543771,4.37499932013452,TRUE,0,22.4542827606201,NA,1777.04626464844,TRUE,TRUE,FALSE,TRUE,FALSE,2024,10
471,-76.224998453632,4.37499932013452,TRUE,4.00243997573853,22.4542827606201,NA,1564.67199707031,TRUE,TRUE,FALSE,TRUE,FALSE,2024,10
472,-76.1749984528869,4.37499932013452,TRUE,4.31840515136719,NA,NA,1157.849609375,TRUE,FALSE,FALSE,TRUE,FALSE,2024,10
473,-76.1249984521419,4.37499932013452,TRUE,4.36300373077393,NA,NA,930.004577636719,TRUE,FALSE,FALSE,TRUE,FALSE,2024,10
474,-76.0749984513968,4.37499932013452,TRUE,4.20235538482666,NA,NA,931.21435546875,TRUE,FALSE,FALSE,TRUE,FALSE,2024,10
475,-76.0249984506518,4.37499932013452,TRUE,4.10468864440918,NA,NA,977.905578613281,TRUE,FALSE,FALSE,TRUE,FALSE,2024,10
476,-75.9749984499067,4.37499932013452,TRUE,4.44253540039062,NA,NA,1041.40734863281,TRUE,FALSE,FALSE,TRUE,FALSE,2024,10
477,-75.9249984491616,4.37499932013452,TRUE,0,NA,NA,1204.27709960938,TRUE,FALSE,FALSE,TRUE,FALSE,2024,10
478,-75.8749984484166,4.37499932013452,TRUE,0,NA,NA,1128.56555175781,TRUE,FALSE,FALSE,TRUE,FALSE,2024,10
479,-75.8249984476715,4.37499932013452,TRUE,0,NA,NA,1112.04675292969,TRUE,FALSE,FALSE,TRUE,FALSE,2024,10
502,-76.5249984581023,4.32499931938946,TRUE,8.36101245880127,NA,13.8928575515747,989.56787109375,TRUE,FALSE,TRUE,TRUE,FALSE,2024,10
503,-76.4749984573573,4.32499931938946,TRUE,5.12935352325439,NA,13.8928575515747,1158.12756347656,TRUE,FALSE,TRUE,TRUE,FALSE,2024,10
504,-76.4249984566122,4.32499931938946,TRUE,6.37989807128906,NA,NA,1558.78186035156,TRUE,FALSE,FALSE,TRUE,FALSE,2024,10
505,-76.3749984558672,4.32499931938946,TRUE,4.87442827224731,NA,NA,1610.77099609375,TRUE,FALSE,FALSE,TRUE,FALSE,2024,10
506,-76.3249984551221,4.32499931938946,TRUE,4.34174203872681,NA,NA,1734.82946777344,TRUE,FALSE,FALSE,TRUE,FALSE,2024,10
507,-76.2749984543771,4.32499931938946,TRUE,3.45272874832153,22.1822814941406,NA,1652.77587890625,TRUE,TRUE,FALSE,TRUE,FALSE,2024,10
508,-76.224998453632,4.32499931938946,TRUE,0,22.1822814941406,NA,1328.78076171875,TRUE,TRUE,FALSE,TRUE,FALSE,2024,10
509,-76.1749984528869,4.32499931938946,TRUE,0,NA,NA,977.605102539062,TRUE,FALSE,FALSE,TRUE,FALSE,2024,10
510,-76.1249984521419,4.32499931938946,TRUE,3.56725239753723,NA,NA,918.968994140625,TRUE,FALSE,FALSE,TRUE,FALSE,2024,10
511,-76.0749984513968,4.32499931938946,TRUE,3.54977250099182,NA,NA,949.865661621094,TRUE,FALSE,FALSE,TRUE,FALSE,2024,10
512,-76.0249984506518,4.32499931938946,TRUE,0,NA,NA,1018.87927246094,TRUE,FALSE,FALSE,TRUE,FALSE,2024,10
513,-75.9749984499067,4.32499931938946,TRUE,4.48515510559082,NA,NA,1092.11450195312,TRUE,FALSE,FALSE,TRUE,FALSE,2024,10
514,-75.9249984491616,4.32499931938946,TRUE,0,NA,NA,1363.33264160156,TRUE,FALSE,FALSE,TRUE,FALSE,2024,10
515,-75.8749984484166,4.32499931938946,TRUE,4.80997610092163,NA,NA,1293.12609863281,TRUE,FALSE,FALSE,TRUE,FALSE,2024,10
516,-75.8249984476715,4.32499931938946,TRUE,0,NA,NA,1276.90734863281,TRUE,FALSE,FALSE,TRUE,FALSE,2024,10
539,-76.5249984581023,4.2749993186444,TRUE,0,NA,13.8928575515747,1492.77465820312,TRUE,FALSE,TRUE,TRUE,FALSE,2024,10
540,-76.4749984573573,4.2749993186444,TRUE,0,NA,13.8928575515747,1988.19787597656,TRUE,FALSE,TRUE,TRUE,FALSE,2024,10
541,-76.4249984566122,4.2749993186444,TRUE,5.0066933631897,NA,NA,2301.95874023438,TRUE,FALSE,FALSE,TRUE,FALSE,2024,10
542,-76.3749984558672,4.2749993186444,TRUE,5.9819507598877,NA,NA,1886.16650390625,TRUE,FALSE,FALSE,TRUE,FALSE,2024,10
543,-76.3249984551221,4.2749993186444,TRUE,3.96408200263977,NA,NA,1862.18957519531,TRUE,FALSE,FALSE,TRUE,FALSE,2024,10
544,-76.2749984543771,4.2749993186444,TRUE,3.32734131813049,21.9102821350098,NA,1524.77221679688,TRUE,TRUE,FALSE,TRUE,FALSE,2024,10
545,-76.224998453632,4.2749993186444,TRUE,0,21.9102821350098,NA,1082.65197753906,TRUE,TRUE,FALSE,TRUE,FALSE,2024,10
546,-76.1749984528869,4.2749993186444,TRUE,0,NA,NA,924.531494140625,TRUE,FALSE,FALSE,TRUE,FALSE,2024,10
547,-76.1249984521419,4.2749993186444,TRUE,0,NA,NA,934.678955078125,TRUE,FALSE,FALSE,TRUE,FALSE,2024,10
548,-76.0749984513968,4.2749993186444,TRUE,0,NA,NA,1007.36413574219,TRUE,FALSE,FALSE,TRUE,FALSE,2024,10
549,-76.0249984506518,4.2749993186444,TRUE,4.60507345199585,NA,NA,1024.43237304688,TRUE,FALSE,FALSE,TRUE,FALSE,2024,10
550,-75.9749984499067,4.2749993186444,TRUE,5.09193658828735,NA,NA,1139.69897460938,TRUE,FALSE,FALSE,TRUE,FALSE,2024,10
551,-75.9249984491616,4.2749993186444,TRUE,5.02728748321533,NA,NA,1527.74743652344,TRUE,FALSE,FALSE,TRUE,FALSE,2024,10
552,-75.8749984484166,4.2749993186444,TRUE,5.02979516983032,NA,NA,1611.0869140625,TRUE,FALSE,FALSE,TRUE,FALSE,2024,10
553,-75.8249984476715,4.2749993186444,TRUE,5.11510610580444,NA,NA,1634.38244628906,TRUE,FALSE,FALSE,TRUE,FALSE,2024,10
561,-77.2749984692782,4.22499931789935,TRUE,0,NA,NA,18.8064041137695,TRUE,FALSE,FALSE,TRUE,FALSE,2024,10
578,-76.4249984566122,4.22499931789935,TRUE,5.02048969268799,NA,NA,2460.28784179688,TRUE,FALSE,FALSE,TRUE,FALSE,2024,10
579,-76.3749984558672,4.22499931789935,TRUE,4.51818799972534,NA,NA,1777.88012695312,TRUE,FALSE,FALSE,TRUE,FALSE,2024,10
580,-76.3249984551221,4.22499931789935,TRUE,0,NA,NA,1576.59240722656,TRUE,FALSE,FALSE,TRUE,FALSE,2024,10
581,-76.2749984543771,4.22499931789935,TRUE,0,21.6382827758789,NA,1253.56604003906,TRUE,TRUE,FALSE,TRUE,FALSE,2024,10
582,-76.224998453632,4.22499931789935,TRUE,0,21.6382827758789,NA,971.425109863281,TRUE,TRUE,FALSE,TRUE,FALSE,2024,10
583,-76.1749984528869,4.22499931789935,TRUE,0,NA,NA,936.513061523438,TRUE,FALSE,FALSE,TRUE,FALSE,2024,10
584,-76.1249984521419,4.22499931789935,TRUE,0,NA,NA,994.6552734375,TRUE,FALSE,FALSE,TRUE,FALSE,2024,10
585,-76.0749984513968,4.22499931789935,TRUE,4.85533618927002,NA,NA,1072.90844726562,TRUE,FALSE,FALSE,TRUE,FALSE,2024,10
586,-76.0249984506518,4.22499931789935,TRUE,5.17979526519775,NA,NA,1056.12963867188,TRUE,FALSE,FALSE,TRUE,FALSE,2024,10
587,-75.9749984499067,4.22499931789935,TRUE,5.11658096313477,NA,NA,1191.93664550781,TRUE,FALSE,FALSE,TRUE,FALSE,2024,10
588,-75.9249984491616,4.22499931789935,TRUE,4.58221626281738,NA,NA,1666.83215332031,TRUE,FALSE,FALSE,TRUE,FALSE,2024,10
589,-75.8749984484166,4.22499931789935,TRUE,4.75256156921387,NA,NA,2000.95092773438,TRUE,FALSE,FALSE,TRUE,FALSE,2024,10
590,-75.8249984476715,4.22499931789935,TRUE,7.20734977722168,NA,NA,1733.38916015625,TRUE,FALSE,FALSE,TRUE,FALSE,2024,10
596,-77.3749984707683,4.17499931715429,TRUE,0,NA,NA,-2.9171736240387,TRUE,FALSE,FALSE,TRUE,FALSE,2024,10
597,-77.3249984700233,4.17499931715429,TRUE,0,NA,NA,8.98410320281982,TRUE,FALSE,FALSE,TRUE,FALSE,2024,10
598,-77.2749984692782,4.17499931715429,TRUE,0,NA,NA,37.7604827880859,TRUE,FALSE,FALSE,TRUE,FALSE,2024,10
600,-77.1749984677881,4.17499931715429,TRUE,0,NA,NA,30.8549346923828,TRUE,FALSE,FALSE,TRUE,FALSE,2024,10
615,-76.4249984566122,4.17499931715429,TRUE,0,NA,NA,2304.2626953125,TRUE,FALSE,FALSE,TRUE,FALSE,2024,10
616,-76.3749984558672,4.17499931715429,TRUE,0,NA,NA,1537.67614746094,TRUE,FALSE,FALSE,TRUE,FALSE,2024,10
617,-76.3249984551221,4.17499931715429,TRUE,0,NA,NA,1192.64526367188,TRUE,FALSE,FALSE,TRUE,FALSE,2024,10
618,-76.2749984543771,4.17499931715429,TRUE,0,21.3662815093994,NA,1048.84631347656,TRUE,TRUE,FALSE,TRUE,FALSE,2024,10
619,-76.224998453632,4.17499931715429,TRUE,0,21.3662815093994,NA,942.686706542969,TRUE,TRUE,FALSE,TRUE,FALSE,2024,10
620,-76.1749984528869,4.17499931715429,TRUE,0,NA,NA,968.035400390625,TRUE,FALSE,FALSE,TRUE,FALSE,2024,10
621,-76.1249984521419,4.17499931715429,TRUE,0,NA,NA,1053.16821289062,TRUE,FALSE,FALSE,TRUE,FALSE,2024,10
622,-76.0749984513968,4.17499931715429,TRUE,0,NA,NA,1175.736328125,TRUE,FALSE,FALSE,TRUE,FALSE,2024,10
623,-76.0249984506518,4.17499931715429,TRUE,0,NA,NA,1243.7666015625,TRUE,FALSE,FALSE,TRUE,FALSE,2024,10
624,-75.9749984499067,4.17499931715429,TRUE,4.4750919342041,NA,NA,1377.08349609375,TRUE,FALSE,FALSE,TRUE,FALSE,2024,10
625,-75.9249984491616,4.17499931715429,TRUE,0,NA,NA,1843.10424804688,TRUE,FALSE,FALSE,TRUE,FALSE,2024,10
626,-75.8749984484166,4.17499931715429,TRUE,0,NA,NA,2064.24365234375,TRUE,FALSE,FALSE,TRUE,FALSE,2024,10
632,-77.4249984715134,4.12499931640923,TRUE,0,NA,NA,11.1069231033325,TRUE,FALSE,FALSE,TRUE,FALSE,2024,10
633,-77.3749984707683,4.12499931640923,TRUE,0,NA,NA,33.3020477294922,TRUE,FALSE,FALSE,TRUE,FALSE,2024,10
634,-77.3249984700233,4.12499931640923,TRUE,0,NA,NA,44.0760688781738,TRUE,FALSE,FALSE,TRUE,FALSE,2024,10
635,-77.2749984692782,4.12499931640923,TRUE,0,NA,NA,45.3861351013184,TRUE,FALSE,FALSE,TRUE,FALSE,2024,10
636,-77.2249984685332,4.12499931640923,TRUE,0,NA,NA,44.725414276123,TRUE,FALSE,FALSE,TRUE,FALSE,2024,10
637,-77.1749984677881,4.12499931640923,TRUE,0,NA,NA,51.4895820617676,TRUE,FALSE,FALSE,TRUE,FALSE,2024,10
638,-77.124998467043,4.12499931640923,TRUE,0,NA,NA,40.5199432373047,TRUE,FALSE,FALSE,TRUE,FALSE,2024,10
652,-76.4249984566122,4.12499931640923,TRUE,0,NA,NA,1952.27136230469,TRUE,FALSE,FALSE,TRUE,FALSE,2024,10
653,-76.3749984558672,4.12499931640923,TRUE,0,NA,NA,1414.6611328125,TRUE,FALSE,FALSE,TRUE,FALSE,2024,10
654,-76.3249984551221,4.12499931640923,TRUE,0,NA,NA,1147.91540527344,TRUE,FALSE,FALSE,TRUE,FALSE,2024,10
655,-76.2749984543771,4.12499931640923,TRUE,0,21.0942821502686,NA,945.115600585938,TRUE,TRUE,FALSE,TRUE,FALSE,2024,10
656,-76.224998453632,4.12499931640923,TRUE,0,21.0942821502686,NA,941.107849121094,TRUE,TRUE,FALSE,TRUE,FALSE,2024,10
657,-76.1749984528869,4.12499931640923,TRUE,0,NA,NA,997.589050292969,TRUE,FALSE,FALSE,TRUE,FALSE,2024,10
658,-76.1249984521419,4.12499931640923,TRUE,0,NA,NA,1089.72973632812,TRUE,FALSE,FALSE,TRUE,FALSE,2024,10
659,-76.0749984513968,4.12499931640923,TRUE,0,NA,NA,1389.56604003906,TRUE,FALSE,FALSE,TRUE,FALSE,2024,10
660,-76.0249984506518,4.12499931640923,TRUE,0,NA,NA,1416.64794921875,TRUE,FALSE,FALSE,TRUE,FALSE,2024,10
661,-75.9749984499067,4.12499931640923,TRUE,0,NA,NA,1714.35388183594,TRUE,FALSE,FALSE,TRUE,FALSE,2024,10
662,-75.9249984491616,4.12499931640923,TRUE,0,NA,NA,2200.30541992188,TRUE,FALSE,FALSE,TRUE,FALSE,2024,10
663,-75.8749984484166,4.12499931640923,TRUE,0,NA,NA,2261.39916992188,TRUE,FALSE,FALSE,TRUE,FALSE,2024,10
669,-77.4249984715134,4.07499931566417,TRUE,0,NA,NA,20.8973960876465,TRUE,FALSE,FALSE,TRUE,FALSE,2024,10
670,-77.3749984707683,4.07499931566417,TRUE,0,NA,NA,34.8767967224121,TRUE,FALSE,FALSE,TRUE,FALSE,2024,10
671,-77.3249984700233,4.07499931566417,TRUE,0,NA,NA,40.0574073791504,TRUE,FALSE,FALSE,TRUE,FALSE,2024,10
672,-77.2749984692782,4.07499931566417,TRUE,0,NA,NA,29.325927734375,TRUE,FALSE,FALSE,TRUE,FALSE,2024,10
673,-77.2249984685332,4.07499931566417,TRUE,0,NA,NA,26.1690692901611,TRUE,FALSE,FALSE,TRUE,FALSE,2024,10
674,-77.1749984677881,4.07499931566417,TRUE,0,NA,NA,56.5449752807617,TRUE,FALSE,FALSE,TRUE,FALSE,2024,10
675,-77.124998467043,4.07499931566417,TRUE,0,NA,NA,50.9182891845703,TRUE,FALSE,FALSE,TRUE,FALSE,2024,10
676,-77.074998466298,4.07499931566417,TRUE,7.56771087646484,NA,NA,37.778995513916,TRUE,FALSE,FALSE,TRUE,FALSE,2024,10
677,-77.0249984655529,4.07499931566417,TRUE,8.59190368652344,NA,NA,35.3288154602051,TRUE,FALSE,FALSE,TRUE,FALSE,2024,10
678,-76.9749984648079,4.07499931566417,TRUE,9.65558242797852,NA,NA,43.8305053710938,TRUE,FALSE,FALSE,TRUE,FALSE,2024,10
679,-76.9249984640628,4.07499931566417,TRUE,11.1988878250122,25.2164287567139,NA,50.095085144043,TRUE,TRUE,FALSE,TRUE,FALSE,2024,10
688,-76.4749984573573,4.07499931566417,TRUE,0,NA,NA,2505.2177734375,TRUE,FALSE,FALSE,TRUE,FALSE,2024,10
689,-76.4249984566122,4.07499931566417,TRUE,0,NA,NA,1927.99951171875,TRUE,FALSE,FALSE,TRUE,FALSE,2024,10
690,-76.3749984558672,4.07499931566417,TRUE,0,NA,NA,1449.77307128906,TRUE,FALSE,FALSE,TRUE,FALSE,2024,10
691,-76.3249984551221,4.07499931566417,TRUE,0,NA,NA,1014.76501464844,TRUE,FALSE,FALSE,TRUE,FALSE,2024,10
692,-76.2749984543771,4.07499931566417,TRUE,0,20.8222827911377,NA,937.056701660156,TRUE,TRUE,FALSE,TRUE,FALSE,2024,10
693,-76.224998453632,4.07499931566417,TRUE,0,20.8222827911377,NA,965.065246582031,TRUE,TRUE,FALSE,TRUE,FALSE,2024,10
694,-76.1749984528869,4.07499931566417,TRUE,0,NA,NA,1041.10437011719,TRUE,FALSE,FALSE,TRUE,FALSE,2024,10
695,-76.1249984521419,4.07499931566417,TRUE,0,NA,NA,1224.22973632812,TRUE,FALSE,FALSE,TRUE,FALSE,2024,10
696,-76.0749984513968,4.07499931566417,TRUE,0,NA,NA,1519.97912597656,TRUE,FALSE,FALSE,TRUE,FALSE,2024,10
697,-76.0249984506518,4.07499931566417,TRUE,4.85879373550415,NA,NA,1671.49291992188,TRUE,FALSE,FALSE,TRUE,FALSE,2024,10
698,-75.9749984499067,4.07499931566417,TRUE,4.9117431640625,NA,NA,2115.47900390625,TRUE,FALSE,FALSE,TRUE,FALSE,2024,10
699,-75.9249984491616,4.07499931566417,TRUE,0,NA,NA,2503.4677734375,TRUE,FALSE,FALSE,TRUE,FALSE,2024,10
700,-75.8749984484166,4.07499931566417,TRUE,0,NA,NA,2429.47045898438,TRUE,FALSE,FALSE,TRUE,FALSE,2024,10
701,-75.8249984476715,4.07499931566417,TRUE,0,NA,NA,2897.23559570312,TRUE,FALSE,FALSE,TRUE,FALSE,2024,10
706,-77.4249984715134,4.02499931491911,TRUE,0,NA,NA,17.280309677124,TRUE,FALSE,FALSE,TRUE,FALSE,2024,10
707,-77.3749984707683,4.02499931491911,TRUE,0,NA,NA,29.9297866821289,TRUE,FALSE,FALSE,TRUE,FALSE,2024,10
708,-77.3249984700233,4.02499931491911,TRUE,0,NA,NA,52.9896926879883,TRUE,FALSE,FALSE,TRUE,FALSE,2024,10
711,-77.1749984677881,4.02499931491911,TRUE,0,NA,NA,64.1255569458008,TRUE,FALSE,FALSE,TRUE,FALSE,2024,10
712,-77.124998467043,4.02499931491911,TRUE,0,NA,NA,56.045783996582,TRUE,FALSE,FALSE,TRUE,FALSE,2024,10
713,-77.074998466298,4.02499931491911,TRUE,0,NA,NA,42.8142318725586,TRUE,FALSE,FALSE,TRUE,FALSE,2024,10
714,-77.0249984655529,4.02499931491911,TRUE,0,NA,NA,34.4981155395508,TRUE,FALSE,FALSE,TRUE,FALSE,2024,10
715,-76.9749984648079,4.02499931491911,TRUE,0,NA,NA,39.1597785949707,TRUE,FALSE,FALSE,TRUE,FALSE,2024,10
716,-76.9249984640628,4.02499931491911,TRUE,9.66025543212891,25.1864280700684,NA,53.3857765197754,TRUE,TRUE,FALSE,TRUE,FALSE,2024,10
717,-76.8749984633178,4.02499931491911,TRUE,9.23164176940918,25.1864280700684,NA,79.6684188842773,TRUE,TRUE,FALSE,TRUE,FALSE,2024,10
724,-76.5249984581023,4.02499931491911,TRUE,0,NA,NA,2697.52026367188,TRUE,FALSE,FALSE,TRUE,FALSE,2024,10
725,-76.4749984573573,4.02499931491911,TRUE,0,NA,NA,2178.845703125,TRUE,FALSE,FALSE,TRUE,FALSE,2024,10
726,-76.4249984566122,4.02499931491911,TRUE,0,NA,NA,1748.56201171875,TRUE,FALSE,FALSE,TRUE,FALSE,2024,10
727,-76.3749984558672,4.02499931491911,TRUE,0,NA,NA,1341.99377441406,TRUE,FALSE,FALSE,TRUE,FALSE,2024,10
728,-76.3249984551221,4.02499931491911,TRUE,0,NA,NA,1017.90100097656,TRUE,FALSE,FALSE,TRUE,FALSE,2024,10
729,-76.2749984543771,4.02499931491911,TRUE,0,20.5502815246582,NA,938.959777832031,TRUE,TRUE,FALSE,TRUE,FALSE,2024,10
730,-76.224998453632,4.02499931491911,TRUE,0,20.5502815246582,NA,992.002014160156,TRUE,TRUE,FALSE,TRUE,FALSE,2024,10
731,-76.1749984528869,4.02499931491911,TRUE,0,NA,NA,1180.38696289062,TRUE,FALSE,FALSE,TRUE,FALSE,2024,10
732,-76.1249984521419,4.02499931491911,TRUE,0,NA,NA,1432.49975585938,TRUE,FALSE,FALSE,TRUE,FALSE,2024,10
733,-76.0749984513968,4.02499931491911,TRUE,0,NA,NA,1860.69812011719,TRUE,FALSE,FALSE,TRUE,FALSE,2024,10
734,-76.0249984506518,4.02499931491911,TRUE,0,NA,NA,2323.89013671875,TRUE,FALSE,FALSE,TRUE,FALSE,2024,10
735,-75.9749984499067,4.02499931491911,TRUE,0,NA,NA,2511.76440429688,TRUE,FALSE,FALSE,TRUE,FALSE,2024,10
736,-75.9249984491616,4.02499931491911,TRUE,0,NA,NA,2898.54467773438,TRUE,FALSE,FALSE,TRUE,FALSE,2024,10
737,-75.8749984484166,4.02499931491911,TRUE,0,NA,NA,2776.21411132812,TRUE,FALSE,FALSE,TRUE,FALSE,2024,10
738,-75.8249984476715,4.02499931491911,TRUE,0,NA,NA,3019.25927734375,TRUE,FALSE,FALSE,TRUE,FALSE,2024,10
739,-75.7749984469265,4.02499931491911,TRUE,0,NA,NA,3564.9765625,TRUE,FALSE,FALSE,TRUE,FALSE,2024,10
744,-77.3749984707683,3.97499931417406,TRUE,8.06227779388428,NA,NA,30.7737560272217,TRUE,FALSE,FALSE,TRUE,FALSE,2024,10
745,-77.3249984700233,3.97499931417406,TRUE,10.699854850769,NA,NA,42.1595687866211,TRUE,FALSE,FALSE,TRUE,FALSE,2024,10
746,-77.2749984692782,3.97499931417406,TRUE,0,NA,NA,48.3552589416504,TRUE,FALSE,FALSE,TRUE,FALSE,2024,10
747,-77.2249984685332,3.97499931417406,TRUE,0,NA,NA,49.765308380127,TRUE,FALSE,FALSE,TRUE,FALSE,2024,10
748,-77.1749984677881,3.97499931417406,TRUE,0,NA,NA,58.3577308654785,TRUE,FALSE,FALSE,TRUE,FALSE,2024,10
749,-77.124998467043,3.97499931417406,TRUE,0,NA,NA,55.8370056152344,TRUE,FALSE,FALSE,TRUE,FALSE,2024,10
750,-77.074998466298,3.97499931417406,TRUE,0,NA,NA,42.0651397705078,TRUE,FALSE,FALSE,TRUE,FALSE,2024,10
751,-77.0249984655529,3.97499931417406,TRUE,0,NA,NA,38.5890617370605,TRUE,FALSE,FALSE,TRUE,FALSE,2024,10
752,-76.9749984648079,3.97499931417406,TRUE,0,NA,NA,38.8596954345703,TRUE,FALSE,FALSE,TRUE,FALSE,2024,10
753,-76.9249984640628,3.97499931417406,TRUE,10.2941207885742,25.1116409301758,NA,55.1700057983398,TRUE,TRUE,FALSE,TRUE,FALSE,2024,10
754,-76.8749984633178,3.97499931417406,TRUE,10.4038143157959,25.1116409301758,NA,80.5778579711914,TRUE,TRUE,FALSE,TRUE,FALSE,2024,10
755,-76.8249984625727,3.97499931417406,TRUE,10.7187204360962,25.1116409301758,NA,119.161689758301,TRUE,TRUE,FALSE,TRUE,FALSE,2024,10
756,-76.7749984618276,3.97499931417406,TRUE,11.0133171081543,NA,NA,301.056182861328,TRUE,FALSE,FALSE,TRUE,FALSE,2024,10
757,-76.7249984610826,3.97499931417406,TRUE,11.2951316833496,NA,NA,498.153503417969,TRUE,FALSE,FALSE,TRUE,FALSE,2024,10
758,-76.6749984603375,3.97499931417406,TRUE,9.68129062652588,NA,NA,1085.41931152344,TRUE,FALSE,FALSE,TRUE,FALSE,2024,10
759,-76.6249984595925,3.97499931417406,TRUE,0,NA,NA,1934.77416992188,TRUE,FALSE,FALSE,TRUE,FALSE,2024,10
760,-76.5749984588474,3.97499931417406,TRUE,0,NA,NA,2530.06274414062,TRUE,FALSE,FALSE,TRUE,FALSE,2024,10
761,-76.5249984581023,3.97499931417406,TRUE,0,NA,NA,2397.18676757812,TRUE,FALSE,FALSE,TRUE,FALSE,2024,10
762,-76.4749984573573,3.97499931417406,TRUE,0,NA,NA,1839.12805175781,TRUE,FALSE,FALSE,TRUE,FALSE,2024,10
763,-76.4249984566122,3.97499931417406,TRUE,0,NA,NA,1602.75,TRUE,FALSE,FALSE,TRUE,FALSE,2024,10
764,-76.3749984558672,3.97499931417406,TRUE,0,NA,NA,1419.33825683594,TRUE,FALSE,FALSE,TRUE,FALSE,2024,10
765,-76.3249984551221,3.97499931417406,TRUE,0,NA,NA,1011.62432861328,TRUE,FALSE,FALSE,TRUE,FALSE,2024,10
766,-76.2749984543771,3.97499931417406,TRUE,0,20.3156394958496,NA,957.653869628906,TRUE,TRUE,FALSE,TRUE,FALSE,2024,10
767,-76.224998453632,3.97499931417406,TRUE,0,20.3156394958496,NA,1103.67211914062,TRUE,TRUE,FALSE,TRUE,FALSE,2024,10
768,-76.1749984528869,3.97499931417406,TRUE,0,NA,NA,1398.26879882812,TRUE,FALSE,FALSE,TRUE,FALSE,2024,10
769,-76.1249984521419,3.97499931417406,TRUE,0,NA,NA,1617.15026855469,TRUE,FALSE,FALSE,TRUE,FALSE,2024,10
770,-76.0749984513968,3.97499931417406,TRUE,0,NA,NA,1911.38244628906,TRUE,FALSE,FALSE,TRUE,FALSE,2024,10
771,-76.0249984506518,3.97499931417406,TRUE,0,NA,NA,2669.6220703125,TRUE,FALSE,FALSE,TRUE,FALSE,2024,10
772,-75.9749984499067,3.97499931417406,TRUE,0,NA,NA,3218.48510742188,TRUE,FALSE,FALSE,TRUE,FALSE,2024,10
773,-75.9249984491616,3.97499931417406,TRUE,0,NA,NA,3306.1455078125,TRUE,FALSE,FALSE,TRUE,FALSE,2024,10
774,-75.8749984484166,3.97499931417406,TRUE,0,NA,NA,3120.8056640625,TRUE,FALSE,FALSE,TRUE,FALSE,2024,10
775,-75.8249984476715,3.97499931417406,TRUE,0,NA,NA,3234.19580078125,TRUE,FALSE,FALSE,TRUE,FALSE,2024,10
783,-77.2749984692782,3.924999313429,TRUE,6.76546430587769,NA,NA,52.2254676818848,TRUE,FALSE,FALSE,TRUE,FALSE,2024,10
784,-77.2249984685332,3.924999313429,TRUE,10.685227394104,NA,NA,52.9343872070312,TRUE,FALSE,FALSE,TRUE,FALSE,2024,10
785,-77.1749984677881,3.924999313429,TRUE,0,NA,NA,44.9210433959961,TRUE,FALSE,FALSE,TRUE,FALSE,2024,10
786,-77.124998467043,3.924999313429,TRUE,0,NA,NA,32.9652671813965,TRUE,FALSE,FALSE,TRUE,FALSE,2024,10
787,-77.074998466298,3.924999313429,TRUE,20.412618637085,NA,NA,22.607105255127,TRUE,FALSE,FALSE,TRUE,FALSE,2024,10
788,-77.0249984655529,3.924999313429,TRUE,10.7906112670898,NA,NA,27.1637363433838,TRUE,FALSE,FALSE,TRUE,FALSE,2024,10
789,-76.9749984648079,3.924999313429,TRUE,10.3268365859985,NA,NA,44.151180267334,TRUE,FALSE,FALSE,TRUE,FALSE,2024,10
790,-76.9249984640628,3.924999313429,TRUE,27.9189300537109,24.9920692443848,NA,75.8914642333984,TRUE,TRUE,FALSE,TRUE,FALSE,2024,10
791,-76.8749984633178,3.924999313429,TRUE,9.35970973968506,24.9920692443848,NA,108.119552612305,TRUE,TRUE,FALSE,TRUE,FALSE,2024,10
792,-76.8249984625727,3.924999313429,TRUE,13.5052719116211,24.9920692443848,NA,180.514312744141,TRUE,TRUE,FALSE,TRUE,FALSE,2024,10
793,-76.7749984618276,3.924999313429,TRUE,10.3000650405884,NA,NA,382.861480712891,TRUE,FALSE,FALSE,TRUE,FALSE,2024,10
794,-76.7249984610826,3.924999313429,TRUE,11.087327003479,NA,NA,667.631591796875,TRUE,FALSE,FALSE,TRUE,FALSE,2024,10
795,-76.6749984603375,3.924999313429,TRUE,9.15893459320068,NA,NA,1065.53100585938,TRUE,FALSE,FALSE,TRUE,FALSE,2024,10
796,-76.6249984595925,3.924999313429,TRUE,0,NA,NA,1494.21716308594,TRUE,FALSE,FALSE,TRUE,FALSE,2024,10
797,-76.5749984588474,3.924999313429,TRUE,0,NA,NA,1864.33435058594,TRUE,FALSE,FALSE,TRUE,FALSE,2024,10
798,-76.5249984581023,3.924999313429,TRUE,0,NA,NA,1977.11999511719,TRUE,FALSE,FALSE,TRUE,FALSE,2024,10
799,-76.4749984573573,3.924999313429,TRUE,0,NA,NA,1563.37023925781,TRUE,FALSE,FALSE,TRUE,FALSE,2024,10
800,-76.4249984566122,3.924999313429,TRUE,0,NA,NA,1474.76770019531,TRUE,FALSE,FALSE,TRUE,FALSE,2024,10
801,-76.3749984558672,3.924999313429,TRUE,0,NA,NA,1185.97875976562,TRUE,FALSE,FALSE,TRUE,FALSE,2024,10
802,-76.3249984551221,3.924999313429,TRUE,0,NA,NA,980.649169921875,TRUE,FALSE,FALSE,TRUE,FALSE,2024,10
803,-76.2749984543771,3.924999313429,TRUE,0,20.1183547973633,NA,1044.35791015625,TRUE,TRUE,FALSE,TRUE,FALSE,2024,10
804,-76.224998453632,3.924999313429,TRUE,0,20.1183547973633,NA,1293.07446289062,TRUE,TRUE,FALSE,TRUE,FALSE,2024,10
805,-76.1749984528869,3.924999313429,TRUE,0,NA,NA,1807.48754882812,TRUE,FALSE,FALSE,TRUE,FALSE,2024,10
806,-76.1249984521419,3.924999313429,TRUE,0,NA,NA,2108.3916015625,TRUE,FALSE,FALSE,TRUE,FALSE,2024,10
807,-76.0749984513968,3.924999313429,TRUE,0,NA,NA,2026.95727539062,TRUE,FALSE,FALSE,TRUE,FALSE,2024,10
808,-76.0249984506518,3.924999313429,TRUE,12.7036571502686,NA,NA,2543.1728515625,TRUE,FALSE,FALSE,TRUE,FALSE,2024,10
809,-75.9749984499067,3.924999313429,TRUE,0,NA,NA,2773.34350585938,TRUE,FALSE,FALSE,TRUE,FALSE,2024,10
810,-75.9249984491616,3.924999313429,TRUE,0,NA,NA,2911.72631835938,TRUE,FALSE,FALSE,TRUE,FALSE,2024,10
811,-75.8749984484166,3.924999313429,TRUE,0,NA,NA,3357.85034179688,TRUE,FALSE,FALSE,TRUE,FALSE,2024,10
812,-75.8249984476715,3.924999313429,TRUE,0,NA,NA,3582.49291992188,TRUE,FALSE,FALSE,TRUE,FALSE,2024,10
820,-77.2749984692782,3.87499931268394,TRUE,5.55825996398926,NA,NA,44.451602935791,TRUE,FALSE,FALSE,TRUE,FALSE,2024,10
821,-77.2249984685332,3.87499931268394,TRUE,8.55798721313477,NA,NA,44.7871398925781,TRUE,FALSE,FALSE,TRUE,FALSE,2024,10
822,-77.1749984677881,3.87499931268394,TRUE,0,NA,NA,29.5522956848145,TRUE,FALSE,FALSE,TRUE,FALSE,2024,10
823,-77.124998467043,3.87499931268394,TRUE,0,NA,NA,18.5444183349609,TRUE,FALSE,FALSE,TRUE,FALSE,2024,10
825,-77.0249984655529,3.87499931268394,TRUE,21.1441173553467,NA,NA,14.0575695037842,TRUE,FALSE,FALSE,TRUE,FALSE,2024,10
826,-76.9749984648079,3.87499931268394,TRUE,9.6258373260498,NA,NA,40.9708442687988,TRUE,FALSE,FALSE,TRUE,FALSE,2024,10
827,-76.9249984640628,3.87499931268394,TRUE,17.3861865997314,24.8724975585938,NA,88.4106597900391,TRUE,TRUE,FALSE,TRUE,FALSE,2024,10
828,-76.8749984633178,3.87499931268394,TRUE,26.0091552734375,24.8724975585938,NA,155.287109375,TRUE,TRUE,FALSE,TRUE,FALSE,2024,10
829,-76.8249984625727,3.87499931268394,TRUE,11.7960414886475,24.8724975585938,NA,336.093811035156,TRUE,TRUE,FALSE,TRUE,FALSE,2024,10
830,-76.7749984618276,3.87499931268394,TRUE,9.40176868438721,NA,NA,701.246459960938,TRUE,FALSE,FALSE,TRUE,FALSE,2024,10
831,-76.7249984610826,3.87499931268394,TRUE,8.23102951049805,NA,NA,1260.00366210938,TRUE,FALSE,FALSE,TRUE,FALSE,2024,10
832,-76.6749984603375,3.87499931268394,TRUE,0,NA,NA,1607.46252441406,TRUE,FALSE,FALSE,TRUE,FALSE,2024,10
833,-76.6249984595925,3.87499931268394,TRUE,0,NA,NA,1621.7841796875,TRUE,FALSE,FALSE,TRUE,FALSE,2024,10
834,-76.5749984588474,3.87499931268394,TRUE,0,NA,NA,1702.04138183594,TRUE,FALSE,FALSE,TRUE,FALSE,2024,10
835,-76.5249984581023,3.87499931268394,TRUE,0,NA,NA,1571.81726074219,TRUE,FALSE,FALSE,TRUE,FALSE,2024,10
836,-76.4749984573573,3.87499931268394,TRUE,0,NA,NA,1520.09106445312,TRUE,FALSE,FALSE,TRUE,FALSE,2024,10
837,-76.4249984566122,3.87499931268394,TRUE,0,NA,NA,1391.37622070312,TRUE,FALSE,FALSE,TRUE,FALSE,2024,10
838,-76.3749984558672,3.87499931268394,TRUE,0,NA,NA,1014.47406005859,TRUE,FALSE,FALSE,TRUE,FALSE,2024,10
839,-76.3249984551221,3.87499931268394,TRUE,0,NA,NA,955.476013183594,TRUE,FALSE,FALSE,TRUE,FALSE,2024,10
840,-76.2749984543771,3.87499931268394,TRUE,0,19.9210681915283,NA,1157.02990722656,TRUE,TRUE,FALSE,TRUE,FALSE,2024,10
841,-76.224998453632,3.87499931268394,TRUE,0,19.9210681915283,NA,1474.36791992188,TRUE,TRUE,FALSE,TRUE,FALSE,2024,10
842,-76.1749984528869,3.87499931268394,TRUE,0,NA,NA,1891.25732421875,TRUE,FALSE,FALSE,TRUE,FALSE,2024,10
843,-76.1249984521419,3.87499931268394,TRUE,0,NA,NA,2444.41186523438,TRUE,FALSE,FALSE,TRUE,FALSE,2024,10
844,-76.0749984513968,3.87499931268394,TRUE,0,NA,NA,2526.13598632812,TRUE,FALSE,FALSE,TRUE,FALSE,2024,10
845,-76.0249984506518,3.87499931268394,TRUE,12.9228773117065,NA,NA,2523.3564453125,TRUE,FALSE,FALSE,TRUE,FALSE,2024,10
846,-75.9749984499067,3.87499931268394,TRUE,0,NA,NA,2722.73852539062,TRUE,FALSE,FALSE,TRUE,FALSE,2024,10
847,-75.9249984491616,3.87499931268394,TRUE,0,NA,NA,3033.53002929688,TRUE,FALSE,FALSE,TRUE,FALSE,2024,10
848,-75.8749984484166,3.87499931268394,TRUE,0,NA,NA,3619.875,TRUE,FALSE,FALSE,TRUE,FALSE,2024,10
861,-77.074998466298,3.82499931193888,TRUE,0,NA,NA,11.9124269485474,TRUE,FALSE,FALSE,TRUE,FALSE,2024,10
862,-77.0249984655529,3.82499931193888,TRUE,15.58616065979,NA,NA,19.4706172943115,TRUE,FALSE,FALSE,TRUE,FALSE,2024,10
863,-76.9749984648079,3.82499931193888,TRUE,17.0774974822998,NA,NA,49.2192611694336,TRUE,FALSE,FALSE,TRUE,FALSE,2024,10
864,-76.9249984640628,3.82499931193888,TRUE,16.586124420166,24.7529277801514,NA,116.476638793945,TRUE,TRUE,FALSE,TRUE,FALSE,2024,10
865,-76.8749984633178,3.82499931193888,TRUE,23.1512184143066,24.7529277801514,NA,274.782989501953,TRUE,TRUE,FALSE,TRUE,FALSE,2024,10
866,-76.8249984625727,3.82499931193888,TRUE,10.9906883239746,24.7529277801514,NA,614.76953125,TRUE,TRUE,FALSE,TRUE,FALSE,2024,10
867,-76.7749984618276,3.82499931193888,TRUE,7.37368011474609,NA,NA,734.865966796875,TRUE,FALSE,FALSE,TRUE,FALSE,2024,10
868,-76.7249984610826,3.82499931193888,TRUE,0,NA,NA,1374.62133789062,TRUE,FALSE,FALSE,TRUE,FALSE,2024,10
869,-76.6749984603375,3.82499931193888,TRUE,0,NA,NA,1651.05493164062,TRUE,FALSE,FALSE,TRUE,FALSE,2024,10
870,-76.6249984595925,3.82499931193888,TRUE,0,NA,NA,1641.71081542969,TRUE,FALSE,FALSE,TRUE,FALSE,2024,10
871,-76.5749984588474,3.82499931193888,TRUE,0,NA,NA,1647.0146484375,TRUE,FALSE,FALSE,TRUE,FALSE,2024,10
872,-76.5249984581023,3.82499931193888,TRUE,0,NA,NA,1498.96240234375,TRUE,FALSE,FALSE,TRUE,FALSE,2024,10
873,-76.4749984573573,3.82499931193888,TRUE,0,NA,NA,1515.05395507812,TRUE,FALSE,FALSE,TRUE,FALSE,2024,10
874,-76.4249984566122,3.82499931193888,TRUE,0,NA,NA,1383.0556640625,TRUE,FALSE,FALSE,TRUE,FALSE,2024,10
875,-76.3749984558672,3.82499931193888,TRUE,0,NA,NA,985.87744140625,TRUE,FALSE,FALSE,TRUE,FALSE,2024,10
876,-76.3249984551221,3.82499931193888,TRUE,0,NA,NA,963.978881835938,TRUE,FALSE,FALSE,TRUE,FALSE,2024,10
877,-76.2749984543771,3.82499931193888,TRUE,0,19.723783493042,NA,1161.52758789062,TRUE,TRUE,FALSE,TRUE,FALSE,2024,10
878,-76.224998453632,3.82499931193888,TRUE,0,19.723783493042,NA,1719.88049316406,TRUE,TRUE,FALSE,TRUE,FALSE,2024,10
879,-76.1749984528869,3.82499931193888,TRUE,0,NA,NA,2347.58422851562,TRUE,FALSE,FALSE,TRUE,FALSE,2024,10
880,-76.1249984521419,3.82499931193888,TRUE,0,NA,NA,2924.48999023438,TRUE,FALSE,FALSE,TRUE,FALSE,2024,10
881,-76.0749984513968,3.82499931193888,TRUE,0,NA,NA,3246.38012695312,TRUE,FALSE,FALSE,TRUE,FALSE,2024,10
882,-76.0249984506518,3.82499931193888,TRUE,12.976806640625,NA,NA,2832.61865234375,TRUE,FALSE,FALSE,TRUE,FALSE,2024,10
883,-75.9749984499067,3.82499931193888,TRUE,12.6761436462402,NA,NA,3143.79321289062,TRUE,FALSE,FALSE,TRUE,FALSE,2024,10
884,-75.9249984491616,3.82499931193888,TRUE,0,NA,NA,3613.14111328125,TRUE,FALSE,FALSE,TRUE,FALSE,2024,10
885,-75.8749984484166,3.82499931193888,TRUE,0,NA,NA,3856.46630859375,TRUE,FALSE,FALSE,TRUE,FALSE,2024,10
897,-77.124998467043,3.77499931119382,TRUE,0,NA,NA,15.67751121521,TRUE,FALSE,FALSE,TRUE,FALSE,2024,10
898,-77.074998466298,3.77499931119382,TRUE,0,NA,NA,16.4034767150879,TRUE,FALSE,FALSE,TRUE,FALSE,2024,10
899,-77.0249984655529,3.77499931119382,TRUE,0,NA,NA,33.2381858825684,TRUE,FALSE,FALSE,TRUE,FALSE,2024,10
900,-76.9749984648079,3.77499931119382,TRUE,14.0199241638184,NA,NA,63.629997253418,TRUE,FALSE,FALSE,TRUE,FALSE,2024,10
901,-76.9249984640628,3.77499931119382,TRUE,15.6890325546265,24.6333560943604,NA,144.505172729492,TRUE,TRUE,FALSE,TRUE,FALSE,2024,10
902,-76.8749984633178,3.77499931119382,TRUE,13.5458927154541,24.6333560943604,NA,502.203186035156,TRUE,TRUE,FALSE,TRUE,FALSE,2024,10
903,-76.8249984625727,3.77499931119382,TRUE,0,24.6333560943604,NA,1036.05334472656,TRUE,TRUE,FALSE,TRUE,FALSE,2024,10
904,-76.7749984618276,3.77499931119382,TRUE,0,NA,NA,788.459350585938,TRUE,FALSE,FALSE,TRUE,FALSE,2024,10
905,-76.7249984610826,3.77499931119382,TRUE,0,NA,NA,987.20703125,TRUE,FALSE,FALSE,TRUE,FALSE,2024,10
906,-76.6749984603375,3.77499931119382,TRUE,0,NA,NA,1068.64526367188,TRUE,FALSE,FALSE,TRUE,FALSE,2024,10
907,-76.6249984595925,3.77499931119382,TRUE,0,NA,NA,1170.0478515625,TRUE,FALSE,FALSE,TRUE,FALSE,2024,10
908,-76.5749984588474,3.77499931119382,TRUE,0,NA,NA,1442.64538574219,TRUE,FALSE,FALSE,TRUE,FALSE,2024,10
909,-76.5249984581023,3.77499931119382,TRUE,0,NA,NA,1429.36987304688,TRUE,FALSE,FALSE,TRUE,FALSE,2024,10
910,-76.4749984573573,3.77499931119382,TRUE,0,NA,NA,1487.794921875,TRUE,FALSE,FALSE,TRUE,FALSE,2024,10
911,-76.4249984566122,3.77499931119382,TRUE,0,NA,NA,1241.67163085938,TRUE,FALSE,FALSE,TRUE,FALSE,2024,10
912,-76.3749984558672,3.77499931119382,TRUE,0,NA,NA,963.49365234375,TRUE,FALSE,FALSE,TRUE,FALSE,2024,10
913,-76.3249984551221,3.77499931119382,TRUE,0,NA,NA,978.866821289062,TRUE,FALSE,FALSE,TRUE,FALSE,2024,10
914,-76.2749984543771,3.77499931119382,TRUE,0,19.526496887207,NA,1074.56494140625,TRUE,TRUE,FALSE,TRUE,FALSE,2024,10
915,-76.224998453632,3.77499931119382,TRUE,0,19.526496887207,NA,1512.7392578125,TRUE,TRUE,FALSE,TRUE,FALSE,2024,10
916,-76.1749984528869,3.77499931119382,TRUE,0,NA,NA,2155.75659179688,TRUE,FALSE,FALSE,TRUE,FALSE,2024,10
917,-76.1249984521419,3.77499931119382,TRUE,0,NA,NA,2785.80395507812,TRUE,FALSE,FALSE,TRUE,FALSE,2024,10
918,-76.0749984513968,3.77499931119382,TRUE,0,NA,NA,3317.1259765625,TRUE,FALSE,FALSE,TRUE,FALSE,2024,10
919,-76.0249984506518,3.77499931119382,TRUE,14.5037078857422,NA,NA,3203.84790039062,TRUE,FALSE,FALSE,TRUE,FALSE,2024,10
920,-75.9749984499067,3.77499931119382,TRUE,13.8429756164551,NA,NA,3443.81201171875,TRUE,FALSE,FALSE,TRUE,FALSE,2024,10
921,-75.9249984491616,3.77499931119382,TRUE,14.3701829910278,NA,NA,3800.29443359375,TRUE,FALSE,FALSE,TRUE,FALSE,2024,10
933,-77.1749984677881,3.72499931044877,TRUE,0,NA,NA,16.6105880737305,TRUE,FALSE,FALSE,TRUE,FALSE,2024,10
934,-77.124998467043,3.72499931044877,TRUE,0,NA,NA,16.8224296569824,TRUE,FALSE,FALSE,TRUE,FALSE,2024,10
935,-77.074998466298,3.72499931044877,TRUE,0,NA,NA,19.0779399871826,TRUE,FALSE,FALSE,TRUE,FALSE,2024,10
936,-77.0249984655529,3.72499931044877,TRUE,0,NA,NA,38.0001258850098,TRUE,FALSE,FALSE,TRUE,FALSE,2024,10
937,-76.9749984648079,3.72499931044877,TRUE,0,NA,NA,57.4907684326172,TRUE,FALSE,FALSE,TRUE,FALSE,2024,10
938,-76.9249984640628,3.72499931044877,TRUE,17.3103046417236,24.5137844085693,NA,294.245849609375,TRUE,TRUE,FALSE,TRUE,FALSE,2024,10
939,-76.8749984633178,3.72499931044877,TRUE,0,24.5137844085693,NA,795.774475097656,TRUE,TRUE,FALSE,TRUE,FALSE,2024,10
940,-76.8249984625727,3.72499931044877,TRUE,0,24.5137844085693,NA,1343.96459960938,TRUE,TRUE,FALSE,TRUE,FALSE,2024,10
941,-76.7749984618276,3.72499931044877,TRUE,0,NA,NA,1091.05712890625,TRUE,FALSE,FALSE,TRUE,FALSE,2024,10
942,-76.7249984610826,3.72499931044877,TRUE,0,NA,NA,1316.92004394531,TRUE,FALSE,FALSE,TRUE,FALSE,2024,10
943,-76.6749984603375,3.72499931044877,TRUE,0,NA,NA,1121.13244628906,TRUE,FALSE,FALSE,TRUE,FALSE,2024,10
944,-76.6249984595925,3.72499931044877,TRUE,0,NA,NA,1279.23059082031,TRUE,FALSE,FALSE,TRUE,FALSE,2024,10
945,-76.5749984588474,3.72499931044877,TRUE,0,NA,NA,1386.21984863281,TRUE,FALSE,FALSE,TRUE,FALSE,2024,10
946,-76.5249984581023,3.72499931044877,TRUE,0,NA,14.8371429443359,1427.79724121094,TRUE,FALSE,TRUE,TRUE,FALSE,2024,10
947,-76.4749984573573,3.72499931044877,TRUE,0,NA,14.8371429443359,1560.30322265625,TRUE,FALSE,TRUE,TRUE,FALSE,2024,10
948,-76.4249984566122,3.72499931044877,TRUE,0,NA,NA,1146.73999023438,TRUE,FALSE,FALSE,TRUE,FALSE,2024,10
949,-76.3749984558672,3.72499931044877,TRUE,0,NA,NA,956.173645019531,TRUE,FALSE,FALSE,TRUE,FALSE,2024,10
950,-76.3249984551221,3.72499931044877,TRUE,0,NA,NA,980.789001464844,TRUE,FALSE,FALSE,TRUE,FALSE,2024,10
951,-76.2749984543771,3.72499931044877,TRUE,0,19.3292121887207,NA,1030.00476074219,TRUE,TRUE,FALSE,TRUE,FALSE,2024,10
952,-76.224998453632,3.72499931044877,TRUE,8.96978855133057,19.3292121887207,NA,1356.76586914062,TRUE,TRUE,FALSE,TRUE,FALSE,2024,10
953,-76.1749984528869,3.72499931044877,TRUE,0,NA,NA,2102.953125,TRUE,FALSE,FALSE,TRUE,FALSE,2024,10
954,-76.1249984521419,3.72499931044877,TRUE,0,NA,NA,3119.93505859375,TRUE,FALSE,FALSE,TRUE,FALSE,2024,10
955,-76.0749984513968,3.72499931044877,TRUE,0,NA,NA,2950.63208007812,TRUE,FALSE,FALSE,TRUE,FALSE,2024,10
956,-76.0249984506518,3.72499931044877,TRUE,15.8761615753174,NA,NA,3136.94555664062,TRUE,FALSE,FALSE,TRUE,FALSE,2024,10
957,-75.9749984499067,3.72499931044877,TRUE,13.7664003372192,NA,NA,3621.12182617188,TRUE,FALSE,FALSE,TRUE,FALSE,2024,10
971,-77.124998467043,3.67499930970371,TRUE,0,NA,NA,19.3520393371582,TRUE,FALSE,FALSE,TRUE,FALSE,2024,10
972,-77.074998466298,3.67499930970371,TRUE,7.40128564834595,NA,NA,33.0118370056152,TRUE,FALSE,FALSE,TRUE,FALSE,2024,10
973,-77.0249984655529,3.67499930970371,TRUE,0,NA,NA,64.2014541625977,TRUE,FALSE,FALSE,TRUE,FALSE,2024,10
974,-76.9749984648079,3.67499930970371,TRUE,0,NA,NA,116.640823364258,TRUE,FALSE,FALSE,TRUE,FALSE,2024,10
975,-76.9249984640628,3.67499930970371,TRUE,0,24.3942127227783,NA,322.251586914062,TRUE,TRUE,FALSE,TRUE,FALSE,2024,10
976,-76.8749984633178,3.67499930970371,TRUE,0,24.3942127227783,NA,633.796020507812,TRUE,TRUE,FALSE,TRUE,FALSE,2024,10
977,-76.8249984625727,3.67499930970371,TRUE,0,24.3942127227783,NA,1230.88500976562,TRUE,TRUE,FALSE,TRUE,FALSE,2024,10
978,-76.7749984618276,3.67499930970371,TRUE,0,NA,NA,1539.41430664062,TRUE,FALSE,FALSE,TRUE,FALSE,2024,10
979,-76.7249984610826,3.67499930970371,TRUE,0,NA,NA,1444.50146484375,TRUE,FALSE,FALSE,TRUE,FALSE,2024,10
980,-76.6749984603375,3.67499930970371,TRUE,0,NA,NA,1189.70886230469,TRUE,FALSE,FALSE,TRUE,FALSE,2024,10
981,-76.6249984595925,3.67499930970371,TRUE,0,NA,NA,1421.43811035156,TRUE,FALSE,FALSE,TRUE,FALSE,2024,10
982,-76.5749984588474,3.67499930970371,TRUE,0,NA,NA,1476.03137207031,TRUE,FALSE,FALSE,TRUE,FALSE,2024,10
983,-76.5249984581023,3.67499930970371,TRUE,0,NA,14.8371429443359,1516.34509277344,TRUE,FALSE,TRUE,TRUE,FALSE,2024,10
984,-76.4749984573573,3.67499930970371,TRUE,0,NA,14.8371429443359,1266.03271484375,TRUE,FALSE,TRUE,TRUE,FALSE,2024,10
985,-76.4249984566122,3.67499930970371,TRUE,0,NA,NA,984.850524902344,TRUE,FALSE,FALSE,TRUE,FALSE,2024,10
986,-76.3749984558672,3.67499930970371,TRUE,0,NA,NA,963.954528808594,TRUE,FALSE,FALSE,TRUE,FALSE,2024,10
987,-76.3249984551221,3.67499930970371,TRUE,0,NA,NA,988.557006835938,TRUE,FALSE,FALSE,TRUE,FALSE,2024,10
988,-76.2749984543771,3.67499930970371,TRUE,8.6463565826416,19.1319255828857,NA,1023.16107177734,TRUE,TRUE,FALSE,TRUE,FALSE,2024,10
989,-76.224998453632,3.67499930970371,TRUE,7.82165431976318,19.1319255828857,NA,1212.46728515625,TRUE,TRUE,FALSE,TRUE,FALSE,2024,10
990,-76.1749984528869,3.67499930970371,TRUE,5.62653017044067,NA,NA,2044.90270996094,TRUE,FALSE,FALSE,TRUE,FALSE,2024,10
991,-76.1249984521419,3.67499930970371,TRUE,0,NA,NA,2956.97436523438,TRUE,FALSE,FALSE,TRUE,FALSE,2024,10
992,-76.0749984513968,3.67499930970371,TRUE,0,NA,NA,2389.328125,TRUE,FALSE,FALSE,TRUE,FALSE,2024,10
993,-76.0249984506518,3.67499930970371,TRUE,16.705883026123,NA,NA,2793.95141601562,TRUE,FALSE,FALSE,TRUE,FALSE,2024,10
994,-75.9749984499067,3.67499930970371,TRUE,14.7134943008423,NA,NA,3580.73046875,TRUE,FALSE,FALSE,TRUE,FALSE,2024,10
1008,-77.124998467043,3.62499930895865,TRUE,7.96157455444336,NA,NA,46.3943786621094,TRUE,FALSE,FALSE,TRUE,FALSE,2024,10
1009,-77.074998466298,3.62499930895865,TRUE,0,NA,NA,56.815128326416,TRUE,FALSE,FALSE,TRUE,FALSE,2024,10
1010,-77.0249984655529,3.62499930895865,TRUE,0,NA,NA,102.140502929688,TRUE,FALSE,FALSE,TRUE,FALSE,2024,10
1011,-76.9749984648079,3.62499930895865,TRUE,0,NA,NA,285.152496337891,TRUE,FALSE,FALSE,TRUE,FALSE,2024,10
1012,-76.9249984640628,3.62499930895865,TRUE,0,24.2746410369873,NA,514.394958496094,TRUE,TRUE,FALSE,TRUE,FALSE,2024,10
1013,-76.8749984633178,3.62499930895865,TRUE,0,24.2746410369873,NA,598.751647949219,TRUE,TRUE,FALSE,TRUE,FALSE,2024,10
1014,-76.8249984625727,3.62499930895865,TRUE,0,24.2746410369873,NA,1008.32122802734,TRUE,TRUE,FALSE,TRUE,FALSE,2024,10
1015,-76.7749984618276,3.62499930895865,TRUE,0,NA,NA,1478.14538574219,TRUE,FALSE,FALSE,TRUE,FALSE,2024,10
1016,-76.7249984610826,3.62499930895865,TRUE,0,NA,NA,1506.36157226562,TRUE,FALSE,FALSE,TRUE,FALSE,2024,10
1017,-76.6749984603375,3.62499930895865,TRUE,0,NA,NA,1209.05310058594,TRUE,FALSE,FALSE,TRUE,FALSE,2024,10
1018,-76.6249984595925,3.62499930895865,TRUE,0,NA,NA,1478.58081054688,TRUE,FALSE,FALSE,TRUE,FALSE,2024,10
1019,-76.5749984588474,3.62499930895865,TRUE,0,NA,NA,1651.08764648438,TRUE,FALSE,FALSE,TRUE,FALSE,2024,10
1020,-76.5249984581023,3.62499930895865,TRUE,0,NA,14.8371429443359,1497.13940429688,TRUE,FALSE,TRUE,TRUE,FALSE,2024,10
1021,-76.4749984573573,3.62499930895865,TRUE,0,NA,14.8371429443359,1068.1484375,TRUE,FALSE,TRUE,TRUE,FALSE,2024,10
1022,-76.4249984566122,3.62499930895865,TRUE,0,NA,NA,953.005187988281,TRUE,FALSE,FALSE,TRUE,FALSE,2024,10
1023,-76.3749984558672,3.62499930895865,TRUE,0,NA,NA,970.272277832031,TRUE,FALSE,FALSE,TRUE,FALSE,2024,10
1024,-76.3249984551221,3.62499930895865,TRUE,8.15329551696777,NA,NA,995.829956054688,TRUE,FALSE,FALSE,TRUE,FALSE,2024,10
1025,-76.2749984543771,3.62499930895865,TRUE,7.60205078125,18.9346408843994,NA,1034.16809082031,TRUE,TRUE,FALSE,TRUE,FALSE,2024,10
1026,-76.224998453632,3.62499930895865,TRUE,7.40477514266968,18.9346408843994,NA,1125.55969238281,TRUE,TRUE,FALSE,TRUE,FALSE,2024,10
1027,-76.1749984528869,3.62499930895865,TRUE,10.1446580886841,NA,NA,1674.27648925781,TRUE,FALSE,FALSE,TRUE,FALSE,2024,10
1028,-76.1249984521419,3.62499930895865,TRUE,9.43438720703125,NA,NA,2064.75830078125,TRUE,FALSE,FALSE,TRUE,FALSE,2024,10
1029,-76.0749984513968,3.62499930895865,TRUE,0,NA,NA,2128.43432617188,TRUE,FALSE,FALSE,TRUE,FALSE,2024,10
1030,-76.0249984506518,3.62499930895865,TRUE,0,NA,NA,3060.10424804688,TRUE,FALSE,FALSE,TRUE,FALSE,2024,10
1043,-77.2249984685332,3.57499930821359,TRUE,0,NA,NA,36.294807434082,TRUE,FALSE,FALSE,TRUE,FALSE,2024,10
1044,-77.1749984677881,3.57499930821359,TRUE,0,NA,NA,57.2176208496094,TRUE,FALSE,FALSE,TRUE,FALSE,2024,10
1045,-77.124998467043,3.57499930821359,TRUE,0,NA,NA,87.1513366699219,TRUE,FALSE,FALSE,TRUE,FALSE,2024,10
1046,-77.074998466298,3.57499930821359,TRUE,0,NA,NA,114.683685302734,TRUE,FALSE,FALSE,TRUE,FALSE,2024,10
1047,-77.0249984655529,3.57499930821359,TRUE,0,NA,NA,178.801406860352,TRUE,FALSE,FALSE,TRUE,FALSE,2024,10
1048,-76.9749984648079,3.57499930821359,TRUE,0,NA,NA,422.921905517578,TRUE,FALSE,FALSE,TRUE,FALSE,2024,10
1049,-76.9249984640628,3.57499930821359,TRUE,0,24.1550693511963,NA,956.927490234375,TRUE,TRUE,FALSE,TRUE,FALSE,2024,10
1050,-76.8749984633178,3.57499930821359,TRUE,0,24.1550693511963,NA,757.549865722656,TRUE,TRUE,FALSE,TRUE,FALSE,2024,10
1051,-76.8249984625727,3.57499930821359,TRUE,0,24.1550693511963,NA,854.671569824219,TRUE,TRUE,FALSE,TRUE,FALSE,2024,10
1052,-76.7749984618276,3.57499930821359,TRUE,0,NA,NA,1123.77429199219,TRUE,FALSE,FALSE,TRUE,FALSE,2024,10
1053,-76.7249984610826,3.57499930821359,TRUE,0,NA,NA,1506.79833984375,TRUE,FALSE,FALSE,TRUE,FALSE,2024,10
1054,-76.6749984603375,3.57499930821359,TRUE,0,NA,NA,1329.34301757812,TRUE,FALSE,FALSE,TRUE,FALSE,2024,10
1055,-76.6249984595925,3.57499930821359,TRUE,0,NA,NA,1567.6259765625,TRUE,FALSE,FALSE,TRUE,FALSE,2024,10
1056,-76.5749984588474,3.57499930821359,TRUE,0,NA,NA,1801.29064941406,TRUE,FALSE,FALSE,TRUE,FALSE,2024,10
1057,-76.5249984581023,3.57499930821359,TRUE,0,NA,14.8371429443359,1349.96069335938,TRUE,FALSE,TRUE,TRUE,FALSE,2024,10
1058,-76.4749984573573,3.57499930821359,TRUE,0,NA,14.8371429443359,988.337341308594,TRUE,FALSE,TRUE,TRUE,FALSE,2024,10
1059,-76.4249984566122,3.57499930821359,TRUE,0,NA,NA,952.574890136719,TRUE,FALSE,FALSE,TRUE,FALSE,2024,10
1060,-76.3749984558672,3.57499930821359,TRUE,6.97485780715942,NA,NA,969.375061035156,TRUE,FALSE,FALSE,TRUE,FALSE,2024,10
1061,-76.3249984551221,3.57499930821359,TRUE,8.17823886871338,NA,NA,994.394287109375,TRUE,FALSE,FALSE,TRUE,FALSE,2024,10
1062,-76.2749984543771,3.57499930821359,TRUE,6.78949642181396,18.7373542785645,NA,1036.51501464844,TRUE,TRUE,FALSE,TRUE,FALSE,2024,10
1063,-76.224998453632,3.57499930821359,TRUE,6.33074998855591,18.7373542785645,NA,1133.84167480469,TRUE,TRUE,FALSE,TRUE,FALSE,2024,10
1064,-76.1749984528869,3.57499930821359,TRUE,9.01296234130859,NA,NA,1674.81616210938,TRUE,FALSE,FALSE,TRUE,FALSE,2024,10
1065,-76.1249984521419,3.57499930821359,TRUE,9.12691974639893,NA,NA,2178.15234375,TRUE,FALSE,FALSE,TRUE,FALSE,2024,10
1066,-76.0749984513968,3.57499930821359,TRUE,0,NA,NA,2664.85620117188,TRUE,FALSE,FALSE,TRUE,FALSE,2024,10
1067,-76.0249984506518,3.57499930821359,TRUE,0,NA,NA,3396.17236328125,TRUE,FALSE,FALSE,TRUE,FALSE,2024,10
1078,-77.3249984700233,3.52499930746853,TRUE,17.8599796295166,NA,NA,10.4228353500366,TRUE,FALSE,FALSE,TRUE,FALSE,2024,10
1079,-77.2749984692782,3.52499930746853,TRUE,12.7977628707886,NA,NA,20.7280311584473,TRUE,FALSE,FALSE,TRUE,FALSE,2024,10
1080,-77.2249984685332,3.52499930746853,TRUE,0,NA,NA,39.6812057495117,TRUE,FALSE,FALSE,TRUE,FALSE,2024,10
1081,-77.1749984677881,3.52499930746853,TRUE,0,NA,NA,67.1327896118164,TRUE,FALSE,FALSE,TRUE,FALSE,2024,10
1082,-77.124998467043,3.52499930746853,TRUE,0,NA,NA,86.6690444946289,TRUE,FALSE,FALSE,TRUE,FALSE,2024,10
1083,-77.074998466298,3.52499930746853,TRUE,0,NA,NA,165.392303466797,TRUE,FALSE,FALSE,TRUE,FALSE,2024,10
1084,-77.0249984655529,3.52499930746853,TRUE,0,NA,NA,420.870574951172,TRUE,FALSE,FALSE,TRUE,FALSE,2024,10
1085,-76.9749984648079,3.52499930746853,TRUE,0,NA,NA,559.199157714844,TRUE,FALSE,FALSE,TRUE,FALSE,2024,10
1086,-76.9249984640628,3.52499930746853,TRUE,0,24.0354976654053,NA,962.422607421875,TRUE,TRUE,FALSE,TRUE,FALSE,2024,10
1087,-76.8749984633178,3.52499930746853,TRUE,0,24.0354976654053,NA,997.434204101562,TRUE,TRUE,FALSE,TRUE,FALSE,2024,10
1088,-76.8249984625727,3.52499930746853,TRUE,0,24.0354976654053,NA,1195.12939453125,TRUE,TRUE,FALSE,TRUE,FALSE,2024,10
1089,-76.7749984618276,3.52499930746853,TRUE,0,NA,NA,1344.21545410156,TRUE,FALSE,FALSE,TRUE,FALSE,2024,10
1090,-76.7249984610826,3.52499930746853,TRUE,0,NA,NA,1570.28674316406,TRUE,FALSE,FALSE,TRUE,FALSE,2024,10
1091,-76.6749984603375,3.52499930746853,TRUE,0,NA,NA,1602.81372070312,TRUE,FALSE,FALSE,TRUE,FALSE,2024,10
1092,-76.6249984595925,3.52499930746853,TRUE,0,NA,NA,1729.04504394531,TRUE,FALSE,FALSE,TRUE,FALSE,2024,10
1093,-76.5749984588474,3.52499930746853,TRUE,0,NA,NA,1739.09912109375,TRUE,FALSE,FALSE,TRUE,FALSE,2024,10
1094,-76.5249984581023,3.52499930746853,TRUE,0,NA,14.8371429443359,1165.43579101562,TRUE,FALSE,TRUE,TRUE,FALSE,2024,10
1095,-76.4749984573573,3.52499930746853,TRUE,0,NA,14.8371429443359,953.00390625,TRUE,FALSE,TRUE,TRUE,FALSE,2024,10
1096,-76.4249984566122,3.52499930746853,TRUE,3.89761281013489,NA,NA,951.653686523438,TRUE,FALSE,FALSE,TRUE,FALSE,2024,10
1097,-76.3749984558672,3.52499930746853,TRUE,4.32140445709229,NA,NA,964.829650878906,TRUE,FALSE,FALSE,TRUE,FALSE,2024,10
1098,-76.3249984551221,3.52499930746853,TRUE,4.56059265136719,NA,NA,987.3486328125,TRUE,FALSE,FALSE,TRUE,FALSE,2024,10
1099,-76.2749984543771,3.52499930746853,TRUE,5.51889753341675,18.5400695800781,NA,1023.96124267578,TRUE,TRUE,FALSE,TRUE,FALSE,2024,10
1100,-76.224998453632,3.52499930746853,TRUE,6.28106117248535,18.5400695800781,NA,1162.86181640625,TRUE,TRUE,FALSE,TRUE,FALSE,2024,10
1101,-76.1749984528869,3.52499930746853,TRUE,9.16039180755615,NA,NA,1742.09216308594,TRUE,FALSE,FALSE,TRUE,FALSE,2024,10
1102,-76.1249984521419,3.52499930746853,TRUE,8.73209667205811,NA,NA,2400.97729492188,TRUE,FALSE,FALSE,TRUE,FALSE,2024,10
1103,-76.0749984513968,3.52499930746853,TRUE,9.0870475769043,NA,NA,3323.83471679688,TRUE,FALSE,FALSE,TRUE,FALSE,2024,10
1104,-76.0249984506518,3.52499930746853,TRUE,0,NA,NA,3687.83422851562,TRUE,FALSE,FALSE,TRUE,FALSE,2024,10
1115,-77.3249984700233,3.47499930672348,TRUE,21.2292442321777,NA,NA,18.8155994415283,TRUE,FALSE,FALSE,TRUE,FALSE,2024,10
1116,-77.2749984692782,3.47499930672348,TRUE,15.4920015335083,NA,NA,33.4105911254883,TRUE,FALSE,FALSE,TRUE,FALSE,2024,10
1117,-77.2249984685332,3.47499930672348,TRUE,0,NA,NA,51.3187103271484,TRUE,FALSE,FALSE,TRUE,FALSE,2024,10
1118,-77.1749984677881,3.47499930672348,TRUE,0,NA,NA,52.6558036804199,TRUE,FALSE,FALSE,TRUE,FALSE,2024,10
1119,-77.124998467043,3.47499930672348,TRUE,0,NA,NA,77.1768417358398,TRUE,FALSE,FALSE,TRUE,FALSE,2024,10
1120,-77.074998466298,3.47499930672348,TRUE,0,NA,NA,192.82975769043,TRUE,FALSE,FALSE,TRUE,FALSE,2024,10
1121,-77.0249984655529,3.47499930672348,TRUE,0,NA,NA,465.142120361328,TRUE,FALSE,FALSE,TRUE,FALSE,2024,10
1122,-76.9749984648079,3.47499930672348,TRUE,5.30162715911865,NA,NA,665.512451171875,TRUE,FALSE,FALSE,TRUE,FALSE,2024,10
1123,-76.9249984640628,3.47499930672348,TRUE,4.02786302566528,23.9094276428223,NA,1030.67517089844,TRUE,TRUE,FALSE,TRUE,FALSE,2024,10
1124,-76.8749984633178,3.47499930672348,TRUE,0,23.9094276428223,NA,1202.16638183594,TRUE,TRUE,FALSE,TRUE,FALSE,2024,10
1125,-76.8249984625727,3.47499930672348,TRUE,0,23.9094276428223,NA,1252.81640625,TRUE,TRUE,FALSE,TRUE,FALSE,2024,10
1126,-76.7749984618276,3.47499930672348,TRUE,0,NA,NA,1725.45666503906,TRUE,FALSE,FALSE,TRUE,FALSE,2024,10
1127,-76.7249984610826,3.47499930672348,TRUE,0,NA,NA,2002.93566894531,TRUE,FALSE,FALSE,TRUE,FALSE,2024,10
1128,-76.6749984603375,3.47499930672348,TRUE,0,NA,NA,2031.27136230469,TRUE,FALSE,FALSE,TRUE,FALSE,2024,10
1129,-76.6249984595925,3.47499930672348,TRUE,0,NA,NA,1789.14611816406,TRUE,FALSE,FALSE,TRUE,FALSE,2024,10
1130,-76.5749984588474,3.47499930672348,TRUE,0,NA,NA,1410.84558105469,TRUE,FALSE,FALSE,TRUE,FALSE,2024,10
1131,-76.5249984581023,3.47499930672348,TRUE,0,NA,14.8371429443359,1063.49499511719,TRUE,FALSE,TRUE,TRUE,FALSE,2024,10
1132,-76.4749984573573,3.47499930672348,TRUE,0,NA,14.8371429443359,951.651184082031,TRUE,FALSE,TRUE,TRUE,FALSE,2024,10
1133,-76.4249984566122,3.47499930672348,TRUE,0,NA,NA,951.803405761719,TRUE,FALSE,FALSE,TRUE,FALSE,2024,10
1134,-76.3749984558672,3.47499930672348,TRUE,7.51674270629883,NA,NA,962.728698730469,TRUE,FALSE,FALSE,TRUE,FALSE,2024,10
1135,-76.3249984551221,3.47499930672348,TRUE,5.70207786560059,NA,NA,978.887817382812,TRUE,FALSE,FALSE,TRUE,FALSE,2024,10
1136,-76.2749984543771,3.47499930672348,TRUE,9.61544418334961,18.394998550415,NA,1008.08697509766,TRUE,TRUE,FALSE,TRUE,FALSE,2024,10
1137,-76.224998453632,3.47499930672348,TRUE,5.79103422164917,18.394998550415,NA,1197.71923828125,TRUE,TRUE,FALSE,TRUE,FALSE,2024,10
1138,-76.1749984528869,3.47499930672348,TRUE,10.0708675384521,NA,NA,1941.87316894531,TRUE,FALSE,FALSE,TRUE,FALSE,2024,10
1139,-76.1249984521419,3.47499930672348,TRUE,9.67042827606201,NA,NA,2649.87182617188,TRUE,FALSE,FALSE,TRUE,FALSE,2024,10
1140,-76.0749984513968,3.47499930672348,TRUE,10.0202531814575,NA,NA,3530.49462890625,TRUE,FALSE,FALSE,TRUE,FALSE,2024,10
1141,-76.0249984506518,3.47499930672348,TRUE,16.0966110229492,NA,NA,3787.95874023438,TRUE,FALSE,FALSE,TRUE,FALSE,2024,10
1151,-77.3749984707683,3.42499930597842,TRUE,22.1362037658691,NA,NA,14.0463418960571,TRUE,FALSE,FALSE,TRUE,FALSE,2024,10
1152,-77.3249984700233,3.42499930597842,TRUE,18.1140365600586,NA,NA,22.7166137695312,TRUE,FALSE,FALSE,TRUE,FALSE,2024,10
1153,-77.2749984692782,3.42499930597842,TRUE,0,NA,NA,45.7262382507324,TRUE,FALSE,FALSE,TRUE,FALSE,2024,10
1154,-77.2249984685332,3.42499930597842,TRUE,0,NA,NA,86.599739074707,TRUE,FALSE,FALSE,TRUE,FALSE,2024,10
1155,-77.1749984677881,3.42499930597842,TRUE,0,NA,NA,64.3859710693359,TRUE,FALSE,FALSE,TRUE,FALSE,2024,10
1156,-77.124998467043,3.42499930597842,TRUE,0,NA,NA,71.2607345581055,TRUE,FALSE,FALSE,TRUE,FALSE,2024,10
1157,-77.074998466298,3.42499930597842,TRUE,0,NA,NA,234.027435302734,TRUE,FALSE,FALSE,TRUE,FALSE,2024,10
1158,-77.0249984655529,3.42499930597842,TRUE,0,NA,NA,460.963500976562,TRUE,FALSE,FALSE,TRUE,FALSE,2024,10
1159,-76.9749984648079,3.42499930597842,TRUE,3.90567970275879,NA,NA,808.31884765625,TRUE,FALSE,FALSE,TRUE,FALSE,2024,10
1160,-76.9249984640628,3.42499930597842,TRUE,3.87921094894409,23.77685546875,NA,1335.34338378906,TRUE,TRUE,FALSE,TRUE,FALSE,2024,10
1161,-76.8749984633178,3.42499930597842,TRUE,0,23.77685546875,NA,1570.08190917969,TRUE,TRUE,FALSE,TRUE,FALSE,2024,10
1162,-76.8249984625727,3.42499930597842,TRUE,0,23.77685546875,NA,1463.97534179688,TRUE,TRUE,FALSE,TRUE,FALSE,2024,10
1163,-76.7749984618276,3.42499930597842,TRUE,0,NA,NA,1763.32446289062,TRUE,FALSE,FALSE,TRUE,FALSE,2024,10
1164,-76.7249984610826,3.42499930597842,TRUE,0,NA,NA,2395.0126953125,TRUE,FALSE,FALSE,TRUE,FALSE,2024,10
1165,-76.6749984603375,3.42499930597842,TRUE,0,NA,NA,2571.05322265625,TRUE,FALSE,FALSE,TRUE,FALSE,2024,10
1166,-76.6249984595925,3.42499930597842,TRUE,0,NA,NA,1881.70971679688,TRUE,FALSE,FALSE,TRUE,FALSE,2024,10
1167,-76.5749984588474,3.42499930597842,TRUE,0,NA,NA,1253.45971679688,TRUE,FALSE,FALSE,TRUE,FALSE,2024,10
1168,-76.5249984581023,3.42499930597842,TRUE,0,NA,14.8371429443359,984.429748535156,TRUE,FALSE,TRUE,TRUE,FALSE,2024,10
1169,-76.4749984573573,3.42499930597842,TRUE,0,NA,14.8371429443359,951.992858886719,TRUE,FALSE,TRUE,TRUE,FALSE,2024,10
1170,-76.4249984566122,3.42499930597842,TRUE,0,NA,NA,954.662475585938,TRUE,FALSE,FALSE,TRUE,FALSE,2024,10
1171,-76.3749984558672,3.42499930597842,TRUE,6.3586277961731,NA,NA,966.371765136719,TRUE,FALSE,FALSE,TRUE,FALSE,2024,10
1172,-76.3249984551221,3.42499930597842,TRUE,8.09537887573242,NA,NA,983.023986816406,TRUE,FALSE,FALSE,TRUE,FALSE,2024,10
1173,-76.2749984543771,3.42499930597842,TRUE,6.10844659805298,18.3021411895752,NA,1015.86108398438,TRUE,TRUE,FALSE,TRUE,FALSE,2024,10
1174,-76.224998453632,3.42499930597842,TRUE,8.7170467376709,18.3021411895752,NA,1154.78125,TRUE,TRUE,FALSE,TRUE,FALSE,2024,10
1175,-76.1749984528869,3.42499930597842,TRUE,6.37008094787598,NA,NA,1738.416015625,TRUE,FALSE,FALSE,TRUE,FALSE,2024,10
1176,-76.1249984521419,3.42499930597842,TRUE,9.55679798126221,NA,NA,2421.17333984375,TRUE,FALSE,FALSE,TRUE,FALSE,2024,10
1177,-76.0749984513968,3.42499930597842,TRUE,9.59020614624023,NA,NA,3203.0234375,TRUE,FALSE,FALSE,TRUE,FALSE,2024,10
1188,-77.3749984707683,3.37499930523336,TRUE,0,NA,NA,20.3139991760254,TRUE,FALSE,FALSE,TRUE,FALSE,2024,10
1189,-77.3249984700233,3.37499930523336,TRUE,0,NA,NA,41.2873725891113,TRUE,FALSE,FALSE,TRUE,FALSE,2024,10
1190,-77.2749984692782,3.37499930523336,TRUE,0,NA,NA,64.4851531982422,TRUE,FALSE,FALSE,TRUE,FALSE,2024,10
1191,-77.2249984685332,3.37499930523336,TRUE,0,NA,NA,96.9115753173828,TRUE,FALSE,FALSE,TRUE,FALSE,2024,10
1192,-77.1749984677881,3.37499930523336,TRUE,0,NA,NA,83.5121688842773,TRUE,FALSE,FALSE,TRUE,FALSE,2024,10
1193,-77.124998467043,3.37499930523336,TRUE,0,NA,NA,91.8039016723633,TRUE,FALSE,FALSE,TRUE,FALSE,2024,10
1194,-77.074998466298,3.37499930523336,TRUE,0,NA,NA,292.806304931641,TRUE,FALSE,FALSE,TRUE,FALSE,2024,10
1195,-77.0249984655529,3.37499930523336,TRUE,0,NA,NA,675.032287597656,TRUE,FALSE,FALSE,TRUE,FALSE,2024,10
1196,-76.9749984648079,3.37499930523336,TRUE,0,NA,NA,901.396423339844,TRUE,FALSE,FALSE,TRUE,FALSE,2024,10
1197,-76.9249984640628,3.37499930523336,TRUE,3.70067262649536,23.6442832946777,NA,1399.70300292969,TRUE,TRUE,FALSE,TRUE,FALSE,2024,10
1198,-76.8749984633178,3.37499930523336,TRUE,0,23.6442832946777,NA,1891.66418457031,TRUE,TRUE,FALSE,TRUE,FALSE,2024,10
1199,-76.8249984625727,3.37499930523336,TRUE,0,23.6442832946777,NA,1995.97827148438,TRUE,TRUE,FALSE,TRUE,FALSE,2024,10
1200,-76.7749984618276,3.37499930523336,TRUE,0,NA,NA,2347.10571289062,TRUE,FALSE,FALSE,TRUE,FALSE,2024,10
1201,-76.7249984610826,3.37499930523336,TRUE,0,NA,NA,2898.4990234375,TRUE,FALSE,FALSE,TRUE,FALSE,2024,10
1202,-76.6749984603375,3.37499930523336,TRUE,0,NA,NA,2920.78637695312,TRUE,FALSE,FALSE,TRUE,FALSE,2024,10
1203,-76.6249984595925,3.37499930523336,TRUE,0,NA,NA,1953.40356445312,TRUE,FALSE,FALSE,TRUE,FALSE,2024,10
1204,-76.5749984588474,3.37499930523336,TRUE,0,NA,NA,1236.39611816406,TRUE,FALSE,FALSE,TRUE,FALSE,2024,10
1205,-76.5249984581023,3.37499930523336,TRUE,0,NA,14.8371429443359,983.987060546875,TRUE,FALSE,TRUE,TRUE,FALSE,2024,10
1206,-76.4749984573573,3.37499930523336,TRUE,0,NA,14.8371429443359,954.1328125,TRUE,FALSE,TRUE,TRUE,FALSE,2024,10
1207,-76.4249984566122,3.37499930523336,TRUE,0,NA,NA,958.639892578125,TRUE,FALSE,FALSE,TRUE,FALSE,2024,10
1208,-76.3749984558672,3.37499930523336,TRUE,5.43047285079956,NA,NA,971.900207519531,TRUE,FALSE,FALSE,TRUE,FALSE,2024,10
1209,-76.3249984551221,3.37499930523336,TRUE,7.90213298797607,NA,NA,989.5107421875,TRUE,FALSE,FALSE,TRUE,FALSE,2024,10
1210,-76.2749984543771,3.37499930523336,TRUE,9.85642051696777,18.2092838287354,NA,1016.87878417969,TRUE,TRUE,FALSE,TRUE,FALSE,2024,10
1211,-76.224998453632,3.37499930523336,TRUE,10.3558359146118,18.2092838287354,NA,1127.34692382812,TRUE,TRUE,FALSE,TRUE,FALSE,2024,10
1212,-76.1749984528869,3.37499930523336,TRUE,9.98128032684326,NA,NA,1846.11926269531,TRUE,FALSE,FALSE,TRUE,FALSE,2024,10
1213,-76.1249984521419,3.37499930523336,TRUE,9.29485321044922,NA,NA,2826.5029296875,TRUE,FALSE,FALSE,TRUE,FALSE,2024,10
1214,-76.0749984513968,3.37499930523336,TRUE,17.4253749847412,NA,NA,3559.00219726562,TRUE,FALSE,FALSE,TRUE,FALSE,2024,10
1224,-77.4249984715134,3.3249993044883,TRUE,27.3256301879883,NA,NA,17.2762908935547,TRUE,FALSE,FALSE,TRUE,FALSE,2024,10
1225,-77.3749984707683,3.3249993044883,TRUE,0,NA,NA,27.1932239532471,TRUE,FALSE,FALSE,TRUE,FALSE,2024,10
1226,-77.3249984700233,3.3249993044883,TRUE,0,NA,NA,43.1082382202148,TRUE,FALSE,FALSE,TRUE,FALSE,2024,10
1227,-77.2749984692782,3.3249993044883,TRUE,0,NA,NA,90.0765914916992,TRUE,FALSE,FALSE,TRUE,FALSE,2024,10
1228,-77.2249984685332,3.3249993044883,TRUE,0,NA,NA,120.872703552246,TRUE,FALSE,FALSE,TRUE,FALSE,2024,10
1229,-77.1749984677881,3.3249993044883,TRUE,0,NA,NA,102.661003112793,TRUE,FALSE,FALSE,TRUE,FALSE,2024,10
1230,-77.124998467043,3.3249993044883,TRUE,0,NA,NA,142.798477172852,TRUE,FALSE,FALSE,TRUE,FALSE,2024,10
1231,-77.074998466298,3.3249993044883,TRUE,0,NA,NA,380.697998046875,TRUE,FALSE,FALSE,TRUE,FALSE,2024,10
1232,-77.0249984655529,3.3249993044883,TRUE,5.6783618927002,NA,NA,1003.97448730469,TRUE,FALSE,FALSE,TRUE,FALSE,2024,10
1233,-76.9749984648079,3.3249993044883,TRUE,6.73087310791016,NA,NA,1232.02868652344,TRUE,FALSE,FALSE,TRUE,FALSE,2024,10
1234,-76.9249984640628,3.3249993044883,TRUE,0,23.5117130279541,NA,1683.08374023438,TRUE,TRUE,FALSE,TRUE,FALSE,2024,10
1235,-76.8749984633178,3.3249993044883,TRUE,0,23.5117130279541,NA,2133.19482421875,TRUE,TRUE,FALSE,TRUE,FALSE,2024,10
1236,-76.8249984625727,3.3249993044883,TRUE,0,23.5117130279541,NA,2533.68286132812,TRUE,TRUE,FALSE,TRUE,FALSE,2024,10
1237,-76.7749984618276,3.3249993044883,TRUE,0,NA,NA,2925.89526367188,TRUE,FALSE,FALSE,TRUE,FALSE,2024,10
1238,-76.7249984610826,3.3249993044883,TRUE,0,NA,NA,3279.88671875,TRUE,FALSE,FALSE,TRUE,FALSE,2024,10
1239,-76.6749984603375,3.3249993044883,TRUE,0,NA,NA,2755.703125,TRUE,FALSE,FALSE,TRUE,FALSE,2024,10
1240,-76.6249984595925,3.3249993044883,TRUE,0,NA,NA,1824.98937988281,TRUE,FALSE,FALSE,TRUE,FALSE,2024,10
1241,-76.5749984588474,3.3249993044883,TRUE,4.37011289596558,NA,NA,1237.10485839844,TRUE,FALSE,FALSE,TRUE,FALSE,2024,10
1242,-76.5249984581023,3.3249993044883,TRUE,0,NA,14.8371429443359,999.716430664062,TRUE,FALSE,TRUE,TRUE,FALSE,2024,10
1243,-76.4749984573573,3.3249993044883,TRUE,0,NA,14.8371429443359,957.852966308594,TRUE,FALSE,TRUE,TRUE,FALSE,2024,10
1244,-76.4249984566122,3.3249993044883,TRUE,7.53707456588745,NA,NA,960.943176269531,TRUE,FALSE,FALSE,TRUE,FALSE,2024,10
1245,-76.3749984558672,3.3249993044883,TRUE,5.58302164077759,NA,NA,974.757263183594,TRUE,FALSE,FALSE,TRUE,FALSE,2024,10
1246,-76.3249984551221,3.3249993044883,TRUE,13.6021862030029,NA,NA,993.938415527344,TRUE,FALSE,FALSE,TRUE,FALSE,2024,10
1247,-76.2749984543771,3.3249993044883,TRUE,7.80505990982056,18.1164264678955,NA,1018.24938964844,TRUE,TRUE,FALSE,TRUE,FALSE,2024,10
1248,-76.224998453632,3.3249993044883,TRUE,11.9065942764282,18.1164264678955,NA,1118.78332519531,TRUE,TRUE,FALSE,TRUE,FALSE,2024,10
1249,-76.1749984528869,3.3249993044883,TRUE,9.20869827270508,NA,NA,1682.33666992188,TRUE,FALSE,FALSE,TRUE,FALSE,2024,10
1250,-76.1249984521419,3.3249993044883,TRUE,16.9740543365479,NA,NA,2637.75122070312,TRUE,FALSE,FALSE,TRUE,FALSE,2024,10
1251,-76.0749984513968,3.3249993044883,TRUE,14.5642642974854,NA,NA,3589.83447265625,TRUE,FALSE,FALSE,TRUE,FALSE,2024,10
1260,-77.4749984722584,3.27499930374324,TRUE,27.5136032104492,26.3922843933105,18.3157138824463,16.1504573822021,TRUE,TRUE,TRUE,TRUE,TRUE,2024,10
1261,-77.4249984715134,3.27499930374324,TRUE,0,NA,NA,16.776762008667,TRUE,FALSE,FALSE,TRUE,FALSE,2024,10
1262,-77.3749984707683,3.27499930374324,TRUE,0,NA,NA,46.6648941040039,TRUE,FALSE,FALSE,TRUE,FALSE,2024,10
1263,-77.3249984700233,3.27499930374324,TRUE,0,NA,NA,68.4806976318359,TRUE,FALSE,FALSE,TRUE,FALSE,2024,10
1264,-77.2749984692782,3.27499930374324,TRUE,0,NA,NA,78.2776718139648,TRUE,FALSE,FALSE,TRUE,FALSE,2024,10
1265,-77.2249984685332,3.27499930374324,TRUE,0,NA,NA,80.242057800293,TRUE,FALSE,FALSE,TRUE,FALSE,2024,10
1266,-77.1749984677881,3.27499930374324,TRUE,0,NA,NA,100.638824462891,TRUE,FALSE,FALSE,TRUE,FALSE,2024,10
1267,-77.124998467043,3.27499930374324,TRUE,0,NA,NA,160.329238891602,TRUE,FALSE,FALSE,TRUE,FALSE,2024,10
1268,-77.074998466298,3.27499930374324,TRUE,0,NA,NA,376.554351806641,TRUE,FALSE,FALSE,TRUE,FALSE,2024,10
1269,-77.0249984655529,3.27499930374324,TRUE,0,NA,NA,659.058959960938,TRUE,FALSE,FALSE,TRUE,FALSE,2024,10
1270,-76.9749984648079,3.27499930374324,TRUE,0,NA,NA,1228.84057617188,TRUE,FALSE,FALSE,TRUE,FALSE,2024,10
1271,-76.9249984640628,3.27499930374324,TRUE,0,23.3791408538818,NA,1571.60046386719,TRUE,TRUE,FALSE,TRUE,FALSE,2024,10
1272,-76.8749984633178,3.27499930374324,TRUE,0,23.3791408538818,NA,1747.73608398438,TRUE,TRUE,FALSE,TRUE,FALSE,2024,10
1273,-76.8249984625727,3.27499930374324,TRUE,0,23.3791408538818,NA,2112.88305664062,TRUE,TRUE,FALSE,TRUE,FALSE,2024,10
1274,-76.7749984618276,3.27499930374324,TRUE,0,NA,NA,2670.37817382812,TRUE,FALSE,FALSE,TRUE,FALSE,2024,10
1275,-76.7249984610826,3.27499930374324,TRUE,0,NA,NA,2760.34399414062,TRUE,FALSE,FALSE,TRUE,FALSE,2024,10
1276,-76.6749984603375,3.27499930374324,TRUE,3.27089333534241,NA,NA,2289.12963867188,TRUE,FALSE,FALSE,TRUE,FALSE,2024,10
1277,-76.6249984595925,3.27499930374324,TRUE,2.91314363479614,NA,NA,1573.88928222656,TRUE,FALSE,FALSE,TRUE,FALSE,2024,10
1278,-76.5749984588474,3.27499930374324,TRUE,3.95738458633423,NA,NA,1083.57763671875,TRUE,FALSE,FALSE,TRUE,FALSE,2024,10
1279,-76.5249984581023,3.27499930374324,TRUE,3.05970764160156,NA,14.8371429443359,968.276794433594,TRUE,FALSE,TRUE,TRUE,FALSE,2024,10
1280,-76.4749984573573,3.27499930374324,TRUE,0,NA,14.8371429443359,957.891784667969,TRUE,FALSE,TRUE,TRUE,FALSE,2024,10
1285,-76.224998453632,3.27499930374324,TRUE,11.1803293228149,18.0235710144043,NA,1201.0625,TRUE,TRUE,FALSE,TRUE,FALSE,2024,10
1286,-76.1749984528869,3.27499930374324,TRUE,17.8535785675049,NA,NA,1767.70764160156,TRUE,FALSE,FALSE,TRUE,FALSE,2024,10
1287,-76.1249984521419,3.27499930374324,TRUE,15.2270593643188,NA,NA,2786.06616210938,TRUE,FALSE,FALSE,TRUE,FALSE,2024,10
1288,-76.0749984513968,3.27499930374324,TRUE,14.5696630477905,NA,NA,3644.865234375,TRUE,FALSE,FALSE,TRUE,FALSE,2024,10
1296,-77.5249984730035,3.22499930299819,TRUE,0,26.3219985961914,NA,10.0182275772095,TRUE,TRUE,FALSE,TRUE,FALSE,2024,10
1297,-77.4749984722584,3.22499930299819,TRUE,0,26.3219985961914,NA,12.6908264160156,TRUE,TRUE,FALSE,TRUE,FALSE,2024,10
1299,-77.3749984707683,3.22499930299819,TRUE,0,NA,NA,52.8435401916504,TRUE,FALSE,FALSE,TRUE,FALSE,2024,10
1300,-77.3249984700233,3.22499930299819,TRUE,0,NA,NA,94.3567123413086,TRUE,FALSE,FALSE,TRUE,FALSE,2024,10
1301,-77.2749984692782,3.22499930299819,TRUE,0,NA,NA,80.1293792724609,TRUE,FALSE,FALSE,TRUE,FALSE,2024,10
1302,-77.2249984685332,3.22499930299819,TRUE,0,NA,NA,90.8140335083008,TRUE,FALSE,FALSE,TRUE,FALSE,2024,10
1303,-77.1749984677881,3.22499930299819,TRUE,0,NA,NA,127.398765563965,TRUE,FALSE,FALSE,TRUE,FALSE,2024,10
1304,-77.124998467043,3.22499930299819,TRUE,0,NA,NA,179.380813598633,TRUE,FALSE,FALSE,TRUE,FALSE,2024,10
1305,-77.074998466298,3.22499930299819,TRUE,0,NA,NA,523.903686523438,TRUE,FALSE,FALSE,TRUE,FALSE,2024,10
1306,-77.0249984655529,3.22499930299819,TRUE,0,NA,NA,1051.82604980469,TRUE,FALSE,FALSE,TRUE,FALSE,2024,10
1307,-76.9749984648079,3.22499930299819,TRUE,0,NA,NA,1249.63293457031,TRUE,FALSE,FALSE,TRUE,FALSE,2024,10
1308,-76.9249984640628,3.22499930299819,TRUE,0,23.2465686798096,NA,1228.59436035156,TRUE,TRUE,FALSE,TRUE,FALSE,2024,10
1309,-76.8749984633178,3.22499930299819,TRUE,0,23.2465686798096,NA,1254.04504394531,TRUE,TRUE,FALSE,TRUE,FALSE,2024,10
1310,-76.8249984625727,3.22499930299819,TRUE,0,23.2465686798096,NA,1915.40002441406,TRUE,TRUE,FALSE,TRUE,FALSE,2024,10
1311,-76.7749984618276,3.22499930299819,TRUE,0,NA,NA,2425.02880859375,TRUE,FALSE,FALSE,TRUE,FALSE,2024,10
1312,-76.7249984610826,3.22499930299819,TRUE,0,NA,NA,2273.73974609375,TRUE,FALSE,FALSE,TRUE,FALSE,2024,10
1313,-76.6749984603375,3.22499930299819,TRUE,0,NA,NA,1716.0107421875,TRUE,FALSE,FALSE,TRUE,FALSE,2024,10
1314,-76.6249984595925,3.22499930299819,TRUE,7.62614727020264,NA,NA,1270.81750488281,TRUE,FALSE,FALSE,TRUE,FALSE,2024,10
1315,-76.5749984588474,3.22499930299819,TRUE,13.3286924362183,NA,NA,1024.43579101562,TRUE,FALSE,FALSE,TRUE,FALSE,2024,10
1316,-76.5249984581023,3.22499930299819,TRUE,0,NA,NA,969.558715820312,TRUE,FALSE,FALSE,TRUE,FALSE,2024,10
1317,-76.4749984573573,3.22499930299819,TRUE,8.54730415344238,NA,NA,960.66845703125,TRUE,FALSE,FALSE,TRUE,FALSE,2024,10
1324,-76.1249984521419,3.22499930299819,TRUE,15.4739370346069,NA,NA,3007.64990234375,TRUE,FALSE,FALSE,TRUE,FALSE,2024,10
1325,-76.0749984513968,3.22499930299819,TRUE,0,NA,NA,3761.01391601562,TRUE,FALSE,FALSE,TRUE,FALSE,2024,10
1336,-77.3749984707683,3.17499930225313,TRUE,0,NA,NA,45.9602584838867,TRUE,FALSE,FALSE,TRUE,FALSE,2024,10
1337,-77.3249984700233,3.17499930225313,TRUE,26.4323234558105,NA,NA,68.7179946899414,TRUE,FALSE,FALSE,TRUE,FALSE,2024,10
1338,-77.2749984692782,3.17499930225313,TRUE,25.6701374053955,NA,NA,83.2518539428711,TRUE,FALSE,FALSE,TRUE,FALSE,2024,10
1339,-77.2249984685332,3.17499930225313,TRUE,25.0720615386963,NA,NA,114.255386352539,TRUE,FALSE,FALSE,TRUE,FALSE,2024,10
1340,-77.1749984677881,3.17499930225313,TRUE,21.7575225830078,NA,NA,140.60969543457,TRUE,FALSE,FALSE,TRUE,FALSE,2024,10
1341,-77.124998467043,3.17499930225313,TRUE,0,NA,NA,191.504211425781,TRUE,FALSE,FALSE,TRUE,FALSE,2024,10
1343,-77.0249984655529,3.17499930225313,TRUE,0,NA,NA,789.271606445312,TRUE,FALSE,FALSE,TRUE,FALSE,2024,10
1344,-76.9749984648079,3.17499930225313,TRUE,0,NA,NA,951.094604492188,TRUE,FALSE,FALSE,TRUE,FALSE,2024,10
1345,-76.9249984640628,3.17499930225313,TRUE,0,23.1139984130859,NA,844.435180664062,TRUE,TRUE,FALSE,TRUE,FALSE,2024,10
1346,-76.8749984633178,3.17499930225313,TRUE,0,23.1139984130859,NA,1258.95385742188,TRUE,TRUE,FALSE,TRUE,FALSE,2024,10
1347,-76.8249984625727,3.17499930225313,TRUE,0,23.1139984130859,NA,1872.87890625,TRUE,TRUE,FALSE,TRUE,FALSE,2024,10
1348,-76.7749984618276,3.17499930225313,TRUE,0,NA,NA,2201.90576171875,TRUE,FALSE,FALSE,TRUE,FALSE,2024,10
1349,-76.7249984610826,3.17499930225313,TRUE,5.27676582336426,NA,NA,1801.310546875,TRUE,FALSE,FALSE,TRUE,FALSE,2024,10
1350,-76.6749984603375,3.17499930225313,TRUE,6.97474765777588,NA,NA,1414.98168945312,TRUE,FALSE,FALSE,TRUE,FALSE,2024,10
1351,-76.6249984595925,3.17499930225313,TRUE,7.63696718215942,NA,NA,1203.83752441406,TRUE,FALSE,FALSE,TRUE,FALSE,2024,10
1352,-76.5749984588474,3.17499930225313,TRUE,8.07871913909912,NA,NA,1018.42047119141,TRUE,FALSE,FALSE,TRUE,FALSE,2024,10
1353,-76.5249984581023,3.17499930225313,TRUE,15.6091270446777,NA,NA,970.681884765625,TRUE,FALSE,FALSE,TRUE,FALSE,2024,10
1376,-77.2249984685332,3.12499930150807,TRUE,41.8698463439941,NA,NA,103.631950378418,TRUE,FALSE,FALSE,TRUE,FALSE,2024,10
1381,-76.9749984648079,3.12499930150807,TRUE,0,NA,NA,606.530883789062,TRUE,FALSE,FALSE,TRUE,FALSE,2024,10
1382,-76.9249984640628,3.12499930150807,TRUE,0,22.9814262390137,NA,615.463073730469,TRUE,TRUE,FALSE,TRUE,FALSE,2024,10
1383,-76.8749984633178,3.12499930150807,TRUE,0,22.9814262390137,NA,1090.28063964844,TRUE,TRUE,FALSE,TRUE,FALSE,2024,10
1384,-76.8249984625727,3.12499930150807,TRUE,0,22.9814262390137,NA,1833.25561523438,TRUE,TRUE,FALSE,TRUE,FALSE,2024,10
1385,-76.7749984618276,3.12499930150807,TRUE,0,NA,NA,1989.61437988281,TRUE,FALSE,FALSE,TRUE,FALSE,2024,10
1386,-76.7249984610826,3.12499930150807,TRUE,5.44924688339233,NA,NA,1441.38708496094,TRUE,FALSE,FALSE,TRUE,FALSE,2024,10
1387,-76.6749984603375,3.12499930150807,TRUE,7.16822481155396,NA,NA,1266.634765625,TRUE,FALSE,FALSE,TRUE,FALSE,2024,10
1388,-76.6249984595925,3.12499930150807,TRUE,7.79546117782593,NA,NA,1079.39135742188,TRUE,FALSE,FALSE,TRUE,FALSE,2024,10
1390,-76.5249984581023,3.12499930150807,TRUE,18.9589900970459,NA,NA,973.311462402344,TRUE,FALSE,FALSE,TRUE,FALSE,2024,10
1420,-76.8749984633178,3.07499930076301,TRUE,0,22.84885597229,NA,1218.8056640625,TRUE,TRUE,FALSE,TRUE,FALSE,2024,10
