"anio","semana","escala","modelo","formula","vif_max","colineal","n","MAE","RMSE","sesgo","R2","estado_candidato"
2014,38,"raiz","Mxy_R",".respuesta ~ x_km + y_km + radiacion_bilineal_mj_m2_dia",1.83674832011893,FALSE,686,10.0128961162449,13.2166081840955,-1.46944433249762,0.711481258636295,"VALIDO"
2014,38,"raiz","Mxy_RA",".respuesta ~ x_km + y_km + radiacion_bilineal_mj_m2_dia + altitud_m",3.10416170230056,FALSE,686,10.0510561054596,13.2245377349233,-1.46393394822335,0.711134950369621,"VALIDO"
2014,38,"log1p","Mxy_R",".respuesta ~ x_km + y_km + radiacion_bilineal_mj_m2_dia",1.83674832011893,FALSE,686,10.2993639896203,13.4708432391401,-3.46204713852275,0.700274589936874,"VALIDO"
2014,38,"log1p","Mxy_RA",".respuesta ~ x_km + y_km + radiacion_bilineal_mj_m2_dia + altitud_m",3.10416170230056,FALSE,686,10.3664535536548,13.4773241280747,-3.42093878626514,0.699986121824068,"VALIDO"
2014,38,"original","Mxy_RA",".respuesta ~ x_km + y_km + radiacion_bilineal_mj_m2_dia + altitud_m",3.10416170230056,FALSE,686,10.503154721553,13.8615512061189,-0.0185501446799858,0.682635996696555,"VALIDO"
2014,38,"original","Mxy_R",".respuesta ~ x_km + y_km + radiacion_bilineal_mj_m2_dia",1.83674832011893,FALSE,686,10.4305704492614,13.8821394467837,-0.0149651157181991,0.681692549782772,"VALIDO"
2014,38,"raiz","MTRA",".respuesta ~ temperatura_bilineal_c + radiacion_bilineal_mj_m2_dia +      altitud_m",1.97927732051333,FALSE,686,12.7264213493599,16.5766106629814,-1.98941248194876,0.54613627516123,"VALIDO"
2014,38,"raiz","MTR",".respuesta ~ temperatura_bilineal_c + radiacion_bilineal_mj_m2_dia",1.09905735088452,FALSE,686,12.7586074108577,16.7317841116979,-2.01731943410713,0.537599278447542,"VALIDO"
2014,38,"original","MTRA",".respuesta ~ temperatura_bilineal_c + radiacion_bilineal_mj_m2_dia +      altitud_m",1.97927732051333,FALSE,686,13.0609498558409,16.8687884637399,-0.0191327884321654,0.529995752371405,"VALIDO"
2014,38,"log1p","MTRA",".respuesta ~ temperatura_bilineal_c + radiacion_bilineal_mj_m2_dia +      altitud_m",1.97927732051333,FALSE,686,12.8681655239433,16.9979608712167,-4.64807956811836,0.522770096637797,"VALIDO"
2014,38,"original","MTR",".respuesta ~ temperatura_bilineal_c + radiacion_bilineal_mj_m2_dia",1.09905735088452,FALSE,686,13.0304828414648,17.0393167744353,-0.0160365716992327,0.520445078602469,"VALIDO"
2014,38,"log1p","MTR",".respuesta ~ temperatura_bilineal_c + radiacion_bilineal_mj_m2_dia",1.09905735088452,FALSE,686,13.0257588058051,17.1879176534283,-4.74502871910101,0.512044152079112,"VALIDO"
2014,38,"raiz","MTA",".respuesta ~ temperatura_bilineal_c + altitud_m",1.8501178892635,FALSE,686,13.6901131864547,17.747340875911,-2.22050177807717,0.479763786046173,"VALIDO"
2014,38,"raiz","MT",".respuesta ~ temperatura_bilineal_c",1,FALSE,686,13.8570100159993,17.9115621577076,-2.23992043389369,0.470091449147944,"VALIDO"
2014,38,"raiz","Mxy_alt",".respuesta ~ x_km + y_km + altitud_m",3.06984852824171,FALSE,686,14.3540539002989,18.2290323422815,-2.30913154664437,0.451140444624313,"VALIDO"
2014,38,"log1p","MTA",".respuesta ~ temperatura_bilineal_c + altitud_m",1.8501178892635,FALSE,686,14.0010370462251,18.2434924648355,-5.19976559718217,0.450269337028614,"VALIDO"
2014,38,"original","MTA",".respuesta ~ temperatura_bilineal_c + altitud_m",1.8501178892635,FALSE,686,14.1852160540861,18.2602384796434,-0.0217031860304672,0.449259659422186,"VALIDO"
2014,38,"raiz","Mxy",".respuesta ~ x_km + y_km",1.3544415662,FALSE,686,14.510178908277,18.3468580140058,-2.32303666839652,0.444022266857716,"VALIDO"
2014,38,"original","MT",".respuesta ~ temperatura_bilineal_c",1,FALSE,686,14.2561553298212,18.3698147281795,-0.0166223732131383,0.442630049499824,"VALIDO"
2014,38,"log1p","MT",".respuesta ~ temperatura_bilineal_c",1,FALSE,686,14.2011285367221,18.4653235458433,-5.25825906679218,0.436819198067968,"VALIDO"
2014,38,"raiz","MRA",".respuesta ~ radiacion_bilineal_mj_m2_dia + altitud_m",1.02970804850886,FALSE,686,13.9092061080524,18.512244685432,-2.27835205535331,0.433953430938099,"VALIDO"
2014,38,"original","Mxy_alt",".respuesta ~ x_km + y_km + altitud_m",3.06984852824171,FALSE,686,14.9288736952542,18.7903523375416,-0.0229795672011496,0.416818356092441,"VALIDO"
2014,38,"original","Mxy",".respuesta ~ x_km + y_km",1.3544415662,FALSE,686,15.0170964992826,18.8197726636386,-0.0195886979686765,0.414990734596154,"VALIDO"
2014,38,"original","MRA",".respuesta ~ radiacion_bilineal_mj_m2_dia + altitud_m",1.02970804850886,FALSE,686,14.6016950373599,18.8734086555913,-0.0261475155182796,0.411651452499094,"VALIDO"
2014,38,"log1p","MRA",".respuesta ~ radiacion_bilineal_mj_m2_dia + altitud_m",1.02970804850886,FALSE,686,13.9842986959355,18.950009548773,-5.15360845093319,0.406865938326129,"VALIDO"
2014,38,"log1p","Mxy_alt",".respuesta ~ x_km + y_km + altitud_m",3.06984852824171,FALSE,686,14.6985153467935,18.9555569917098,-5.34217998900084,0.406518618292695,"VALIDO"
2014,38,"log1p","Mxy",".respuesta ~ x_km + y_km",1.3544415662,FALSE,686,14.8687652126886,19.1298575849092,-5.37087034123745,0.395554049641026,"VALIDO"
2014,38,"raiz","Malt",".respuesta ~ altitud_m",1,FALSE,686,16.2259428181968,20.796433127621,-2.6833655505769,0.285648918867273,"VALIDO"
2014,38,"original","Malt",".respuesta ~ altitud_m",1,FALSE,686,16.8632815902004,21.119226205037,-0.0269494270484142,0.263301132410106,"VALIDO"
2014,38,"log1p","Malt",".respuesta ~ altitud_m",1,FALSE,686,16.269948798924,21.4337946024946,-5.9490358145401,0.241191603752908,"VALIDO"
2014,38,"raiz","MR",".respuesta ~ radiacion_bilineal_mj_m2_dia",1,FALSE,686,16.4427987035761,21.7919358196727,-2.77231928223025,0.215621608673887,"VALIDO"
2014,38,"original","MR",".respuesta ~ radiacion_bilineal_mj_m2_dia",1,FALSE,686,16.8837047744187,21.8186026431032,-0.013030140695074,0.21370074416276,"VALIDO"
2014,38,"log1p","MR",".respuesta ~ radiacion_bilineal_mj_m2_dia",1,FALSE,686,16.5712402511765,22.4224127558602,-6.0201126287007,0.169578309662259,"VALIDO"
2014,38,"original","M0",".respuesta ~ 1",NA,FALSE,686,18.7062454261544,24.6414661769107,-1.04689550274631e-15,-0.00292183920294087,"VALIDO"
2014,38,"raiz","M0",".respuesta ~ 1",NA,FALSE,686,18.1422391459574,24.86715467352,-3.35276307507826,-0.021377272692072,"VALIDO"
2014,38,"log1p","M0",".respuesta ~ 1",NA,FALSE,686,18.0558188222972,25.6012076294739,-6.95178032753999,-0.0825672937286022,"VALIDO"
2014,38,"raiz","Mxy_TR",".respuesta ~ x_km + y_km + temperatura_bilineal_c + radiacion_bilineal_mj_m2_dia",42.5892744867234,TRUE,686,9.9858068575968,13.1956574216299,-1.44835297282465,0.712395244518376,"EXCLUIDO: VIF > 10"
2014,38,"raiz","Mxy_TRA",".respuesta ~ x_km + y_km + temperatura_bilineal_c + radiacion_bilineal_mj_m2_dia +      altitud_m",69.7008989928761,TRUE,686,10.050603890385,13.267263812395,-1.41809598582214,0.709265394211172,"EXCLUIDO: VIF > 10"
2014,38,"log1p","Mxy_TR",".respuesta ~ x_km + y_km + temperatura_bilineal_c + radiacion_bilineal_mj_m2_dia",42.5892744867234,TRUE,686,10.2310397160334,13.4679296322923,-3.48070363111263,0.700404231051491,"EXCLUIDO: VIF > 10"
2014,38,"original","Mxy_TRA",".respuesta ~ x_km + y_km + temperatura_bilineal_c + radiacion_bilineal_mj_m2_dia +      altitud_m",69.7008989928761,TRUE,686,10.4910413167718,13.8015550446782,-0.0215849161176464,0.685377308325553,"EXCLUIDO: VIF > 10"
2014,38,"log1p","Mxy_TRA",".respuesta ~ x_km + y_km + temperatura_bilineal_c + radiacion_bilineal_mj_m2_dia +      altitud_m",69.7008989928761,TRUE,686,10.3152041685828,13.8500447584985,-3.3330984870333,0.683162664538888,"EXCLUIDO: VIF > 10"
2014,38,"original","Mxy_TR",".respuesta ~ x_km + y_km + temperatura_bilineal_c + radiacion_bilineal_mj_m2_dia",42.5892744867234,TRUE,686,10.4272034814134,13.8746542697178,-0.0158290787580687,0.682035716669405,"EXCLUIDO: VIF > 10"
2014,38,"raiz","Mxy_TA",".respuesta ~ x_km + y_km + temperatura_bilineal_c + altitud_m",55.3965067311358,TRUE,686,12.8428687717753,17.0971148555961,-1.90473039048463,0.517186219828623,"EXCLUIDO: VIF > 10"
2014,38,"original","Mxy_TA",".respuesta ~ x_km + y_km + temperatura_bilineal_c + altitud_m",55.3965067311358,TRUE,686,13.3853679191632,17.2825102279343,-0.0310861761942339,0.506658507134776,"EXCLUIDO: VIF > 10"
2014,38,"raiz","Mxy_T",".respuesta ~ x_km + y_km + temperatura_bilineal_c",36.4350378775281,TRUE,686,13.4900854175511,17.4434155737163,-2.05644401642901,0.49742942939005,"EXCLUIDO: VIF > 10"
2014,38,"original","Mxy_T",".respuesta ~ x_km + y_km + temperatura_bilineal_c",36.4350378775281,TRUE,686,14.040580878582,17.8429056975606,-0.026871626470872,0.474146027759825,"EXCLUIDO: VIF > 10"
2014,38,"log1p","Mxy_TA",".respuesta ~ x_km + y_km + temperatura_bilineal_c + altitud_m",55.3965067311358,TRUE,686,13.2142630646494,18.1205945472114,-4.27439218248977,0.457650948985495,"EXCLUIDO: VIF > 10"
2014,38,"log1p","Mxy_T",".respuesta ~ x_km + y_km + temperatura_bilineal_c",36.4350378775281,TRUE,686,13.7654760692158,18.2578703290471,-4.80441767787779,0.449402499998438,"EXCLUIDO: VIF > 10"
